product_id,product_name,product_category,unit_price,current_stock_level
P00001,Decision Lite,Grocery,4008.43,238
P00002,Explain Pro,Grocery,3657.17,310
P00003,Commercial Pro,Sports,2407.23,322
P00004,Final Plus,Books,4012.04,35
P00005,Use Plus,Sports,3252.17,155
P00006,Fact Pro,Books,3276.8,32
P00007,Threat Max,Automotive,264.48,2
P00008,Too Max,Beauty,2216.67,442
P00009,Charge Plus,Grocery,2522.51,39
P00010,His Max,Beauty,4599.91,451
P00011,Treat Edition,Books,3970.74,129
P00012,Read Edition,Electronics,1848.91,193
P00013,Peace Plus,Apparel,2868.61,379
P00014,Strategy Lite,Apparel,3410.86,51
P00015,Ok Plus,Automotive,213.73,419
P00016,Morning Pro,Books,4456.78,432
P00017,Leave Lite,Books,1465.1,287
P00018,Catch Pro,Sports,3324.36,150
P00019,Institution Edition,Grocery,2379.37,34
P00020,One Lite,Apparel,693.68,187
P00021,Fact Edition,Electronics,113.38,271
P00022,Inside Max,Beauty,171.48,470
P00023,Wide Max,Automotive,1159.41,453
P00024,Company Lite,Electronics,1349.94,258
P00025,Once Max,Beauty,1683.03,129
P00026,According Max,Books,125.01,139
P00027,Whole Edition,Beauty,3861.78,241
P00028,Woman Pro,Grocery,228.63,112
P00029,Method Lite,Automotive,1918.72,114
P00030,Low Pro,Apparel,4210.91,380
P00031,Chance Edition,Books,780.57,63
P00032,Few Lite,Sports,3094.33,471
P00033,Only Lite,Home & Kitchen,1650.4,493
P00034,Administration Plus,Sports,2796.16,432
P00035,Term Lite,Grocery,1571.04,233
P00036,Must Edition,Grocery,3746.29,122
P00037,Itself Lite,Beauty,1750.94,408
P00038,Account Plus,Electronics,1238.11,43
P00039,Little Lite,Automotive,2950.45,188
P00040,How Pro,Books,1313.33,322
P00041,Mean Pro,Apparel,4815.07,432
P00042,Heart Pro,Home & Kitchen,4014.94,0
P00043,Practice Edition,Beauty,3022.94,464
P00044,Left Plus,Home & Kitchen,1947.64,248
P00045,Yard Pro,Home & Kitchen,627.52,369
P00046,Whether Edition,Automotive,3387.49,419
P00047,Magazine Plus,Sports,2950.59,399
P00048,Relationship Max,Automotive,4209.52,336
P00049,Heavy Edition,Books,527.47,395
P00050,Glass Plus,Electronics,4907.63,188
P00051,Think Max,Beauty,4141.44,60
P00052,Care Lite,Beauty,3791.98,144
P00053,Specific Lite,Grocery,1520.73,192
P00054,Surface Pro,Home & Kitchen,378.08,456
P00055,Win Plus,Electronics,3790.1,84
P00056,Develop Lite,Automotive,2508.95,83
P00057,Already Max,Electronics,3273.81,186
P00058,Anything Plus,Sports,4501.56,318
P00059,Eight Max,Apparel,4133.02,436
P00060,Face Lite,Electronics,1090.5,13
P00061,Interesting Max,Sports,4078.64,294
P00062,Others Plus,Apparel,824.72,135
P00063,It Lite,Electronics,779.12,311
P00064,Land Edition,Grocery,4470.51,10
P00065,Father Max,Electronics,4493.01,211
P00066,Box Lite,Apparel,2086.82,185
P00067,Responsibility Pro,Home & Kitchen,4820.98,135
P00068,Section Edition,Books,2280.24,346
P00069,Try Pro,Grocery,392.81,343
P00070,Control Edition,Electronics,4311.89,3
P00071,Leg Plus,Home & Kitchen,1287.71,302
P00072,North Edition,Electronics,2212.67,203
P00073,Computer Plus,Grocery,1567.97,100
P00074,Concern Edition,Apparel,1645.94,238
P00075,Consumer Pro,Apparel,239.1,417
P00076,Environment Edition,Home & Kitchen,1424.71,485
P00077,Future Edition,Books,4046.19,283
P00078,Clear Edition,Automotive,2588.87,490
P00079,Yard Max,Electronics,538.22,44
P00080,Election Pro,Grocery,3676.83,145
P00081,Toward Edition,Sports,1481.89,6
P00082,Brother Max,Books,3556.29,20
P00083,Institution Lite,Beauty,931.05,388
P00084,Answer Max,Sports,3995.31,308
P00085,Answer Plus,Sports,3930.91,376
P00086,Strong Lite,Home & Kitchen,3851.15,239
P00087,Task Edition,Automotive,2474.07,14
P00088,State Pro,Books,838.3,467
P00089,Nation Plus,Books,3973.84,220
P00090,Stage Edition,Beauty,3922.71,375
P00091,Great Pro,Apparel,2593.68,458
P00092,Current Pro,Apparel,2434.3,456
P00093,Many Edition,Automotive,1764.8,487
P00094,Admit Plus,Electronics,4008.59,100
P00095,Human Lite,Beauty,1184.76,96
P00096,Always Edition,Electronics,4767.02,446
P00097,Agreement Pro,Apparel,4092.08,44
P00098,Up Max,Home & Kitchen,3514.17,42
P00099,Provide Plus,Electronics,418.42,349
P00100,Since Lite,Automotive,4136.26,0
P00101,Purpose Lite,Grocery,4272.58,90
P00102,Would Edition,Beauty,4339.51,234
P00103,Cultural Max,Sports,776.75,326
P00104,Kid Plus,Home & Kitchen,3146.5,293
P00105,Recognize Edition,Automotive,363.89,316
P00106,Sense Lite,Beauty,4051.32,76
P00107,Figure Plus,Grocery,443.64,400
P00108,Gas Edition,Beauty,4979.53,329
P00109,Cause Plus,Electronics,4429.98,72
P00110,Hotel Edition,Electronics,1899.5,165
P00111,Share Max,Home & Kitchen,843.49,349
P00112,Build Pro,Automotive,1510.12,391
P00113,Deal Lite,Automotive,4848.95,51
P00114,Talk Edition,Sports,590.76,173
P00115,Season Plus,Beauty,2523.7,157
P00116,Make Plus,Beauty,333.88,350
P00117,Around Lite,Automotive,1562.35,406
P00118,Organization Pro,Automotive,4401.38,2
P00119,Glass Edition,Grocery,4823.71,326
P00120,Base Pro,Apparel,4061.05,325
P00121,Rather Lite,Apparel,4939.34,102
P00122,Relationship Edition,Books,3005.45,43
P00123,Computer Plus,Home & Kitchen,4778.44,2
P00124,Kitchen Max,Beauty,1518.33,110
P00125,Weight Edition,Grocery,1740.22,58
P00126,Adult Pro,Apparel,2798.02,433
P00127,Production Plus,Sports,4292.17,27
P00128,Store Lite,Home & Kitchen,4645.86,248
P00129,Continue Edition,Books,3149.23,250
P00130,Peace Plus,Grocery,4688.57,438
P00131,Senior Max,Beauty,1557.06,419
P00132,It Edition,Apparel,3593.74,404
P00133,Claim Max,Sports,1994.67,209
P00134,Left Edition,Apparel,1257.03,437
P00135,Student Pro,Automotive,3727.28,416
P00136,Onto Plus,Automotive,856.23,235
P00137,Price Lite,Home & Kitchen,3829.66,239
P00138,Along Plus,Sports,324.01,56
P00139,Create Edition,Home & Kitchen,1329.2,418
P00140,Herself Max,Electronics,1509.99,212
P00141,Five Lite,Electronics,1191.93,22
P00142,Range Edition,Grocery,920.33,286
P00143,Level Lite,Apparel,3196.48,280
P00144,To Plus,Electronics,1646.54,165
P00145,Per Plus,Sports,872.95,240
P00146,Out Pro,Grocery,4469.65,216
P00147,Sure Max,Grocery,143.42,166
P00148,Address Edition,Electronics,3537.01,27
P00149,Investment Pro,Grocery,2519.57,274
P00150,Leader Pro,Apparel,4109.54,463
P00151,Society Pro,Electronics,703.06,278
P00152,Around Plus,Books,3112.54,89
P00153,Card Edition,Beauty,2097.04,328
P00154,Central Lite,Automotive,2282.05,8
P00155,Pressure Lite,Beauty,2812.14,287
P00156,Base Plus,Automotive,4303.86,249
P00157,Walk Max,Home & Kitchen,3182.01,479
P00158,Game Lite,Automotive,936.95,17
P00159,Similar Max,Books,264.88,174
P00160,Mr Plus,Home & Kitchen,3766.54,348
P00161,Reflect Lite,Grocery,4336.7,271
P00162,Table Pro,Electronics,4688.66,105
P00163,Woman Pro,Electronics,653.32,306
P00164,Personal Max,Apparel,548.52,117
P00165,Better Lite,Automotive,305.04,455
P00166,Improve Max,Automotive,3581.72,216
P00167,Suggest Lite,Electronics,4109.44,376
P00168,Public Max,Apparel,1053.64,170
P00169,School Plus,Beauty,4416.9,478
P00170,We Pro,Electronics,2420.66,123
P00171,Card Edition,Apparel,611.25,320
P00172,Hand Pro,Books,1229.44,285
P00173,While Lite,Automotive,4303.77,145
P00174,Cup Max,Sports,1491.47,390
P00175,Option Plus,Electronics,3651.12,499
P00176,At Plus,Beauty,3578.87,208
P00177,Food Lite,Books,112.55,160
P00178,This Plus,Electronics,2529.58,209
P00179,Staff Max,Sports,4315.58,446
P00180,Term Max,Electronics,4629.45,33
P00181,Leave Edition,Sports,3874.2,404
P00182,Develop Lite,Home & Kitchen,3359.66,54
P00183,Blue Pro,Electronics,2462.84,468
P00184,Do Lite,Grocery,1187.75,345
P00185,Shoulder Max,Grocery,4660.97,400
P00186,Talk Plus,Home & Kitchen,2023.42,410
P00187,Black Max,Electronics,2924.36,335
P00188,Less Max,Grocery,2967.63,277
P00189,Catch Edition,Home & Kitchen,4097.55,312
P00190,Approach Plus,Apparel,3507.53,353
P00191,Security Lite,Home & Kitchen,631.91,124
P00192,Decade Max,Electronics,2349.58,392
P00193,Someone Lite,Books,3324.44,354
P00194,Authority Plus,Electronics,3587.44,376
P00195,Add Pro,Beauty,2068.15,58
P00196,Alone Pro,Books,839.09,135
P00197,Also Pro,Beauty,346.61,500
P00198,Hour Pro,Automotive,2041.22,248
P00199,Cell Plus,Beauty,3556.7,348
P00200,Yet Plus,Automotive,784.55,152
P00201,Act Plus,Grocery,277.54,414
P00202,Run Edition,Automotive,1082.85,461
P00203,Student Max,Electronics,1598.89,482
P00204,Give Max,Books,4399.04,28
P00205,Half Edition,Electronics,373.79,317
P00206,Relate Pro,Books,4110.44,468
P00207,Help Max,Grocery,939.58,473
P00208,Suffer Pro,Grocery,3675.18,371
P00209,In Edition,Books,2152.95,380
P00210,Fear Plus,Books,1261.52,487
P00211,View Max,Apparel,4785.91,30
P00212,Interesting Max,Automotive,1112.07,0
P00213,Nature Plus,Books,4593.82,430
P00214,Health Edition,Grocery,654.58,229
P00215,Game Edition,Apparel,4181.88,148
P00216,Fight Edition,Electronics,2106.19,476
P00217,Our Max,Electronics,1631.72,256
P00218,Make Lite,Grocery,3995.72,417
P00219,Food Max,Apparel,3833.43,442
P00220,Institution Max,Sports,2354.77,457
P00221,Never Lite,Electronics,4559.55,20
P00222,Decide Edition,Books,2331.23,406
P00223,Thank Lite,Home & Kitchen,244.07,305
P00224,Agent Max,Apparel,1149.31,397
P00225,Approach Pro,Books,690.41,186
P00226,Safe Plus,Grocery,3539.39,33
P00227,Follow Max,Electronics,1087.51,197
P00228,Wrong Plus,Electronics,3300.51,433
P00229,Land Lite,Automotive,3367.31,357
P00230,Cultural Pro,Apparel,332.41,371
P00231,Participant Lite,Home & Kitchen,3255.75,220
P00232,Art Pro,Books,4075.87,33
P00233,Drug Pro,Beauty,1550.59,211
P00234,Hold Plus,Electronics,4991.28,311
P00235,Husband Edition,Books,1626.53,241
P00236,Weight Edition,Apparel,2323.86,450
P00237,Week Pro,Apparel,4601.37,17
P00238,Generation Pro,Beauty,2430.33,358
P00239,Call Pro,Beauty,534.21,406
P00240,Approach Pro,Grocery,468.0,228
P00241,Claim Pro,Home & Kitchen,986.87,462
P00242,Gun Max,Books,2089.09,81
P00243,Control Plus,Apparel,2490.95,166
P00244,Phone Pro,Books,3880.64,323
P00245,Various Pro,Books,2165.24,496
P00246,Low Pro,Home & Kitchen,4604.61,279
P00247,Forget Edition,Beauty,2289.53,404
P00248,Itself Lite,Grocery,1755.88,397
P00249,Seek Lite,Home & Kitchen,827.71,316
P00250,Choice Plus,Sports,561.76,375
P00251,Although Plus,Home & Kitchen,4171.84,215
P00252,State Plus,Grocery,1076.8,279
P00253,Or Lite,Beauty,3444.38,324
P00254,Traditional Max,Beauty,2511.89,486
P00255,Watch Edition,Electronics,1633.4,487
P00256,Way Edition,Apparel,4440.92,187
P00257,Radio Pro,Apparel,1531.4,192
P00258,Protect Edition,Apparel,2271.21,99
P00259,Across Plus,Sports,1398.05,287
P00260,Paper Pro,Home & Kitchen,4828.03,311
P00261,Difficult Pro,Sports,458.1,347
P00262,Section Lite,Apparel,4614.54,349
P00263,Left Max,Electronics,1690.88,45
P00264,Me Max,Sports,449.45,204
P00265,Approach Plus,Books,2654.89,72
P00266,Join Pro,Books,1502.28,498
P00267,Look Pro,Grocery,2953.95,61
P00268,Best Pro,Electronics,1010.36,220
P00269,Maybe Edition,Home & Kitchen,2220.36,87
P00270,Generation Edition,Sports,2686.73,124
P00271,Service Pro,Grocery,3731.33,277
P00272,It Edition,Home & Kitchen,4169.27,261
P00273,Face Lite,Electronics,3920.56,488
P00274,Pm Pro,Books,1433.23,400
P00275,Stock Edition,Home & Kitchen,3715.44,215
P00276,Bring Max,Automotive,3815.7,127
P00277,Evening Edition,Grocery,2852.47,333
P00278,Discover Pro,Sports,3387.85,166
P00279,Hot Pro,Electronics,993.28,195
P00280,Everybody Pro,Sports,2013.42,132
P00281,Practice Pro,Sports,1145.89,500
P00282,Yes Max,Apparel,2533.13,152
P00283,Near Edition,Apparel,1735.0,153
P00284,Analysis Pro,Grocery,3686.93,464
P00285,Message Pro,Books,1713.69,416
P00286,Also Lite,Grocery,2088.92,198
P00287,Result Pro,Books,4079.77,444
P00288,Claim Plus,Home & Kitchen,314.38,339
P00289,Respond Lite,Sports,4106.19,342
P00290,Week Pro,Automotive,93.04,469
P00291,Nothing Pro,Automotive,2475.73,339
P00292,Run Pro,Electronics,2244.06,32
P00293,Field Pro,Grocery,3392.37,101
P00294,Site Max,Grocery,1938.23,302
P00295,Owner Lite,Electronics,4932.77,276
P00296,Other Edition,Beauty,2518.65,112
P00297,Southern Plus,Books,634.97,469
P00298,Society Edition,Apparel,4576.66,69
P00299,Technology Plus,Electronics,3485.71,95
P00300,Page Lite,Beauty,4419.28,233
P00301,White Pro,Apparel,1825.26,399
P00302,Certainly Pro,Electronics,1799.17,70
P00303,Thank Pro,Apparel,4393.39,490
P00304,Reveal Pro,Apparel,1181.8,372
P00305,Close Edition,Books,1813.36,493
P00306,May Pro,Electronics,2342.22,405
P00307,Suddenly Lite,Apparel,4901.53,312
P00308,Save Edition,Books,4739.29,358
P00309,However Edition,Automotive,4757.05,11
P00310,Military Edition,Books,4902.49,429
P00311,Cut Edition,Automotive,2423.4,222
P00312,Appear Edition,Grocery,1598.19,98
P00313,Loss Lite,Grocery,135.39,41
P00314,Sense Plus,Grocery,2591.11,399
P00315,Everybody Plus,Electronics,1652.91,365
P00316,Technology Pro,Sports,648.12,439
P00317,Order Plus,Home & Kitchen,4260.25,409
P00318,Hold Max,Electronics,4237.64,277
P00319,Stay Edition,Sports,1789.53,335
P00320,Probably Max,Electronics,2752.51,17
P00321,Civil Edition,Automotive,553.8,458
P00322,Debate Plus,Automotive,4382.12,187
P00323,Response Max,Apparel,3873.74,461
P00324,Tough Pro,Sports,2096.05,70
P00325,Foot Max,Electronics,408.01,437
P00326,Author Lite,Beauty,1960.68,292
P00327,She Edition,Beauty,77.02,434
P00328,Cup Max,Beauty,1316.71,89
P00329,Turn Pro,Electronics,4487.13,278
P00330,Represent Max,Apparel,1201.81,395
P00331,Meet Pro,Grocery,4465.76,33
P00332,Score Pro,Apparel,361.42,122
P00333,Rather Plus,Apparel,1876.04,194
P00334,Wall Edition,Automotive,2418.86,62
P00335,Look Plus,Electronics,4719.38,62
P00336,Inside Edition,Electronics,1136.14,418
P00337,Floor Edition,Sports,3464.62,465
P00338,From Lite,Automotive,3303.74,214
P00339,Name Edition,Automotive,3743.68,77
P00340,Family Plus,Electronics,3726.09,426
P00341,Year Plus,Sports,4725.69,115
P00342,Water Plus,Grocery,1879.09,326
P00343,When Max,Home & Kitchen,3416.37,212
P00344,Culture Lite,Apparel,365.55,114
P00345,Else Lite,Electronics,666.86,461
P00346,Firm Plus,Apparel,4900.35,366
P00347,Heart Pro,Beauty,4577.44,140
P00348,Check Plus,Beauty,3102.85,262
P00349,Enjoy Edition,Apparel,1672.38,378
P00350,Agency Max,Grocery,3276.5,11
P00351,Throughout Edition,Beauty,1830.3,259
P00352,American Pro,Books,4982.5,305
P00353,Share Lite,Beauty,68.71,133
P00354,Effect Plus,Beauty,4221.0,236
P00355,Choose Edition,Electronics,2682.51,81
P00356,Head Pro,Electronics,4701.77,320
P00357,Cause Plus,Electronics,3663.21,101
P00358,Much Max,Automotive,2843.19,16
P00359,Our Plus,Grocery,1688.92,107
P00360,Buy Plus,Apparel,4493.83,368
P00361,My Lite,Automotive,3749.64,60
P00362,Worker Pro,Automotive,4317.68,372
P00363,Yard Max,Electronics,394.17,74
P00364,Thing Pro,Automotive,3116.22,165
P00365,Lead Edition,Sports,1854.26,414
P00366,Will Edition,Grocery,3798.69,240
P00367,Order Pro,Books,3551.96,468
P00368,Cell Max,Electronics,3823.16,464
P00369,Wrong Max,Apparel,1038.2,330
P00370,Side Lite,Electronics,1635.15,317
P00371,Suddenly Pro,Books,4432.23,333
P00372,Manage Edition,Apparel,4423.96,345
P00373,Develop Max,Home & Kitchen,3858.46,362
P00374,Blue Max,Apparel,2710.36,238
P00375,Data Lite,Books,4603.66,259
P00376,Rule Plus,Grocery,3563.21,31
P00377,Serve Edition,Books,2519.34,153
P00378,Skill Max,Beauty,4701.16,466
P00379,See Lite,Beauty,3859.59,477
P00380,Suddenly Plus,Automotive,4074.47,88
P00381,Network Lite,Sports,4527.33,160
P00382,Final Edition,Grocery,2635.05,410
P00383,Pull Plus,Automotive,2344.3,132
P00384,Skin Max,Beauty,2895.04,100
P00385,Total Plus,Books,3373.75,290
P00386,Four Max,Apparel,3022.67,276
P00387,People Max,Automotive,3630.03,482
P00388,Blood Lite,Books,3645.13,25
P00389,World Plus,Electronics,1617.14,143
P00390,Cut Max,Grocery,3478.63,465
P00391,Contain Plus,Home & Kitchen,2206.15,191
P00392,Ready Plus,Home & Kitchen,2369.17,462
P00393,Population Max,Books,193.45,224
P00394,Team Edition,Home & Kitchen,3702.08,98
P00395,Ever Max,Beauty,3998.83,107
P00396,Open Pro,Beauty,4875.82,290
P00397,Clear Plus,Beauty,674.8,108
P00398,Check Plus,Electronics,4099.92,447
P00399,College Max,Electronics,1280.32,274
P00400,Minute Plus,Apparel,729.05,467
P00401,Moment Pro,Sports,204.52,164
P00402,Go Lite,Home & Kitchen,2130.1,8
P00403,Food Max,Grocery,1332.3,404
P00404,Community Max,Apparel,1648.12,230
P00405,Much Max,Electronics,4150.3,252
P00406,Able Lite,Automotive,3291.37,356
P00407,Thing Edition,Sports,4885.68,97
P00408,Piece Plus,Beauty,2015.8,453
P00409,Often Lite,Books,4758.9,213
P00410,Executive Pro,Books,2454.5,189
P00411,Than Max,Electronics,4367.66,165
P00412,Past Edition,Electronics,2732.46,98
P00413,Indicate Edition,Apparel,3943.32,269
P00414,Science Lite,Automotive,4732.56,477
P00415,Federal Max,Beauty,1240.74,72
P00416,Growth Edition,Electronics,4104.56,102
P00417,Executive Max,Grocery,1192.51,71
P00418,Part Edition,Automotive,3557.28,405
P00419,Protect Lite,Books,1674.38,339
P00420,Both Max,Books,1538.52,262
P00421,Section Plus,Beauty,2542.93,412
P00422,Nature Lite,Apparel,371.18,250
P00423,Gas Edition,Automotive,1255.42,383
P00424,Low Max,Beauty,4752.1,189
P00425,Hospital Lite,Grocery,4238.62,143
P00426,Animal Max,Apparel,489.17,309
P00427,Use Lite,Sports,2209.13,169
P00428,Use Edition,Automotive,1040.34,357
P00429,High Lite,Beauty,1385.16,307
P00430,Level Edition,Books,3454.52,386
P00431,Short Plus,Grocery,1489.98,315
P00432,Management Max,Electronics,2345.24,494
P00433,Agreement Edition,Sports,2397.05,234
P00434,Reveal Lite,Grocery,1945.31,354
P00435,Join Edition,Sports,472.34,265
P00436,Matter Edition,Home & Kitchen,759.36,188
P00437,Want Plus,Beauty,1544.34,77
P00438,Former Edition,Beauty,4674.57,266
P00439,Including Lite,Books,3411.25,151
P00440,Service Lite,Sports,3039.47,305
P00441,Interest Edition,Automotive,427.73,477
P00442,Significant Lite,Beauty,1915.73,286
P00443,Red Max,Sports,501.43,420
P00444,Matter Edition,Electronics,4490.07,114
P00445,Car Max,Beauty,4059.75,493
P00446,Consumer Lite,Home & Kitchen,2055.36,50
P00447,Such Lite,Beauty,592.65,96
P00448,American Pro,Books,3602.19,241
P00449,Either Lite,Books,3011.58,289
P00450,During Lite,Home & Kitchen,1888.09,61
P00451,Anyone Plus,Apparel,1465.0,413
P00452,Arm Plus,Apparel,2278.95,140
P00453,Tree Lite,Electronics,809.53,353
P00454,Head Max,Automotive,2108.21,199
P00455,Which Lite,Beauty,258.33,316
P00456,Or Plus,Automotive,3766.1,66
P00457,Question Edition,Sports,3525.82,94
P00458,Age Max,Electronics,1298.56,499
P00459,Various Lite,Grocery,3999.14,326
P00460,Bad Edition,Apparel,4069.7,468
P00461,War Lite,Beauty,3924.41,328
P00462,Agent Lite,Home & Kitchen,994.75,130
P00463,Than Plus,Beauty,3074.42,27
P00464,Small Pro,Grocery,4460.25,341
P00465,Myself Plus,Sports,1930.78,329
P00466,Activity Max,Apparel,4985.34,334
P00467,Prove Max,Electronics,3277.95,307
P00468,Network Edition,Electronics,1363.77,110
P00469,Also Lite,Home & Kitchen,1194.38,388
P00470,Over Lite,Sports,1168.8,453
P00471,Ever Pro,Automotive,2573.17,490
P00472,Land Pro,Home & Kitchen,691.28,152
P00473,Suggest Pro,Automotive,4138.24,454
P00474,Continue Pro,Apparel,852.24,336
P00475,Near Pro,Grocery,2142.37,167
P00476,Feeling Pro,Home & Kitchen,2122.79,293
P00477,Ability Max,Apparel,3783.99,245
P00478,Top Lite,Grocery,3749.75,126
P00479,Stay Lite,Sports,1324.18,167
P00480,Most Edition,Home & Kitchen,2300.24,290
P00481,Agreement Plus,Automotive,3151.64,77
P00482,Store Edition,Electronics,3920.76,56
P00483,Drop Pro,Apparel,1469.87,391
P00484,Leader Max,Sports,4267.35,1
P00485,Follow Pro,Books,3836.65,164
P00486,These Lite,Automotive,4131.22,415
P00487,Late Max,Books,4094.86,59
P00488,Blood Max,Books,297.97,103
P00489,Claim Plus,Automotive,2561.95,399
P00490,Feel Plus,Apparel,1406.22,147
P00491,Key Max,Grocery,721.14,186
P00492,Stuff Plus,Automotive,643.81,5
P00493,Authority Pro,Apparel,2021.26,77
P00494,Including Plus,Electronics,4037.16,398
P00495,However Lite,Books,3410.66,413
P00496,Issue Max,Grocery,2016.51,367
P00497,More Lite,Grocery,1444.57,206
P00498,Window Edition,Books,969.36,456
P00499,Give Pro,Apparel,2640.49,491
P00500,Accept Plus,Apparel,4918.71,339
P00501,By Lite,Automotive,1788.38,239
P00502,Provide Edition,Sports,4634.41,242
P00503,Enough Lite,Beauty,688.53,272
P00504,Bring Max,Electronics,592.53,419
P00505,Activity Lite,Home & Kitchen,171.38,246
P00506,Future Max,Sports,1141.87,93
P00507,Him Max,Apparel,2560.91,420
P00508,Single Max,Home & Kitchen,690.35,77
P00509,Many Lite,Beauty,3597.29,263
P00510,Impact Lite,Automotive,229.4,290
P00511,Deal Edition,Grocery,4768.18,107
P00512,Cover Max,Grocery,703.36,362
P00513,Consider Plus,Electronics,2577.55,135
P00514,Popular Plus,Automotive,1922.86,94
P00515,After Pro,Home & Kitchen,482.98,360
P00516,Of Lite,Beauty,2636.71,104
P00517,Responsibility Plus,Electronics,948.52,366
P00518,Way Pro,Beauty,4650.67,131
P00519,Example Max,Automotive,2172.98,252
P00520,Option Edition,Electronics,781.07,424
P00521,Staff Lite,Apparel,2970.5,61
P00522,The Edition,Automotive,2251.93,412
P00523,Smile Edition,Grocery,3017.25,296
P00524,Account Edition,Home & Kitchen,1920.64,49
P00525,Clear Lite,Electronics,3096.05,492
P00526,Party Lite,Automotive,4027.18,467
P00527,Majority Edition,Home & Kitchen,3112.19,445
P00528,South Plus,Books,270.56,207
P00529,Himself Max,Electronics,1805.61,38
P00530,Many Max,Automotive,2052.59,324
P00531,Game Edition,Sports,4694.47,214
P00532,Whose Plus,Automotive,4938.32,388
P00533,Hundred Max,Sports,3444.07,165
P00534,Free Edition,Automotive,2523.83,177
P00535,Foreign Plus,Apparel,2160.19,213
P00536,Mrs Max,Grocery,1623.42,481
P00537,Outside Edition,Apparel,2999.38,77
P00538,Arm Plus,Beauty,2641.01,164
P00539,Western Pro,Electronics,3744.78,191
P00540,Dream Pro,Home & Kitchen,1884.68,103
P00541,Build Plus,Grocery,4010.34,0
P00542,Dream Edition,Electronics,90.79,343
P00543,Beautiful Max,Automotive,3231.72,112
P00544,Others Edition,Home & Kitchen,3446.35,348
P00545,Mission Lite,Automotive,4071.04,37
P00546,Worry Max,Sports,1331.26,237
P00547,Nearly Plus,Apparel,910.06,486
P00548,Politics Edition,Home & Kitchen,4128.42,126
P00549,Painting Pro,Grocery,3163.55,29
P00550,Hospital Edition,Home & Kitchen,1479.78,288
P00551,Also Plus,Grocery,3445.73,3
P00552,Dog Edition,Books,2528.19,31
P00553,Example Edition,Beauty,2673.13,125
P00554,City Lite,Home & Kitchen,1423.84,328
P00555,Compare Plus,Automotive,136.64,241
P00556,Find Pro,Electronics,571.13,15
P00557,Thing Edition,Grocery,3687.33,90
P00558,Send Plus,Books,2016.12,399
P00559,Especially Pro,Books,4853.76,429
P00560,Matter Edition,Books,4456.14,342
P00561,Throughout Pro,Home & Kitchen,3323.21,25
P00562,Money Edition,Books,3474.79,432
P00563,Truth Lite,Apparel,1438.19,226
P00564,Start Max,Apparel,4571.97,114
P00565,So Edition,Sports,4410.06,460
P00566,Report Edition,Beauty,2787.05,370
P00567,Change Max,Electronics,4312.79,458
P00568,Same Lite,Home & Kitchen,515.5,79
P00569,Send Edition,Automotive,4141.27,89
P00570,Pretty Plus,Beauty,2316.76,202
P00571,Fall Lite,Home & Kitchen,2260.0,59
P00572,Management Max,Automotive,1820.9,124
P00573,Expert Pro,Apparel,4080.01,388
P00574,Base Lite,Beauty,1504.32,376
P00575,By Edition,Books,1638.1,276
P00576,Box Lite,Beauty,2121.57,413
P00577,Hope Plus,Grocery,1419.73,365
P00578,Environmental Edition,Apparel,3570.53,323
P00579,Gun Pro,Apparel,4927.42,98
P00580,Address Max,Grocery,509.26,232
P00581,Clearly Pro,Electronics,641.24,120
P00582,Stop Edition,Electronics,1028.07,296
P00583,Over Lite,Books,3080.5,417
P00584,Center Max,Electronics,4897.16,489
P00585,Professor Plus,Grocery,3473.74,160
P00586,Government Lite,Grocery,4249.45,205
P00587,Safe Plus,Beauty,3166.57,4
P00588,Try Edition,Apparel,346.13,51
P00589,List Plus,Beauty,4820.78,227
P00590,Kind Plus,Books,3504.86,311
P00591,Ability Max,Home & Kitchen,4150.11,366
P00592,Surface Edition,Apparel,3569.25,424
P00593,Quite Lite,Automotive,2344.52,307
P00594,Look Max,Electronics,717.84,453
P00595,Board Lite,Sports,2134.14,273
P00596,Wonder Lite,Books,3179.78,393
P00597,Loss Lite,Books,4712.64,328
P00598,Teach Pro,Beauty,745.38,358
P00599,Hear Pro,Sports,1570.15,193
P00600,Design Max,Grocery,3062.13,38
P00601,Include Lite,Automotive,1975.64,485
P00602,Figure Plus,Automotive,2295.0,230
P00603,East Pro,Beauty,2111.48,273
P00604,Arrive Lite,Apparel,123.28,319
P00605,Citizen Plus,Beauty,4858.8,436
P00606,More Lite,Apparel,4815.98,119
P00607,Some Max,Beauty,1318.95,359
P00608,Guy Max,Automotive,667.27,157
P00609,Southern Lite,Apparel,4620.96,71
P00610,Him Lite,Grocery,789.08,363
P00611,No Lite,Sports,2661.45,490
P00612,Speak Max,Apparel,1036.61,317
P00613,Yard Pro,Grocery,1551.77,425
P00614,Together Plus,Apparel,3140.79,187
P00615,Director Edition,Electronics,1476.3,295
P00616,Him Edition,Electronics,3454.58,464
P00617,Bit Edition,Electronics,4053.9,185
P00618,Until Lite,Electronics,1475.93,450
P00619,Boy Edition,Sports,474.83,196
P00620,People Lite,Beauty,3053.19,377
P00621,Clear Edition,Beauty,3201.02,152
P00622,Condition Max,Home & Kitchen,1794.37,440
P00623,Tax Edition,Beauty,3432.65,427
P00624,Thing Plus,Beauty,1543.83,81
P00625,Available Plus,Beauty,201.57,56
P00626,None Plus,Grocery,4733.18,148
P00627,Already Max,Grocery,3934.98,454
P00628,Voice Pro,Grocery,4554.66,160
P00629,How Plus,Sports,2100.81,275
P00630,Worry Lite,Automotive,988.77,444
P00631,State Pro,Grocery,2577.68,421
P00632,Those Max,Home & Kitchen,3194.97,59
P00633,Dream Plus,Grocery,737.53,217
P00634,Might Lite,Apparel,3973.74,308
P00635,Mother Max,Home & Kitchen,2623.41,257
P00636,Traditional Pro,Automotive,4473.94,175
P00637,Every Pro,Grocery,3373.27,15
P00638,Blood Max,Grocery,1998.35,428
P00639,Adult Edition,Sports,2703.58,287
P00640,Get Max,Electronics,2501.87,3
P00641,Necessary Max,Home & Kitchen,4906.28,415
P00642,Heart Edition,Electronics,3744.73,22
P00643,Citizen Max,Electronics,1544.46,302
P00644,However Pro,Apparel,139.51,36
P00645,Defense Lite,Books,4706.64,113
P00646,Certainly Max,Electronics,2932.55,29
P00647,List Max,Automotive,3683.55,198
P00648,Why Plus,Automotive,377.97,272
P00649,Board Edition,Grocery,4156.03,476
P00650,Lead Plus,Automotive,966.33,362
P00651,Do Pro,Automotive,4408.02,253
P00652,Six Pro,Books,90.41,315
P00653,Group Plus,Automotive,4124.48,491
P00654,Big Lite,Apparel,4294.08,191
P00655,National Edition,Sports,3563.64,500
P00656,Sport Pro,Home & Kitchen,719.19,331
P00657,Side Lite,Books,3540.74,371
P00658,Best Edition,Apparel,2090.91,64
P00659,Describe Lite,Electronics,284.56,430
P00660,Follow Max,Apparel,4526.91,182
P00661,Mother Plus,Sports,748.21,182
P00662,Someone Max,Apparel,303.47,227
P00663,Issue Plus,Electronics,3199.8,62
P00664,Each Plus,Automotive,652.27,173
P00665,Network Plus,Apparel,4785.37,198
P00666,Become Max,Automotive,2507.25,395
P00667,Career Max,Books,628.75,472
P00668,Middle Edition,Apparel,3774.99,89
P00669,Economic Lite,Sports,3971.98,13
P00670,Wife Edition,Beauty,556.98,112
P00671,Future Lite,Electronics,2372.86,487
P00672,Top Edition,Electronics,2289.48,340
P00673,Rich Lite,Beauty,2659.2,458
P00674,White Max,Apparel,2156.08,284
P00675,Top Max,Beauty,3996.95,146
P00676,Heavy Lite,Grocery,3429.45,349
P00677,Claim Lite,Books,1130.62,135
P00678,What Max,Grocery,3163.82,463
P00679,Give Plus,Apparel,1957.43,12
P00680,After Edition,Home & Kitchen,2741.9,218
P00681,Tonight Plus,Beauty,2796.73,145
P00682,Somebody Lite,Grocery,2706.61,90
P00683,Media Plus,Electronics,1516.4,465
P00684,Write Edition,Sports,1609.09,59
P00685,Maybe Lite,Electronics,2467.97,443
P00686,Husband Pro,Grocery,4188.37,58
P00687,Policy Plus,Home & Kitchen,1396.37,284
P00688,Else Lite,Beauty,1652.7,325
P00689,Resource Pro,Apparel,1581.8,448
P00690,Reveal Plus,Home & Kitchen,4660.59,248
P00691,Life Lite,Automotive,971.62,367
P00692,Around Pro,Grocery,382.4,48
P00693,Drug Edition,Sports,998.24,308
P00694,Have Pro,Books,136.61,484
P00695,Run Edition,Home & Kitchen,3063.35,378
P00696,Clearly Plus,Electronics,4986.26,472
P00697,Feel Max,Grocery,933.04,90
P00698,Body Edition,Beauty,1212.02,370
P00699,Despite Lite,Automotive,1747.09,104
P00700,Store Pro,Beauty,1920.23,242
P00701,Race Pro,Sports,1490.76,401
P00702,Stuff Plus,Apparel,160.33,316
P00703,Time Max,Automotive,4522.76,486
P00704,Project Lite,Books,1303.6,437
P00705,Stop Plus,Beauty,2179.63,26
P00706,Court Plus,Automotive,1124.98,56
P00707,Break Plus,Beauty,3197.06,206
P00708,Sort Edition,Beauty,3875.53,0
P00709,Manager Edition,Home & Kitchen,2725.62,77
P00710,Bill Pro,Electronics,2855.05,195
P00711,Report Lite,Beauty,3228.44,326
P00712,East Lite,Books,1161.25,364
P00713,Manage Pro,Home & Kitchen,3513.75,344
P00714,Great Max,Beauty,2681.95,256
P00715,Might Lite,Books,3413.74,357
P00716,Huge Lite,Grocery,4383.96,216
P00717,How Pro,Books,1406.75,166
P00718,Choice Lite,Grocery,4198.39,357
P00719,Deal Plus,Books,4797.34,82
P00720,Nothing Lite,Sports,1722.95,201
P00721,Moment Lite,Automotive,556.49,72
P00722,Both Edition,Books,331.16,297
P00723,Change Max,Sports,4840.49,471
P00724,Represent Lite,Sports,1331.8,146
P00725,Take Lite,Sports,1501.54,323
P00726,Cover Lite,Automotive,3693.96,261
P00727,Peace Lite,Grocery,4620.24,309
P00728,Where Lite,Electronics,3673.34,77
P00729,Night Plus,Beauty,2678.77,7
P00730,Nothing Lite,Books,3964.03,169
P00731,Back Pro,Sports,4094.35,480
P00732,Issue Pro,Home & Kitchen,3804.72,222
P00733,Wish Edition,Automotive,178.9,1
P00734,Real Edition,Books,4486.22,429
P00735,Nation Max,Beauty,2868.51,324
P00736,Economic Lite,Grocery,1543.45,396
P00737,Road Lite,Automotive,4943.45,421
P00738,Pay Pro,Automotive,1223.25,336
P00739,Card Plus,Beauty,4031.03,354
P00740,Manager Pro,Electronics,4537.43,150
P00741,Everything Pro,Sports,781.53,15
P00742,Factor Pro,Grocery,667.63,327
P00743,Protect Lite,Electronics,2070.27,271
P00744,Dream Edition,Sports,2035.08,233
P00745,Let Max,Beauty,4553.61,138
P00746,Everybody Pro,Sports,4998.87,204
P00747,Short Lite,Apparel,4296.24,312
P00748,Maybe Plus,Electronics,3031.07,232
P00749,Hour Max,Beauty,3193.8,242
P00750,Drug Plus,Beauty,1425.18,89
P00751,Condition Max,Grocery,873.46,70
P00752,Including Plus,Beauty,418.78,227
P00753,Enjoy Pro,Grocery,154.86,436
P00754,Score Lite,Books,1627.58,402
P00755,Water Pro,Sports,1580.74,473
P00756,Much Plus,Electronics,3981.35,482
P00757,Seat Max,Apparel,2840.79,95
P00758,Off Plus,Home & Kitchen,888.4,256
P00759,Particularly Edition,Sports,1915.25,418
P00760,Own Lite,Books,490.65,254
P00761,Then Plus,Home & Kitchen,770.48,373
P00762,Society Max,Sports,2813.19,422
P00763,Picture Max,Books,2394.06,343
P00764,Magazine Edition,Home & Kitchen,4955.25,7
P00765,Certainly Edition,Home & Kitchen,249.81,284
P00766,This Max,Beauty,372.02,17
P00767,Wonder Pro,Apparel,4307.69,400
P00768,Sign Max,Grocery,829.78,229
P00769,Us Edition,Electronics,1114.36,47
P00770,Partner Lite,Home & Kitchen,262.02,498
P00771,Place Pro,Grocery,1905.53,131
P00772,View Pro,Automotive,1581.58,275
P00773,Model Edition,Books,3291.47,247
P00774,Us Plus,Apparel,3028.34,307
P00775,Always Max,Books,800.25,380
P00776,Specific Max,Automotive,4612.76,463
P00777,Pressure Edition,Books,176.48,126
P00778,Quality Pro,Grocery,2938.48,89
P00779,Talk Edition,Automotive,4867.57,66
P00780,Nice Max,Grocery,1326.41,43
P00781,Writer Plus,Electronics,3632.26,189
P00782,Pass Pro,Automotive,3063.67,368
P00783,Democrat Edition,Sports,3493.74,348
P00784,Than Plus,Automotive,4217.65,342
P00785,Hear Pro,Automotive,4578.12,352
P00786,Better Lite,Sports,688.66,85
P00787,Issue Edition,Sports,4618.75,476
P00788,Light Pro,Sports,588.18,384
P00789,That Lite,Beauty,832.02,75
P00790,Animal Lite,Grocery,602.7,73
P00791,Keep Pro,Apparel,2476.16,35
P00792,Which Plus,Grocery,2683.77,435
P00793,Mean Pro,Automotive,485.23,325
P00794,Approach Edition,Electronics,2148.48,283
P00795,Us Plus,Apparel,762.84,116
P00796,Trial Plus,Apparel,4171.12,126
P00797,Available Plus,Sports,3559.92,381
P00798,Either Pro,Grocery,1134.01,461
P00799,Public Lite,Beauty,1123.98,498
P00800,Decide Lite,Home & Kitchen,4600.48,2
P00801,Old Edition,Automotive,706.58,27
P00802,Rule Lite,Home & Kitchen,949.7,82
P00803,Cold Plus,Sports,753.66,15
P00804,Buy Plus,Apparel,4967.99,468
P00805,Upon Max,Books,1375.17,194
P00806,Address Plus,Electronics,862.65,109
P00807,Boy Plus,Home & Kitchen,4755.05,266
P00808,Seek Lite,Beauty,4909.34,277
P00809,Difference Lite,Beauty,4356.36,304
P00810,Painting Max,Apparel,1804.3,95
P00811,A Lite,Sports,1694.67,420
P00812,Star Max,Sports,706.12,255
P00813,Per Max,Apparel,4444.35,264
P00814,Modern Plus,Books,195.57,109
P00815,Four Edition,Automotive,949.71,18
P00816,So Edition,Books,4886.01,485
P00817,Man Lite,Apparel,1966.04,428
P00818,Window Pro,Apparel,835.18,274
P00819,Senior Plus,Sports,2295.17,0
P00820,Fight Lite,Grocery,1073.62,297
P00821,Guy Edition,Sports,2926.84,492
P00822,Himself Edition,Beauty,2858.24,30
P00823,Although Pro,Grocery,3376.66,90
P00824,Sell Plus,Electronics,995.94,463
P00825,Care Pro,Electronics,1594.56,316
P00826,Campaign Lite,Electronics,4328.93,403
P00827,Ready Plus,Automotive,555.69,57
P00828,Day Edition,Grocery,2138.14,357
P00829,Appear Pro,Sports,4619.78,143
P00830,Whole Lite,Apparel,867.56,174
P00831,A Max,Home & Kitchen,235.97,158
P00832,Why Pro,Beauty,4997.37,289
P00833,Us Pro,Home & Kitchen,4070.92,29
P00834,Quite Max,Apparel,1207.9,336
P00835,Republican Plus,Electronics,748.1,383
P00836,Wind Max,Automotive,2820.46,145
P00837,Address Plus,Books,2832.02,255
P00838,Interview Pro,Apparel,2579.99,338
P00839,Actually Plus,Automotive,3241.11,176
P00840,To Pro,Beauty,1613.2,61
P00841,Keep Max,Grocery,4372.94,146
P00842,International Lite,Sports,823.05,433
P00843,Statement Pro,Sports,3707.64,161
P00844,Best Lite,Sports,2971.49,11
P00845,Memory Pro,Beauty,2074.69,45
P00846,Event Edition,Electronics,1036.38,96
P00847,Get Edition,Electronics,3204.64,193
P00848,Example Pro,Apparel,2757.78,244
P00849,Manage Lite,Beauty,928.2,409
P00850,Ten Lite,Grocery,534.36,63
P00851,Move Edition,Apparel,4406.93,442
P00852,Bring Lite,Automotive,4056.29,287
P00853,Only Edition,Automotive,3133.35,200
P00854,Finish Plus,Beauty,559.64,279
P00855,Bed Lite,Sports,1779.11,292
P00856,Democrat Pro,Books,678.71,33
P00857,Memory Lite,Beauty,910.79,493
P00858,Executive Edition,Beauty,1897.93,284
P00859,Range Max,Books,1331.43,274
P00860,Picture Max,Beauty,752.12,349
P00861,Really Plus,Sports,4270.79,328
P00862,Treat Plus,Beauty,1431.33,337
P00863,Require Pro,Home & Kitchen,3393.51,48
P00864,Writer Pro,Automotive,2892.05,377
P00865,Performance Pro,Books,4649.58,306
P00866,Color Pro,Apparel,2638.29,15
P00867,Personal Pro,Grocery,669.86,190
P00868,Him Lite,Apparel,757.81,169
P00869,Get Pro,Beauty,1555.75,138
P00870,Five Plus,Automotive,3134.42,193
P00871,Out Edition,Grocery,227.67,105
P00872,Dark Lite,Books,3541.46,390
P00873,Theory Plus,Apparel,100.27,323
P00874,Beautiful Max,Books,4786.04,262
P00875,But Lite,Automotive,4665.42,290
P00876,Cut Lite,Automotive,3836.17,462
P00877,Ten Lite,Books,1391.97,34
P00878,Could Pro,Electronics,4987.63,473
P00879,True Plus,Sports,2174.29,351
P00880,Body Edition,Home & Kitchen,1385.38,18
P00881,Particularly Max,Home & Kitchen,3517.1,239
P00882,And Pro,Books,345.65,229
P00883,Person Max,Grocery,2295.41,443
P00884,Scene Pro,Books,2859.13,202
P00885,Six Max,Sports,3200.86,276
P00886,Issue Plus,Books,3595.63,334
P00887,There Edition,Books,1574.84,119
P00888,Either Edition,Sports,4679.94,465
P00889,History Edition,Apparel,3547.56,399
P00890,Matter Lite,Beauty,4671.43,362
P00891,Game Pro,Home & Kitchen,2905.21,37
P00892,Design Lite,Sports,4130.77,49
P00893,Candidate Edition,Electronics,4281.74,324
P00894,Bring Max,Sports,4758.75,226
P00895,Spring Plus,Books,3780.63,353
P00896,Hotel Plus,Apparel,2001.87,171
P00897,Skin Plus,Beauty,2470.02,131
P00898,Environment Max,Beauty,2403.98,130
P00899,Enter Max,Books,2763.28,28
P00900,Test Max,Automotive,2428.86,36
P00901,Send Edition,Books,3659.37,72
P00902,Strong Max,Books,3051.36,157
P00903,Its Pro,Home & Kitchen,1710.78,276
P00904,Investment Edition,Home & Kitchen,77.41,455
P00905,Expect Plus,Beauty,2662.52,253
P00906,Turn Pro,Home & Kitchen,4696.56,481
P00907,Administration Lite,Beauty,1045.21,219
P00908,Its Edition,Sports,685.49,371
P00909,Production Lite,Books,1088.12,432
P00910,Side Lite,Books,4217.01,91
P00911,Next Max,Beauty,2873.51,317
P00912,Would Edition,Home & Kitchen,836.09,70
P00913,Than Edition,Home & Kitchen,1285.4,437
P00914,Happen Max,Sports,402.38,368
P00915,Capital Max,Grocery,2708.39,50
P00916,Social Edition,Sports,3674.13,259
P00917,Trouble Max,Sports,986.37,191
P00918,Impact Edition,Home & Kitchen,2018.44,246
P00919,Dinner Edition,Apparel,2088.42,445
P00920,Sister Lite,Grocery,2052.42,82
P00921,President Plus,Apparel,3041.61,407
P00922,Personal Plus,Grocery,2355.47,85
P00923,Simple Max,Books,474.31,420
P00924,Brother Edition,Books,4340.89,356
P00925,Girl Plus,Automotive,2175.75,428
P00926,Rock Plus,Electronics,1197.97,144
P00927,Power Lite,Grocery,954.27,297
P00928,With Pro,Home & Kitchen,2218.72,247
P00929,City Max,Electronics,3524.77,434
P00930,Season Max,Apparel,3735.12,167
P00931,Interesting Pro,Home & Kitchen,4851.4,419
P00932,Stand Plus,Home & Kitchen,2941.61,125
P00933,Piece Plus,Beauty,396.63,17
P00934,Church Lite,Grocery,3922.32,208
P00935,Study Max,Grocery,3425.87,221
P00936,Piece Edition,Automotive,2840.84,262
P00937,Me Lite,Sports,1077.86,225
P00938,West Edition,Electronics,1273.29,117
P00939,Parent Lite,Beauty,1258.55,228
P00940,Throughout Max,Sports,922.22,38
P00941,What Plus,Automotive,4683.48,408
P00942,Contain Pro,Beauty,2693.2,87
P00943,Summer Edition,Grocery,1229.86,203
P00944,Although Edition,Apparel,4624.97,13
P00945,Development Pro,Apparel,2429.05,382
P00946,Agent Pro,Grocery,3084.79,461
P00947,Light Pro,Home & Kitchen,787.74,217
P00948,Her Max,Electronics,4272.87,422
P00949,Street Edition,Grocery,2362.2,274
P00950,But Lite,Home & Kitchen,1469.49,227
P00951,Attention Edition,Apparel,1635.03,268
P00952,Beyond Pro,Sports,623.5,77
P00953,Might Edition,Automotive,1024.28,317
P00954,Experience Plus,Home & Kitchen,1767.51,459
P00955,Without Pro,Books,2100.63,372
P00956,Fill Pro,Home & Kitchen,3718.21,54
P00957,Local Lite,Apparel,2360.49,298
P00958,Whom Lite,Sports,1235.79,87
P00959,Nor Plus,Grocery,1187.68,298
P00960,Official Plus,Beauty,897.59,268
P00961,Send Edition,Sports,4879.54,218
P00962,Throw Max,Grocery,3725.17,258
P00963,Billion Lite,Grocery,1203.45,177
P00964,After Edition,Electronics,1783.25,281
P00965,Player Plus,Grocery,3884.14,343
P00966,Past Edition,Sports,2368.42,452
P00967,Room Lite,Sports,3540.54,110
P00968,World Plus,Grocery,1539.79,160
P00969,Little Edition,Home & Kitchen,2616.56,141
P00970,Card Pro,Electronics,2699.62,377
P00971,New Pro,Automotive,1586.79,413
P00972,Former Lite,Grocery,3084.77,36
P00973,Chance Pro,Electronics,2763.22,151
P00974,Way Pro,Automotive,2768.98,252
P00975,Chance Pro,Automotive,647.69,366
P00976,Analysis Plus,Automotive,1690.15,315
P00977,Animal Plus,Grocery,693.29,98
P00978,Scene Edition,Apparel,1628.22,451
P00979,Lay Lite,Apparel,1972.43,297
P00980,Medical Max,Sports,1768.58,187
P00981,Realize Max,Sports,440.14,476
P00982,Success Lite,Beauty,3312.74,23
P00983,Responsibility Pro,Automotive,267.06,172
P00984,Gun Pro,Beauty,676.8,357
P00985,Time Pro,Sports,3189.72,280
P00986,Certainly Plus,Electronics,1533.46,62
P00987,Them Plus,Home & Kitchen,3466.68,499
P00988,Cause Edition,Beauty,3008.29,135
P00989,Painting Edition,Apparel,4087.91,255
P00990,Whether Pro,Books,3079.89,484
P00991,Very Lite,Beauty,2704.38,469
P00992,Sing Edition,Electronics,1253.61,255
P00993,Time Pro,Grocery,2340.16,88
P00994,Yet Plus,Apparel,4618.22,248
P00995,Here Edition,Sports,4076.63,446
P00996,Near Plus,Beauty,156.39,104
P00997,Across Pro,Home & Kitchen,2794.99,482
P00998,Safe Plus,Automotive,3571.05,357
P00999,Firm Edition,Sports,4213.03,46
P01000,Once Pro,Electronics,3467.85,203
P01001,Head Lite,Sports,1001.37,395
P01002,Issue Plus,Beauty,1334.75,355
P01003,Although Max,Automotive,163.36,240
P01004,Matter Edition,Home & Kitchen,3730.8,118
P01005,Section Pro,Apparel,4190.29,445
P01006,Dinner Plus,Beauty,4147.15,180
P01007,Present Plus,Sports,2370.05,413
P01008,White Lite,Automotive,1565.24,30
P01009,Plan Max,Grocery,2824.44,33
P01010,Final Plus,Grocery,2617.72,222
P01011,Teacher Pro,Beauty,3932.86,290
P01012,Leave Plus,Sports,3431.4,48
P01013,Participant Edition,Books,1746.53,346
P01014,The Edition,Home & Kitchen,1859.08,268
P01015,Hotel Lite,Grocery,1989.68,206
P01016,Responsibility Lite,Grocery,3669.13,452
P01017,Clear Pro,Grocery,863.04,190
P01018,Only Max,Beauty,996.58,459
P01019,Between Lite,Sports,672.92,81
P01020,Draw Plus,Books,1113.88,403
P01021,Include Max,Electronics,736.77,68
P01022,Ok Lite,Home & Kitchen,962.37,220
P01023,Thought Max,Automotive,1735.65,235
P01024,Drug Plus,Home & Kitchen,2829.73,446
P01025,But Max,Apparel,1165.33,239
P01026,Be Max,Books,2804.68,366
P01027,Direction Plus,Sports,1956.25,32
P01028,Often Pro,Apparel,1687.91,425
P01029,Mother Max,Electronics,393.9,411
P01030,Also Plus,Books,3796.38,106
P01031,Mean Pro,Apparel,4014.92,423
P01032,Democratic Edition,Home & Kitchen,4483.8,169
P01033,Business Plus,Books,2845.05,382
P01034,Majority Max,Beauty,2318.81,153
P01035,Rest Max,Beauty,4711.03,196
P01036,Movement Max,Apparel,656.49,55
P01037,Main Lite,Automotive,2413.63,99
P01038,Group Max,Home & Kitchen,1963.29,394
P01039,Value Lite,Sports,3550.2,5
P01040,Board Pro,Grocery,3420.81,149
P01041,Best Plus,Books,4982.61,120
P01042,Turn Plus,Automotive,3117.94,484
P01043,Purpose Lite,Automotive,1986.9,376
P01044,Evening Plus,Automotive,4177.41,407
P01045,Skin Edition,Home & Kitchen,469.28,36
P01046,Former Max,Beauty,1686.3,461
P01047,Senior Edition,Books,1285.63,128
P01048,Offer Plus,Home & Kitchen,3136.94,180
P01049,Partner Plus,Beauty,4404.8,114
P01050,Method Lite,Apparel,4585.16,413
P01051,State Edition,Home & Kitchen,695.74,2
P01052,Computer Pro,Beauty,3434.18,432
P01053,While Pro,Automotive,2410.62,104
P01054,Result Lite,Grocery,3620.36,51
P01055,Rock Max,Electronics,2282.02,479
P01056,Create Pro,Automotive,656.7,115
P01057,Since Plus,Beauty,1472.37,420
P01058,Likely Lite,Beauty,4892.85,12
P01059,Arm Pro,Grocery,777.05,147
P01060,Meeting Lite,Beauty,4733.85,220
P01061,Fill Plus,Home & Kitchen,3168.25,101
P01062,Book Max,Electronics,3757.94,73
P01063,Along Pro,Sports,3788.51,316
P01064,Explain Edition,Beauty,4768.88,209
P01065,And Max,Beauty,2454.75,471
P01066,Them Pro,Beauty,2056.44,215
P01067,Tough Pro,Apparel,3382.98,191
P01068,Turn Max,Automotive,4420.26,21
P01069,Western Edition,Grocery,4961.34,12
P01070,War Pro,Beauty,2752.84,262
P01071,Our Pro,Beauty,4025.64,201
P01072,Us Edition,Automotive,1007.25,381
P01073,Pattern Lite,Sports,1505.2,465
P01074,Police Max,Home & Kitchen,2842.45,438
P01075,Film Edition,Sports,3342.69,471
P01076,Apply Lite,Electronics,100.48,176
P01077,Politics Pro,Electronics,1073.71,134
P01078,Leader Lite,Apparel,1882.4,215
P01079,Unit Edition,Home & Kitchen,4298.42,30
P01080,This Pro,Books,195.67,354
P01081,Any Edition,Home & Kitchen,2787.01,229
P01082,Why Max,Home & Kitchen,4591.95,364
P01083,Hotel Max,Beauty,4762.17,218
P01084,Month Plus,Electronics,2902.94,348
P01085,Set Lite,Grocery,4210.79,250
P01086,Newspaper Max,Electronics,1922.82,123
P01087,Concern Lite,Books,1259.59,402
P01088,Various Lite,Grocery,307.86,187
P01089,Win Edition,Sports,2346.36,272
P01090,Scene Pro,Grocery,4260.87,254
P01091,International Plus,Electronics,4849.33,448
P01092,Late Pro,Sports,2171.39,458
P01093,Loss Plus,Home & Kitchen,1791.27,435
P01094,Since Max,Sports,3307.8,411
P01095,Close Plus,Books,1988.0,102
P01096,Box Plus,Books,898.08,130
P01097,Region Edition,Home & Kitchen,2688.86,83
P01098,Into Plus,Grocery,3474.97,171
P01099,Respond Max,Grocery,1531.07,155
P01100,Officer Lite,Automotive,1236.9,68
P01101,Stuff Lite,Grocery,1444.49,408
P01102,Represent Pro,Sports,1237.09,215
P01103,Participant Edition,Electronics,360.59,206
P01104,Notice Max,Automotive,620.07,368
P01105,Stand Edition,Beauty,4002.79,219
P01106,Room Plus,Electronics,848.84,202
P01107,Size Pro,Home & Kitchen,854.61,225
P01108,Seat Plus,Beauty,2599.09,170
P01109,Response Edition,Grocery,2017.82,10
P01110,Instead Lite,Beauty,4538.35,64
P01111,Not Pro,Electronics,845.47,428
P01112,Fly Plus,Home & Kitchen,1674.61,101
P01113,Who Lite,Sports,413.86,191
P01114,Present Edition,Beauty,3797.94,103
P01115,Shoulder Max,Books,4638.4,237
P01116,Stock Edition,Apparel,1101.66,127
P01117,Several Max,Books,4147.75,222
P01118,Economic Plus,Apparel,819.96,403
P01119,Than Lite,Automotive,1908.03,1
P01120,Message Max,Electronics,818.43,375
P01121,Significant Pro,Beauty,2149.67,97
P01122,Thing Edition,Apparel,568.1,440
P01123,Responsibility Lite,Grocery,4720.77,361
P01124,Somebody Pro,Automotive,648.77,177
P01125,Wrong Max,Books,154.56,307
P01126,Oil Pro,Sports,2515.03,368
P01127,Trip Lite,Apparel,3065.6,382
P01128,Once Lite,Automotive,2592.11,148
P01129,Rather Max,Sports,2736.16,68
P01130,Move Edition,Sports,1212.52,211
P01131,Outside Max,Home & Kitchen,1305.46,389
P01132,House Pro,Books,3376.06,293
P01133,Part Max,Automotive,1089.82,167
P01134,Never Edition,Beauty,170.77,263
P01135,Move Pro,Sports,279.45,494
P01136,Third Max,Beauty,1517.83,292
P01137,Decision Edition,Apparel,4703.14,213
P01138,Measure Lite,Home & Kitchen,1099.86,458
P01139,Also Pro,Electronics,1810.94,20
P01140,Condition Pro,Books,4785.0,111
P01141,Though Plus,Books,702.52,326
P01142,Level Edition,Beauty,1081.22,169
P01143,Property Plus,Automotive,2286.8,290
P01144,Admit Pro,Electronics,1175.32,234
P01145,Stage Pro,Apparel,2136.75,149
P01146,Stay Edition,Beauty,2057.78,447
P01147,Better Lite,Automotive,4508.7,331
P01148,Buy Lite,Apparel,1452.08,426
P01149,Gun Lite,Grocery,4387.91,230
P01150,Mean Lite,Beauty,4147.43,467
P01151,Discuss Lite,Apparel,786.25,246
P01152,Evidence Max,Beauty,1030.69,216
P01153,Skill Edition,Sports,2172.96,329
P01154,Me Lite,Automotive,3335.87,261
P01155,Important Max,Grocery,4584.54,99
P01156,Best Plus,Books,135.64,361
P01157,Generation Lite,Beauty,2212.63,387
P01158,Whether Edition,Beauty,620.14,216
P01159,Yes Pro,Automotive,1446.28,295
P01160,Peace Plus,Sports,3079.11,145
P01161,Operation Lite,Beauty,4758.57,43
P01162,Interesting Plus,Grocery,4515.29,56
P01163,Level Pro,Home & Kitchen,4031.43,342
P01164,Continue Lite,Beauty,3736.11,176
P01165,Call Plus,Apparel,1345.55,337
P01166,Cell Lite,Home & Kitchen,4540.87,347
P01167,Charge Edition,Grocery,4293.01,346
P01168,Window Pro,Grocery,2170.92,82
P01169,Sort Plus,Electronics,3331.78,289
P01170,Hear Edition,Sports,4414.21,416
P01171,Develop Pro,Automotive,827.49,412
P01172,Light Max,Apparel,4116.35,286
P01173,Although Pro,Beauty,4409.93,174
P01174,Spend Lite,Grocery,1699.2,95
P01175,Worker Plus,Grocery,3073.54,305
P01176,Size Plus,Electronics,2336.4,155
P01177,Serious Lite,Home & Kitchen,1709.23,43
P01178,Yes Plus,Sports,1470.59,140
P01179,Job Edition,Beauty,3887.25,381
P01180,Middle Pro,Apparel,3780.43,49
P01181,Simply Lite,Electronics,3989.78,442
P01182,Town Pro,Apparel,1184.61,480
P01183,News Plus,Sports,1169.52,338
P01184,Some Pro,Books,3565.17,250
P01185,Likely Max,Books,915.2,148
P01186,Get Pro,Beauty,4418.33,134
P01187,Tree Max,Sports,3661.06,170
P01188,Difficult Plus,Beauty,4453.07,49
P01189,Poor Edition,Apparel,3314.63,312
P01190,Will Max,Beauty,4619.98,490
P01191,Cause Plus,Apparel,2707.74,231
P01192,Call Pro,Books,78.04,111
P01193,Task Max,Sports,2650.8,315
P01194,Not Max,Automotive,593.76,132
P01195,Standard Pro,Grocery,747.17,493
P01196,Administration Pro,Beauty,4527.57,460
P01197,We Pro,Automotive,805.02,279
P01198,Clearly Plus,Books,2164.1,161
P01199,Fire Lite,Automotive,1441.85,375
P01200,Kitchen Plus,Grocery,1283.77,303
P01201,Many Max,Books,2435.49,424
P01202,Difficult Lite,Sports,2584.44,409
P01203,Region Lite,Grocery,4993.35,171
P01204,Field Max,Apparel,3358.46,26
P01205,Six Plus,Home & Kitchen,603.77,74
P01206,Dog Max,Beauty,3163.39,203
P01207,Under Max,Apparel,3949.86,227
P01208,Assume Max,Grocery,1607.59,310
P01209,Remember Max,Home & Kitchen,2599.14,117
P01210,Ground Edition,Sports,55.28,318
P01211,Between Plus,Books,2431.08,254
P01212,Two Lite,Home & Kitchen,1167.2,21
P01213,At Lite,Electronics,891.24,67
P01214,Sure Lite,Automotive,698.92,367
P01215,Laugh Plus,Books,4745.96,323
P01216,But Max,Books,4000.37,233
P01217,Possible Max,Home & Kitchen,1571.83,222
P01218,Draw Plus,Sports,619.89,6
P01219,Building Edition,Apparel,2974.48,41
P01220,Concern Edition,Grocery,2148.99,422
P01221,Drop Pro,Grocery,2005.97,340
P01222,Stay Max,Sports,2167.69,122
P01223,Individual Pro,Beauty,3077.87,197
P01224,Mention Lite,Automotive,1541.14,286
P01225,Defense Plus,Electronics,2816.87,62
P01226,Girl Plus,Electronics,4102.47,242
P01227,Less Lite,Grocery,1822.22,147
P01228,Century Plus,Grocery,1330.26,291
P01229,Key Plus,Beauty,254.73,8
P01230,Else Lite,Books,4554.21,285
P01231,Let Lite,Home & Kitchen,3240.26,225
P01232,Hundred Edition,Automotive,785.84,180
P01233,Put Max,Electronics,594.99,395
P01234,However Pro,Sports,1447.92,97
P01235,Himself Max,Sports,1336.82,292
P01236,Such Plus,Books,165.8,87
P01237,Represent Lite,Automotive,4177.41,500
P01238,Foreign Pro,Apparel,3307.63,31
P01239,Travel Edition,Grocery,4097.23,285
P01240,Can Plus,Books,1230.38,445
P01241,Receive Lite,Sports,4168.44,453
P01242,Group Max,Automotive,3983.44,257
P01243,Project Max,Apparel,4592.77,47
P01244,Political Pro,Sports,309.64,210
P01245,Ten Edition,Home & Kitchen,3864.39,255
P01246,Hope Max,Apparel,2721.57,356
P01247,What Lite,Automotive,450.89,413
P01248,Reflect Max,Sports,4560.88,487
P01249,Actually Max,Beauty,2632.94,339
P01250,Show Plus,Automotive,3238.47,453
P01251,Human Max,Apparel,2042.41,109
P01252,Enter Lite,Sports,2620.73,328
P01253,Indeed Lite,Apparel,142.98,396
P01254,Only Lite,Sports,1666.6,194
P01255,According Lite,Apparel,172.11,325
P01256,Worry Max,Apparel,3750.92,212
P01257,Year Edition,Home & Kitchen,2005.66,363
P01258,Much Plus,Apparel,1187.36,479
P01259,Approach Lite,Beauty,3159.31,472
P01260,Usually Plus,Beauty,2381.14,3
P01261,Yes Max,Grocery,3855.79,140
P01262,Much Max,Sports,2726.58,160
P01263,Actually Max,Books,4021.41,496
P01264,Evidence Lite,Sports,2297.77,67
P01265,How Max,Grocery,1591.25,164
P01266,Music Plus,Books,3748.74,421
P01267,Although Pro,Books,4207.14,125
P01268,Shake Edition,Automotive,3813.91,108
P01269,Management Plus,Grocery,4579.18,360
P01270,Contain Lite,Automotive,1609.46,44
P01271,Consider Edition,Sports,1670.19,475
P01272,Whose Plus,Grocery,4783.56,306
P01273,Level Lite,Apparel,1678.89,263
P01274,He Max,Books,4010.13,57
P01275,Agent Max,Automotive,4632.32,183
P01276,His Plus,Home & Kitchen,4455.48,268
P01277,Wait Pro,Grocery,1930.96,191
P01278,Bill Pro,Sports,4775.24,123
P01279,Civil Lite,Sports,4512.73,498
P01280,Animal Plus,Books,4238.68,361
P01281,Know Max,Grocery,3775.04,451
P01282,Ball Plus,Grocery,1157.76,142
P01283,Room Pro,Beauty,4084.44,11
P01284,Eight Lite,Apparel,3934.63,113
P01285,Million Lite,Beauty,4507.08,51
P01286,Product Plus,Apparel,1450.67,37
P01287,Chair Lite,Beauty,1405.42,204
P01288,Decade Lite,Sports,923.78,489
P01289,Dinner Edition,Books,463.75,44
P01290,Remain Pro,Automotive,3157.98,36
P01291,Good Lite,Electronics,855.71,90
P01292,Trip Lite,Grocery,648.47,309
P01293,Late Edition,Sports,3849.42,38
P01294,Choose Lite,Beauty,1892.5,312
P01295,Against Lite,Beauty,1480.9,41
P01296,Church Edition,Beauty,4488.2,429
P01297,Ahead Pro,Electronics,3387.0,79
P01298,Site Lite,Books,717.09,362
P01299,Official Edition,Grocery,1968.55,201
P01300,Though Plus,Sports,3036.61,248
P01301,Sport Max,Automotive,1450.89,80
P01302,That Lite,Grocery,2908.0,428
P01303,Check Plus,Home & Kitchen,503.86,34
P01304,Address Max,Beauty,4796.53,339
P01305,Table Plus,Sports,1384.3,487
P01306,Include Lite,Sports,2580.95,375
P01307,Present Edition,Home & Kitchen,3742.98,222
P01308,Senior Pro,Books,831.12,257
P01309,South Plus,Automotive,2778.29,267
P01310,Adult Pro,Electronics,4762.41,388
P01311,Admit Pro,Grocery,3929.45,358
P01312,National Plus,Grocery,3007.66,34
P01313,Also Max,Home & Kitchen,289.66,192
P01314,Apply Edition,Grocery,4829.37,348
P01315,Local Max,Apparel,2293.27,435
P01316,Not Pro,Grocery,2425.66,66
P01317,Company Max,Automotive,2331.27,372
P01318,Eight Plus,Books,2134.5,394
P01319,Read Pro,Books,3530.19,164
P01320,Claim Plus,Home & Kitchen,3575.07,306
P01321,Perhaps Lite,Automotive,1756.95,122
P01322,Want Lite,Beauty,301.35,61
P01323,Interview Max,Home & Kitchen,3429.79,404
P01324,Such Plus,Electronics,4073.06,83
P01325,Crime Lite,Automotive,1962.25,141
P01326,Note Pro,Home & Kitchen,918.92,458
P01327,Without Max,Electronics,4496.26,274
P01328,Population Pro,Apparel,1769.47,84
P01329,Owner Edition,Automotive,1137.7,283
P01330,Make Pro,Electronics,318.92,396
P01331,Meeting Max,Grocery,721.22,164
P01332,At Lite,Books,684.7,448
P01333,Politics Lite,Apparel,3664.57,306
P01334,Economy Edition,Electronics,3091.71,323
P01335,Arrive Lite,Home & Kitchen,331.97,39
P01336,Can Edition,Grocery,4196.05,448
P01337,Method Max,Books,247.0,65
P01338,Well Edition,Grocery,3466.08,69
P01339,Who Plus,Automotive,1077.1,500
P01340,Exist Pro,Beauty,411.89,43
P01341,Benefit Lite,Books,4598.96,427
P01342,Write Pro,Grocery,567.66,371
P01343,Around Max,Apparel,3167.83,32
P01344,Whatever Lite,Grocery,1080.9,426
P01345,Operation Max,Grocery,4280.24,99
P01346,Suggest Plus,Electronics,2294.43,336
P01347,Business Lite,Books,91.77,247
P01348,Teacher Plus,Grocery,2010.51,450
P01349,Report Pro,Grocery,3458.43,103
P01350,Might Pro,Beauty,3175.15,0
P01351,Real Max,Electronics,1120.33,279
P01352,Senior Edition,Grocery,3290.54,198
P01353,And Plus,Apparel,2965.16,73
P01354,Reveal Lite,Home & Kitchen,2667.88,403
P01355,Word Max,Apparel,3583.71,493
P01356,Walk Plus,Automotive,1755.35,404
P01357,Color Edition,Electronics,4725.25,51
P01358,Political Pro,Apparel,3453.45,11
P01359,Economy Max,Automotive,433.33,235
P01360,Financial Lite,Electronics,4927.31,346
P01361,Including Plus,Books,1747.3,407
P01362,College Edition,Apparel,257.52,379
P01363,Plan Plus,Automotive,599.14,351
P01364,Chance Edition,Sports,4787.31,13
P01365,Keep Max,Automotive,3816.73,254
P01366,Financial Edition,Home & Kitchen,324.74,270
P01367,Staff Lite,Home & Kitchen,875.09,478
P01368,Read Max,Grocery,2875.66,462
P01369,Our Edition,Beauty,2916.32,74
P01370,While Lite,Apparel,695.4,282
P01371,Fine Lite,Sports,72.62,105
P01372,Even Edition,Apparel,1465.11,163
P01373,Sound Max,Automotive,1375.33,240
P01374,Front Max,Sports,3874.02,180
P01375,Whose Lite,Apparel,983.69,254
P01376,Learn Edition,Automotive,4295.95,173
P01377,Growth Pro,Books,2561.73,30
P01378,Job Max,Sports,4029.45,315
P01379,Discuss Lite,Books,438.56,245
P01380,Cup Max,Home & Kitchen,2913.35,370
P01381,Agreement Pro,Automotive,3410.91,71
P01382,Article Lite,Sports,1719.79,314
P01383,While Max,Home & Kitchen,2363.36,368
P01384,Plant Max,Sports,1579.16,116
P01385,Ten Plus,Sports,2575.71,440
P01386,Herself Lite,Sports,662.42,332
P01387,Whose Pro,Beauty,3345.62,36
P01388,Part Pro,Grocery,4710.15,225
P01389,Store Lite,Electronics,1664.75,172
P01390,Season Plus,Automotive,607.56,463
P01391,You Edition,Electronics,4971.71,85
P01392,Color Plus,Grocery,2456.88,214
P01393,Scientist Lite,Apparel,211.73,387
P01394,Account Edition,Sports,1114.85,35
P01395,Home Pro,Apparel,658.51,462
P01396,Lead Lite,Apparel,4781.24,195
P01397,Environment Plus,Grocery,419.13,197
P01398,Process Edition,Books,1586.52,100
P01399,Available Lite,Grocery,1794.54,183
P01400,Example Lite,Electronics,4962.14,250
P01401,Form Lite,Automotive,4282.88,47
P01402,Bed Edition,Beauty,4044.68,169
P01403,Actually Max,Electronics,4217.34,403
P01404,Speech Lite,Books,3022.98,431
P01405,Speak Max,Grocery,3443.8,352
P01406,Around Pro,Electronics,4093.39,107
P01407,Hit Edition,Apparel,3359.84,173
P01408,Consider Max,Books,2344.6,401
P01409,And Max,Home & Kitchen,3392.62,153
P01410,Prevent Edition,Apparel,2470.09,260
P01411,Movement Edition,Books,2870.7,318
P01412,Every Lite,Home & Kitchen,4263.32,466
P01413,Family Plus,Sports,1880.54,175
P01414,Become Plus,Apparel,4236.17,102
P01415,Seem Pro,Books,4138.68,63
P01416,Feeling Max,Electronics,3579.93,408
P01417,Then Lite,Beauty,615.97,308
P01418,Activity Max,Electronics,3755.07,450
P01419,Recent Plus,Electronics,3453.4,67
P01420,So Edition,Automotive,340.93,485
P01421,Nature Edition,Grocery,1064.85,67
P01422,Plant Lite,Apparel,1212.87,259
P01423,Star Pro,Home & Kitchen,836.26,340
P01424,Down Edition,Sports,546.58,414
P01425,Life Pro,Books,1958.84,53
P01426,Environmental Max,Apparel,760.24,276
P01427,Red Lite,Grocery,521.27,315
P01428,Value Plus,Sports,4331.47,368
P01429,Building Pro,Apparel,3881.82,249
P01430,Remain Max,Automotive,4910.94,368
P01431,Agree Max,Books,3473.98,354
P01432,Message Max,Beauty,648.26,258
P01433,Dinner Edition,Beauty,4031.85,22
P01434,Hear Pro,Home & Kitchen,4364.21,138
P01435,Environment Plus,Books,3195.92,421
P01436,House Pro,Grocery,1104.7,466
P01437,Soon Max,Sports,1761.51,107
P01438,Reality Edition,Books,2070.3,199
P01439,Force Max,Automotive,838.05,97
P01440,Police Plus,Grocery,1475.45,314
P01441,Several Max,Beauty,3944.77,35
P01442,Accept Lite,Grocery,3360.96,209
P01443,Rather Edition,Beauty,4173.63,151
P01444,Call Max,Books,2566.33,55
P01445,Certain Lite,Home & Kitchen,2492.34,183
P01446,Bank Plus,Apparel,2561.74,57
P01447,Upon Pro,Grocery,3409.3,291
P01448,Four Edition,Electronics,1287.05,210
P01449,Environment Edition,Home & Kitchen,4253.75,339
P01450,Song Plus,Books,4234.53,88
P01451,Family Lite,Sports,618.69,89
P01452,Somebody Lite,Beauty,2583.58,493
P01453,Trouble Plus,Books,428.11,170
P01454,Theory Max,Grocery,3188.32,122
P01455,For Edition,Home & Kitchen,2456.97,476
P01456,Billion Lite,Grocery,965.75,411
P01457,Stop Edition,Automotive,2909.49,42
P01458,Generation Edition,Automotive,3549.71,306
P01459,Center Edition,Automotive,4749.09,38
P01460,Able Pro,Sports,4932.73,387
P01461,Challenge Edition,Electronics,364.46,63
P01462,Which Edition,Automotive,692.91,321
P01463,Machine Lite,Beauty,4624.42,439
P01464,Catch Lite,Books,4545.51,159
P01465,Positive Lite,Home & Kitchen,1486.47,58
P01466,Ground Lite,Sports,3041.87,274
P01467,Security Plus,Beauty,3141.04,373
P01468,Care Max,Apparel,2086.36,336
P01469,Mention Lite,Books,1142.6,76
P01470,Group Edition,Beauty,966.3,129
P01471,Now Edition,Home & Kitchen,4088.16,7
P01472,Likely Plus,Home & Kitchen,4423.39,50
P01473,Foreign Max,Automotive,1907.66,340
P01474,Agency Edition,Books,509.21,367
P01475,Goal Pro,Sports,2123.33,344
P01476,Radio Plus,Apparel,879.05,6
P01477,Imagine Pro,Electronics,464.81,122
P01478,Base Edition,Beauty,352.0,99
P01479,Break Plus,Books,272.53,318
P01480,Yourself Plus,Beauty,4165.49,122
P01481,Reality Max,Home & Kitchen,1402.97,294
P01482,Pull Lite,Home & Kitchen,1181.08,337
P01483,Under Pro,Apparel,3517.9,68
P01484,Hot Plus,Home & Kitchen,2262.43,323
P01485,Land Lite,Electronics,3156.64,24
P01486,Rule Plus,Grocery,2997.85,409
P01487,Focus Max,Apparel,3449.55,243
P01488,Claim Plus,Automotive,2406.01,155
P01489,Court Plus,Automotive,4752.78,161
P01490,Cost Max,Electronics,2359.52,151
P01491,Talk Pro,Electronics,2146.27,129
P01492,Traditional Plus,Grocery,3175.41,203
P01493,Such Pro,Sports,3916.23,325
P01494,Citizen Max,Apparel,1286.53,350
P01495,Modern Pro,Automotive,3484.63,150
P01496,Security Edition,Electronics,1995.77,109
P01497,Prepare Pro,Grocery,2157.62,14
P01498,Ability Lite,Grocery,73.36,63
P01499,Line Pro,Beauty,1526.7,169
P01500,Weight Plus,Grocery,3704.25,40
P01501,Experience Pro,Grocery,2268.54,190
P01502,Stock Edition,Beauty,3148.26,412
P01503,Result Edition,Automotive,1594.06,460
P01504,Laugh Max,Automotive,1790.42,273
P01505,Begin Edition,Home & Kitchen,4653.12,0
P01506,Baby Max,Books,664.8,408
P01507,In Edition,Electronics,460.69,153
P01508,Finish Lite,Grocery,488.9,480
P01509,Here Max,Books,2644.34,276
P01510,Consumer Lite,Grocery,1524.53,56
P01511,Enjoy Max,Sports,2656.7,274
P01512,While Pro,Books,4911.45,492
P01513,Career Plus,Apparel,4468.33,73
P01514,Center Pro,Books,3896.4,99
P01515,Listen Pro,Electronics,2238.21,324
P01516,Store Plus,Automotive,3821.73,177
P01517,Writer Plus,Beauty,798.39,24
P01518,Three Lite,Books,477.96,296
P01519,Beyond Lite,Home & Kitchen,672.0,381
P01520,Cold Lite,Grocery,1821.24,270
P01521,Might Max,Books,1228.36,429
P01522,Good Max,Books,4614.34,296
P01523,Stay Edition,Beauty,266.26,13
P01524,Step Pro,Books,3641.96,498
P01525,Season Lite,Automotive,3999.62,335
P01526,Yet Max,Apparel,4544.07,159
P01527,Enjoy Lite,Home & Kitchen,50.08,215
P01528,Despite Max,Electronics,2588.62,253
P01529,Adult Lite,Books,671.26,225
P01530,Rate Pro,Beauty,3067.58,430
P01531,Safe Pro,Electronics,1519.73,409
P01532,Effect Max,Sports,1812.09,360
P01533,Themselves Plus,Automotive,610.95,355
P01534,Only Max,Electronics,171.84,40
P01535,Specific Lite,Apparel,2146.59,426
P01536,Heart Plus,Home & Kitchen,4432.4,377
P01537,Color Plus,Apparel,4808.5,457
P01538,Pull Plus,Home & Kitchen,2110.88,301
P01539,Value Plus,Beauty,2698.07,424
P01540,Wait Lite,Grocery,306.14,147
P01541,Her Max,Electronics,486.64,384
P01542,Government Lite,Grocery,1814.67,438
P01543,Join Pro,Home & Kitchen,862.83,495
P01544,Wife Lite,Books,3998.89,120
P01545,Notice Edition,Apparel,3203.47,89
P01546,Mean Edition,Automotive,3175.97,453
P01547,Quality Edition,Automotive,1972.43,2
P01548,Artist Pro,Sports,2408.54,67
P01549,Fall Edition,Beauty,2111.78,99
P01550,Past Max,Sports,1544.95,344
P01551,Onto Plus,Home & Kitchen,2654.68,459
P01552,Tough Edition,Books,3209.43,346
P01553,Point Pro,Sports,2499.69,415
P01554,Throughout Lite,Sports,4186.41,91
P01555,Include Edition,Beauty,3415.31,391
P01556,These Max,Sports,3281.83,223
P01557,Week Lite,Books,2021.47,262
P01558,Born Edition,Grocery,887.21,103
P01559,Key Pro,Electronics,4193.85,41
P01560,Create Max,Automotive,123.54,490
P01561,Southern Lite,Electronics,719.27,266
P01562,Cup Pro,Apparel,4198.71,411
P01563,Four Plus,Electronics,3339.75,384
P01564,Mouth Max,Automotive,3328.41,358
P01565,Dinner Plus,Beauty,763.45,367
P01566,Which Lite,Grocery,1189.6,3
P01567,Summer Pro,Sports,2995.15,355
P01568,Soon Edition,Apparel,4039.76,316
P01569,Player Lite,Apparel,1404.81,483
P01570,Several Edition,Sports,4845.26,9
P01571,Approach Max,Electronics,2963.21,171
P01572,Author Edition,Beauty,201.02,64
P01573,Talk Edition,Sports,1064.43,325
P01574,Market Pro,Home & Kitchen,3165.58,26
P01575,What Max,Beauty,1525.66,434
P01576,Dream Pro,Sports,1788.22,297
P01577,Nice Plus,Electronics,4391.04,154
P01578,Phone Edition,Beauty,4898.05,111
P01579,Pretty Edition,Electronics,1695.01,289
P01580,Plant Max,Beauty,685.26,405
P01581,Partner Plus,Automotive,959.72,390
P01582,Ask Pro,Beauty,3665.34,293
P01583,So Max,Grocery,3255.97,301
P01584,Simple Plus,Electronics,4257.84,58
P01585,Note Edition,Grocery,156.48,230
P01586,Key Plus,Grocery,4512.7,85
P01587,Source Lite,Beauty,762.3,144
P01588,Leave Plus,Automotive,3734.86,491
P01589,Recently Pro,Grocery,1712.18,409
P01590,Something Edition,Electronics,308.63,60
P01591,Tell Lite,Books,1447.88,133
P01592,Material Pro,Automotive,3454.22,40
P01593,Including Max,Beauty,4738.3,397
P01594,Billion Max,Sports,803.87,84
P01595,Population Plus,Automotive,4128.17,325
P01596,Grow Edition,Electronics,686.89,1
P01597,Series Lite,Sports,670.53,82
P01598,Thing Plus,Apparel,4035.09,208
P01599,All Max,Beauty,3379.11,225
P01600,Large Edition,Apparel,3650.41,415
P01601,Population Edition,Grocery,2598.03,174
P01602,Someone Plus,Books,4572.48,331
P01603,Left Edition,Books,3481.15,348
P01604,Camera Edition,Electronics,2155.99,371
P01605,Figure Plus,Electronics,521.4,416
P01606,Whether Edition,Electronics,3529.31,133
P01607,Material Pro,Electronics,932.02,211
P01608,Visit Edition,Grocery,2775.57,113
P01609,Vote Edition,Automotive,1396.11,428
P01610,Feel Pro,Beauty,221.38,161
P01611,Senior Pro,Beauty,740.83,376
P01612,Pick Lite,Electronics,765.02,346
P01613,Exist Edition,Home & Kitchen,2873.3,208
P01614,Major Max,Sports,430.17,318
P01615,Population Pro,Beauty,2431.67,382
P01616,Sit Plus,Beauty,2162.98,46
P01617,At Plus,Electronics,1798.4,98
P01618,Address Edition,Apparel,3630.91,87
P01619,Common Lite,Grocery,4405.09,362
P01620,Consumer Lite,Grocery,4118.21,270
P01621,Water Max,Sports,817.13,404
P01622,Upon Plus,Apparel,2967.81,306
P01623,Event Lite,Sports,3603.86,53
P01624,Hospital Plus,Books,1791.74,119
P01625,Main Pro,Automotive,2707.11,143
P01626,Type Pro,Sports,1590.07,456
P01627,Statement Pro,Automotive,2248.35,26
P01628,Whether Lite,Apparel,2796.83,66
P01629,Right Edition,Apparel,1251.42,433
P01630,Serve Edition,Apparel,1903.73,143
P01631,Long Max,Electronics,3336.4,23
P01632,Less Pro,Beauty,4685.78,452
P01633,Middle Lite,Grocery,1475.97,162
P01634,Meeting Lite,Sports,1675.59,298
P01635,Story Edition,Automotive,4963.51,270
P01636,Wear Plus,Books,227.51,97
P01637,Writer Max,Home & Kitchen,203.23,413
P01638,Painting Plus,Home & Kitchen,3423.57,26
P01639,Apply Pro,Electronics,3758.58,261
P01640,Challenge Pro,Home & Kitchen,419.6,132
P01641,More Max,Beauty,1737.23,184
P01642,Resource Plus,Grocery,1295.28,428
P01643,Born Edition,Home & Kitchen,3999.64,102
P01644,True Max,Grocery,2976.82,109
P01645,Ever Pro,Electronics,2706.53,252
P01646,Mean Plus,Sports,2243.52,346
P01647,First Edition,Books,1725.39,129
P01648,Similar Pro,Electronics,4816.89,224
P01649,Laugh Max,Sports,4337.25,16
P01650,Human Max,Beauty,1121.92,120
P01651,Hit Max,Grocery,3538.21,380
P01652,Network Plus,Electronics,4650.96,436
P01653,Drive Lite,Books,2112.28,360
P01654,Possible Edition,Books,2678.22,409
P01655,Drop Pro,Grocery,3975.39,19
P01656,Continue Edition,Sports,4194.94,401
P01657,Play Pro,Apparel,753.31,325
P01658,Fight Max,Beauty,3970.47,382
P01659,Race Max,Electronics,1455.31,133
P01660,Past Plus,Electronics,984.7,3
P01661,Population Pro,Apparel,3054.89,280
P01662,Control Plus,Beauty,1524.84,306
P01663,Laugh Pro,Sports,4339.93,411
P01664,Begin Pro,Apparel,4957.64,215
P01665,Wind Pro,Automotive,4253.61,331
P01666,Bit Edition,Books,970.55,382
P01667,Right Lite,Automotive,2844.36,340
P01668,Left Lite,Apparel,4603.49,147
P01669,If Max,Automotive,3413.7,195
P01670,Stock Lite,Automotive,2947.61,91
P01671,Main Plus,Home & Kitchen,1466.55,124
P01672,Age Plus,Books,4779.89,140
P01673,Record Edition,Apparel,634.05,370
P01674,Form Max,Sports,1417.7,10
P01675,Follow Plus,Beauty,1419.58,247
P01676,Field Edition,Apparel,3844.18,483
P01677,Adult Max,Electronics,1512.73,358
P01678,Fine Pro,Apparel,2814.49,488
P01679,Reduce Edition,Home & Kitchen,2656.36,277
P01680,Keep Plus,Sports,134.98,16
P01681,High Max,Home & Kitchen,4790.46,170
P01682,Put Plus,Electronics,4729.45,129
P01683,Too Edition,Apparel,3832.72,183
P01684,Way Max,Beauty,1804.11,380
P01685,Reduce Edition,Sports,223.2,397
P01686,Education Max,Grocery,4476.97,393
P01687,Apply Edition,Grocery,2874.8,304
P01688,Would Lite,Books,1917.92,207
P01689,Form Lite,Sports,1137.57,479
P01690,Sing Max,Grocery,205.92,478
P01691,Claim Edition,Electronics,3832.76,402
P01692,Arrive Pro,Sports,4075.62,228
P01693,Discussion Plus,Beauty,454.65,275
P01694,Professor Edition,Home & Kitchen,3010.83,411
P01695,Study Pro,Sports,2605.16,72
P01696,Education Lite,Home & Kitchen,4016.24,483
P01697,Station Pro,Electronics,3243.86,234
P01698,Draw Lite,Sports,2922.78,358
P01699,Every Lite,Automotive,2628.12,116
P01700,Garden Edition,Apparel,2308.85,23
P01701,Customer Plus,Electronics,1758.09,78
P01702,Training Lite,Grocery,914.65,148
P01703,Spend Plus,Apparel,3606.63,280
P01704,Lead Edition,Electronics,1812.86,272
P01705,Expert Edition,Automotive,2724.84,172
P01706,Oil Pro,Books,153.32,427
P01707,Consider Pro,Automotive,1686.36,23
P01708,Tell Max,Sports,4125.66,416
P01709,Board Edition,Automotive,2056.91,150
P01710,Wall Lite,Automotive,162.64,281
P01711,Identify Pro,Automotive,3494.11,30
P01712,Fall Max,Books,1819.72,193
P01713,Activity Max,Home & Kitchen,740.98,366
P01714,Standard Lite,Home & Kitchen,978.66,141
P01715,Edge Lite,Electronics,1590.93,335
P01716,Suggest Max,Beauty,2428.11,243
P01717,Investment Lite,Apparel,2190.39,301
P01718,Month Plus,Beauty,262.0,420
P01719,From Edition,Beauty,1424.2,81
P01720,Since Pro,Home & Kitchen,1721.13,476
P01721,Certainly Plus,Grocery,4310.97,419
P01722,Such Pro,Automotive,965.81,487
P01723,Name Pro,Electronics,2456.63,269
P01724,International Max,Automotive,398.54,259
P01725,Even Max,Automotive,3992.51,487
P01726,Outside Max,Apparel,4241.46,183
P01727,Least Plus,Books,386.41,105
P01728,Important Pro,Apparel,4537.15,188
P01729,Until Lite,Sports,3931.27,429
P01730,Only Lite,Grocery,2605.08,225
P01731,Believe Pro,Beauty,1314.43,218
P01732,Teacher Edition,Grocery,3000.58,3
P01733,Statement Pro,Home & Kitchen,3511.68,229
P01734,Rock Pro,Home & Kitchen,3491.39,120
P01735,Audience Plus,Sports,3967.22,401
P01736,Couple Max,Electronics,2062.85,20
P01737,Part Edition,Home & Kitchen,463.74,335
P01738,Accept Plus,Electronics,900.24,315
P01739,Despite Pro,Books,801.7,147
P01740,Build Edition,Grocery,3374.26,489
P01741,Let Lite,Electronics,3493.93,490
P01742,Look Max,Apparel,664.45,96
P01743,Couple Max,Electronics,1639.7,375
P01744,Or Pro,Home & Kitchen,4221.64,314
P01745,First Max,Grocery,104.02,500
P01746,Reduce Max,Apparel,1408.15,453
P01747,Former Lite,Books,4273.9,30
P01748,Long Plus,Sports,3309.22,318
P01749,American Lite,Books,3270.49,43
P01750,Set Plus,Beauty,1249.79,414
P01751,Group Max,Books,390.01,162
P01752,Traditional Plus,Home & Kitchen,2670.33,189
P01753,Cup Plus,Grocery,1708.09,493
P01754,Lead Pro,Apparel,3487.83,219
P01755,Reduce Plus,Books,1177.33,68
P01756,Very Edition,Books,1305.94,49
P01757,Officer Plus,Electronics,4151.61,470
P01758,Dream Max,Sports,1428.5,360
P01759,Room Max,Grocery,4587.81,237
P01760,Add Plus,Beauty,2445.68,323
P01761,Light Pro,Books,4228.37,114
P01762,Fear Lite,Books,772.55,60
P01763,Store Pro,Electronics,4945.71,154
P01764,Theory Pro,Home & Kitchen,420.27,45
P01765,Court Edition,Apparel,2157.56,379
P01766,Certainly Edition,Grocery,965.92,427
P01767,Rather Lite,Electronics,4580.47,3
P01768,Edge Lite,Automotive,2925.99,151
P01769,New Plus,Grocery,1248.43,221
P01770,Billion Lite,Apparel,4332.03,326
P01771,Whom Plus,Automotive,2024.58,500
P01772,Improve Plus,Electronics,3518.55,348
P01773,Discussion Pro,Automotive,2158.98,128
P01774,Clearly Edition,Automotive,1429.36,220
P01775,Stop Pro,Beauty,3795.33,282
P01776,Couple Lite,Electronics,594.06,498
P01777,Result Max,Electronics,3497.35,453
P01778,Never Pro,Grocery,792.0,492
P01779,Could Lite,Electronics,1660.9,0
P01780,Artist Max,Electronics,1229.15,473
P01781,Purpose Plus,Beauty,58.74,496
P01782,West Lite,Electronics,785.19,275
P01783,Party Edition,Beauty,2109.02,20
P01784,Away Lite,Beauty,627.01,263
P01785,Should Max,Sports,2516.67,60
P01786,See Edition,Grocery,4660.92,108
P01787,Decide Pro,Sports,1937.5,393
P01788,Concern Lite,Home & Kitchen,1465.2,67
P01789,Ago Plus,Electronics,4348.15,17
P01790,Yes Lite,Grocery,3310.95,138
P01791,Two Pro,Home & Kitchen,549.23,277
P01792,Bring Lite,Beauty,4211.12,310
P01793,Military Pro,Sports,878.22,153
P01794,Rock Edition,Electronics,4592.85,227
P01795,Shake Plus,Grocery,1951.62,166
P01796,Tend Pro,Home & Kitchen,490.17,156
P01797,Mother Plus,Apparel,1425.49,485
P01798,Cold Edition,Books,2876.85,93
P01799,Stay Max,Sports,1320.55,22
P01800,Cup Lite,Electronics,804.19,306
P01801,Spring Lite,Beauty,556.75,32
P01802,Rock Lite,Home & Kitchen,2300.73,183
P01803,Store Pro,Electronics,2881.45,163
P01804,Name Edition,Home & Kitchen,3706.06,342
P01805,Same Plus,Home & Kitchen,2170.84,376
P01806,Particular Max,Books,4319.11,390
P01807,Actually Lite,Beauty,2937.38,330
P01808,Physical Lite,Electronics,4182.89,64
P01809,Onto Lite,Books,944.13,15
P01810,Two Pro,Books,4223.88,208
P01811,Herself Lite,Home & Kitchen,1342.93,77
P01812,Can Edition,Beauty,2028.86,495
P01813,Maybe Lite,Electronics,3706.91,186
P01814,Party Max,Automotive,1274.8,8
P01815,Something Lite,Automotive,841.4,252
P01816,Skill Lite,Beauty,3379.13,433
P01817,Trouble Plus,Home & Kitchen,127.12,220
P01818,Air Lite,Sports,2882.39,489
P01819,Center Edition,Home & Kitchen,2182.02,231
P01820,Need Edition,Apparel,2902.23,142
P01821,Service Plus,Sports,1205.53,165
P01822,Area Lite,Automotive,1840.82,317
P01823,Cold Plus,Apparel,3160.91,451
P01824,Condition Plus,Automotive,3917.32,406
P01825,Force Pro,Sports,2424.25,189
P01826,Agree Max,Automotive,312.24,444
P01827,Land Edition,Grocery,683.25,350
P01828,Pattern Edition,Electronics,4977.67,271
P01829,Hair Lite,Books,3127.23,249
P01830,Work Lite,Sports,3738.84,171
P01831,Wrong Max,Home & Kitchen,695.13,244
P01832,Across Lite,Beauty,4694.62,161
P01833,Apply Pro,Apparel,2917.86,45
P01834,Can Pro,Home & Kitchen,191.61,19
P01835,For Edition,Beauty,329.61,41
P01836,Staff Edition,Automotive,2159.99,349
P01837,Sort Plus,Apparel,4916.18,444
P01838,Interesting Plus,Sports,1468.7,259
P01839,In Max,Electronics,1124.1,375
P01840,Throw Edition,Apparel,2392.84,240
P01841,Word Pro,Home & Kitchen,4177.87,412
P01842,Professor Lite,Grocery,68.15,70
P01843,Step Edition,Apparel,903.64,28
P01844,Room Pro,Electronics,4548.13,422
P01845,Story Pro,Automotive,3378.26,169
P01846,Receive Max,Electronics,399.62,482
P01847,Position Max,Grocery,3253.34,484
P01848,Knowledge Edition,Beauty,1648.77,177
P01849,Discussion Edition,Beauty,855.08,260
P01850,Medical Max,Books,816.45,257
P01851,Doctor Lite,Apparel,4598.37,58
P01852,Final Pro,Grocery,4015.69,297
P01853,Beautiful Lite,Beauty,2939.3,480
P01854,Member Edition,Books,2181.89,403
P01855,Let Edition,Beauty,4770.09,330
P01856,Low Plus,Beauty,3245.22,352
P01857,Mouth Lite,Grocery,1442.09,10
P01858,End Edition,Automotive,3911.25,88
P01859,Nation Lite,Beauty,2936.4,355
P01860,Yard Lite,Automotive,269.76,16
P01861,Me Pro,Apparel,1757.33,371
P01862,Them Max,Electronics,527.39,264
P01863,Off Lite,Home & Kitchen,4171.66,171
P01864,Ok Edition,Home & Kitchen,3973.09,78
P01865,Argue Edition,Sports,136.6,122
P01866,Mr Plus,Grocery,4673.82,249
P01867,Trade Max,Beauty,1609.25,175
P01868,Rule Max,Books,4797.83,220
P01869,Condition Max,Automotive,3380.73,438
P01870,Condition Edition,Grocery,4271.24,200
P01871,Soldier Pro,Beauty,2283.55,487
P01872,Upon Lite,Books,3039.05,308
P01873,Such Lite,Apparel,569.89,426
P01874,Right Edition,Beauty,1297.22,17
P01875,Service Plus,Automotive,702.76,279
P01876,Project Pro,Grocery,4192.12,64
P01877,Source Edition,Books,1979.44,15
P01878,Open Pro,Automotive,1903.86,302
P01879,Strategy Lite,Automotive,447.16,480
P01880,Example Plus,Apparel,771.57,326
P01881,New Edition,Home & Kitchen,1513.4,163
P01882,Think Plus,Sports,4169.84,139
P01883,Politics Max,Grocery,2815.41,30
P01884,It Max,Books,3743.88,143
P01885,Officer Lite,Electronics,4616.31,264
P01886,Option Plus,Home & Kitchen,4136.17,406
P01887,Recognize Edition,Grocery,3252.68,297
P01888,Must Edition,Automotive,1274.64,156
P01889,Southern Edition,Apparel,1929.08,221
P01890,Still Lite,Books,2035.01,242
P01891,Skill Max,Grocery,4364.47,60
P01892,Put Max,Apparel,2363.94,144
P01893,Along Edition,Books,1859.23,129
P01894,Gun Max,Electronics,3704.12,411
P01895,Time Lite,Home & Kitchen,256.01,474
P01896,Sometimes Max,Electronics,1529.88,320
P01897,Before Max,Grocery,3036.38,134
P01898,Feeling Lite,Electronics,1206.17,219
P01899,Finally Edition,Home & Kitchen,366.97,203
P01900,Gun Plus,Sports,194.48,2
P01901,Suggest Edition,Electronics,3400.78,437
P01902,Performance Max,Books,4563.12,372
P01903,Have Edition,Beauty,1664.44,470
P01904,Where Lite,Home & Kitchen,1222.77,100
P01905,Suddenly Max,Home & Kitchen,3912.82,174
P01906,Whose Max,Apparel,522.03,63
P01907,Bank Max,Automotive,949.11,498
P01908,Town Edition,Home & Kitchen,2797.96,7
P01909,Likely Lite,Grocery,4377.18,453
P01910,Impact Lite,Automotive,4103.42,57
P01911,Believe Edition,Grocery,567.17,287
P01912,Production Pro,Sports,3411.26,176
P01913,Could Lite,Grocery,1674.07,283
P01914,Stock Pro,Beauty,3072.99,26
P01915,Morning Lite,Automotive,3733.74,111
P01916,Manage Lite,Beauty,4779.4,52
P01917,Consider Pro,Electronics,1376.97,200
P01918,Think Lite,Sports,3965.44,74
P01919,Thus Max,Electronics,70.79,268
P01920,Wife Max,Grocery,709.26,309
P01921,Thought Edition,Beauty,1018.54,24
P01922,Least Max,Home & Kitchen,313.5,100
P01923,Campaign Edition,Automotive,3497.84,286
P01924,Hair Edition,Grocery,449.35,308
P01925,Five Max,Sports,2228.74,361
P01926,Itself Max,Home & Kitchen,848.23,322
P01927,Our Lite,Books,983.83,433
P01928,Indicate Lite,Apparel,2104.87,380
P01929,Finish Plus,Electronics,2705.84,250
P01930,It Plus,Automotive,4398.9,12
P01931,Determine Edition,Grocery,801.17,90
P01932,Stand Plus,Automotive,536.03,285
P01933,Easy Plus,Grocery,297.84,346
P01934,Drive Plus,Grocery,4016.14,202
P01935,Less Pro,Sports,4968.12,211
P01936,Wonder Pro,Apparel,865.23,277
P01937,Though Edition,Electronics,3709.76,315
P01938,Expect Max,Automotive,4746.4,483
P01939,Study Max,Beauty,141.56,359
P01940,Dark Lite,Grocery,1239.42,382
P01941,Feel Pro,Home & Kitchen,533.2,384
P01942,City Plus,Home & Kitchen,276.57,312
P01943,Maybe Pro,Sports,488.87,37
P01944,Low Plus,Grocery,2341.35,120
P01945,Home Lite,Automotive,2262.82,109
P01946,Hear Edition,Sports,4249.31,154
P01947,Same Pro,Sports,1756.05,349
P01948,Difficult Lite,Sports,2189.55,287
P01949,Use Plus,Apparel,3321.46,431
P01950,Agent Plus,Electronics,3220.08,117
P01951,Good Plus,Books,718.48,371
P01952,Start Lite,Automotive,4602.24,63
P01953,Himself Max,Books,3327.39,180
P01954,Dog Max,Grocery,3454.41,354
P01955,Always Max,Apparel,1744.24,210
P01956,Computer Max,Grocery,4366.82,178
P01957,Sister Pro,Electronics,3570.95,151
P01958,Bring Max,Electronics,2202.86,190
P01959,Decide Edition,Automotive,266.5,363
P01960,Surface Plus,Beauty,1983.88,128
P01961,Positive Edition,Sports,2949.06,392
P01962,Only Pro,Automotive,3434.42,65
P01963,Action Max,Electronics,3941.49,266
P01964,Mean Edition,Home & Kitchen,885.02,118
P01965,General Edition,Grocery,2879.16,228
P01966,Many Pro,Sports,2221.72,326
P01967,Value Pro,Home & Kitchen,3171.85,339
P01968,Vote Pro,Beauty,2642.01,465
P01969,Reach Edition,Sports,3764.38,279
P01970,Rich Plus,Electronics,871.76,72
P01971,Meet Edition,Beauty,1696.04,425
P01972,Part Pro,Books,4531.57,203
P01973,Because Edition,Sports,1835.68,435
P01974,From Lite,Beauty,4847.36,203
P01975,Expert Max,Books,3076.46,180
P01976,Back Pro,Books,1548.02,405
P01977,Stay Lite,Electronics,629.18,271
P01978,Game Plus,Home & Kitchen,3622.42,190
P01979,Skin Edition,Home & Kitchen,4151.12,215
P01980,Democratic Edition,Sports,173.11,269
P01981,Catch Lite,Grocery,2706.31,440
P01982,Interesting Pro,Home & Kitchen,3900.18,57
P01983,Involve Lite,Books,2810.97,113
P01984,That Plus,Apparel,1772.29,114
P01985,Base Max,Grocery,3137.24,434
P01986,Source Pro,Electronics,3825.33,138
P01987,Section Lite,Books,2123.79,143
P01988,Sure Edition,Books,3975.05,139
P01989,Can Edition,Grocery,4044.52,18
P01990,Unit Pro,Grocery,2396.34,190
P01991,Prove Lite,Home & Kitchen,1802.1,181
P01992,This Plus,Electronics,472.83,419
P01993,Structure Pro,Home & Kitchen,1039.93,320
P01994,Natural Edition,Apparel,3887.72,331
P01995,Unit Lite,Beauty,2146.74,445
P01996,Cultural Pro,Automotive,1406.08,410
P01997,Return Lite,Sports,2917.2,380
P01998,Enter Lite,Books,1162.32,49
P01999,Bring Edition,Grocery,806.65,209
P02000,Natural Pro,Grocery,238.29,89
P02001,Arrive Lite,Automotive,4896.13,363
P02002,World Pro,Grocery,3443.29,153
P02003,Recently Edition,Electronics,2586.3,96
P02004,Son Lite,Home & Kitchen,2813.23,484
P02005,Pull Pro,Apparel,4133.59,241
P02006,Opportunity Edition,Electronics,4385.54,30
P02007,Line Max,Sports,2600.07,303
P02008,Before Max,Beauty,4005.27,212
P02009,Three Max,Sports,3227.73,269
P02010,Local Lite,Sports,3480.93,366
P02011,Behind Max,Electronics,4922.52,416
P02012,How Lite,Grocery,3270.46,318
P02013,Exist Pro,Sports,985.93,77
P02014,Indicate Pro,Home & Kitchen,2850.39,2
P02015,Strong Lite,Apparel,1545.02,369
P02016,Benefit Lite,Grocery,2766.5,486
P02017,Writer Plus,Grocery,956.04,421
P02018,Coach Max,Grocery,4138.44,160
P02019,Worry Edition,Apparel,454.56,147
P02020,Travel Lite,Books,3196.81,350
P02021,Trial Plus,Books,3734.42,494
P02022,Address Max,Home & Kitchen,1745.29,297
P02023,Energy Lite,Sports,3392.68,215
P02024,North Plus,Sports,3046.79,4
P02025,Key Plus,Automotive,503.88,497
P02026,Ask Plus,Beauty,1065.04,421
P02027,Hold Plus,Apparel,3005.89,224
P02028,Appear Max,Apparel,4322.49,292
P02029,Production Lite,Grocery,4084.97,467
P02030,While Pro,Books,3025.97,477
P02031,Friend Plus,Beauty,4775.79,125
P02032,Future Edition,Sports,4177.89,319
P02033,Career Plus,Books,1698.8,220
P02034,Phone Lite,Books,4443.85,448
P02035,Enough Plus,Home & Kitchen,2603.27,385
P02036,May Max,Books,4168.63,324
P02037,Many Plus,Books,1929.5,376
P02038,Look Lite,Home & Kitchen,4720.2,387
P02039,Service Max,Home & Kitchen,4594.63,228
P02040,Play Max,Automotive,4897.81,191
P02041,Hot Plus,Grocery,996.78,319
P02042,Lawyer Plus,Books,2240.71,370
P02043,Treatment Max,Apparel,1656.82,332
P02044,Policy Pro,Home & Kitchen,2046.67,176
P02045,Board Plus,Sports,4185.53,66
P02046,Hair Lite,Apparel,864.25,20
P02047,Million Plus,Books,244.31,91
P02048,Pass Max,Grocery,2699.22,401
P02049,Yeah Plus,Books,789.97,230
P02050,Factor Pro,Beauty,1323.76,91
P02051,Finally Lite,Grocery,2938.48,69
P02052,Customer Pro,Beauty,799.95,150
P02053,Stop Lite,Electronics,1740.24,224
P02054,Official Edition,Home & Kitchen,4521.2,356
P02055,Course Lite,Automotive,3828.17,307
P02056,Window Lite,Sports,1643.26,424
P02057,Industry Edition,Apparel,4268.36,350
P02058,Audience Edition,Home & Kitchen,2718.5,5
P02059,Nothing Pro,Grocery,1179.87,254
P02060,Big Pro,Electronics,1496.03,332
P02061,Treatment Edition,Grocery,4490.29,287
P02062,Hour Edition,Grocery,1622.88,324
P02063,Choice Pro,Beauty,3726.29,359
P02064,Station Lite,Automotive,770.7,387
P02065,Usually Plus,Electronics,3536.16,156
P02066,Amount Pro,Automotive,2383.04,22
P02067,Local Lite,Grocery,1390.01,472
P02068,Tell Plus,Beauty,1228.59,272
P02069,Religious Plus,Sports,2434.09,196
P02070,Economic Plus,Beauty,2041.65,179
P02071,City Plus,Apparel,3319.24,325
P02072,Huge Edition,Grocery,3457.26,290
P02073,Physical Pro,Books,4714.25,376
P02074,Down Lite,Apparel,2927.05,382
P02075,Board Plus,Home & Kitchen,1533.37,455
P02076,Top Edition,Home & Kitchen,2941.24,192
P02077,Surface Plus,Apparel,3527.94,196
P02078,Minute Edition,Sports,3135.56,151
P02079,Recognize Plus,Grocery,3739.01,388
P02080,State Max,Grocery,4226.51,479
P02081,Significant Max,Grocery,3050.21,223
P02082,There Edition,Sports,2916.4,229
P02083,Say Pro,Automotive,3797.44,12
P02084,Situation Lite,Books,3145.56,55
P02085,More Plus,Electronics,652.46,384
P02086,Conference Lite,Apparel,3068.52,117
P02087,Play Pro,Apparel,3830.04,265
P02088,International Max,Home & Kitchen,3614.55,117
P02089,Short Pro,Sports,558.02,474
P02090,Kitchen Edition,Books,1382.08,62
P02091,Just Edition,Books,2513.79,475
P02092,Lose Edition,Electronics,4326.18,138
P02093,Movie Edition,Sports,1771.13,88
P02094,Fast Pro,Apparel,4506.46,203
P02095,Almost Plus,Apparel,639.7,457
P02096,Director Pro,Books,1812.84,453
P02097,About Lite,Grocery,3152.29,451
P02098,Stock Plus,Automotive,1190.71,457
P02099,Food Edition,Books,3825.86,356
P02100,Push Lite,Apparel,1014.79,37
P02101,List Pro,Sports,2633.54,241
P02102,Around Lite,Books,2137.16,212
P02103,Can Lite,Electronics,1047.86,433
P02104,Part Max,Beauty,4866.46,255
P02105,Look Pro,Automotive,942.81,38
P02106,Cultural Pro,Beauty,3367.05,492
P02107,Action Edition,Automotive,3194.21,174
P02108,Later Plus,Home & Kitchen,4788.0,420
P02109,Oil Max,Beauty,2957.55,21
P02110,Whether Max,Grocery,4760.95,479
P02111,Shoulder Lite,Home & Kitchen,4735.49,439
P02112,Into Edition,Sports,1878.68,298
P02113,Word Max,Grocery,2905.91,284
P02114,Become Pro,Apparel,383.56,189
P02115,Sound Edition,Sports,749.68,283
P02116,Easy Max,Home & Kitchen,996.48,344
P02117,Family Max,Books,810.8,141
P02118,Focus Edition,Home & Kitchen,2208.13,226
P02119,Have Pro,Grocery,1270.57,139
P02120,Crime Max,Home & Kitchen,3407.14,342
P02121,Age Max,Grocery,2790.73,40
P02122,Sometimes Max,Books,3565.87,6
P02123,Beat Pro,Home & Kitchen,3916.85,472
P02124,Despite Edition,Apparel,4561.0,484
P02125,Reflect Plus,Apparel,1952.5,123
P02126,Even Plus,Home & Kitchen,4043.23,103
P02127,Sea Edition,Home & Kitchen,2637.41,184
P02128,Letter Max,Beauty,3609.31,320
P02129,Close Plus,Apparel,3045.16,338
P02130,Effort Pro,Home & Kitchen,404.54,245
P02131,War Plus,Grocery,1048.8,330
P02132,Each Pro,Books,4156.65,158
P02133,Machine Edition,Apparel,885.27,219
P02134,Be Edition,Home & Kitchen,755.19,51
P02135,Art Max,Home & Kitchen,1156.33,472
P02136,Explain Lite,Grocery,2215.26,62
P02137,Movement Pro,Grocery,1518.24,50
P02138,Avoid Pro,Beauty,2734.0,419
P02139,Quickly Pro,Grocery,3668.89,390
P02140,Soon Edition,Home & Kitchen,3675.18,136
P02141,Large Max,Automotive,254.01,399
P02142,Of Lite,Sports,2474.03,115
P02143,Between Max,Beauty,4179.06,484
P02144,Month Edition,Beauty,2294.48,328
P02145,Most Edition,Apparel,4343.0,45
P02146,Account Edition,Sports,2709.85,225
P02147,Beautiful Plus,Grocery,3649.87,180
P02148,Level Plus,Books,2977.86,450
P02149,Decide Lite,Books,749.48,470
P02150,These Plus,Apparel,3142.03,326
P02151,Million Edition,Home & Kitchen,1503.82,113
P02152,None Pro,Electronics,4454.85,431
P02153,Start Lite,Automotive,1185.08,78
P02154,Hospital Max,Books,3458.43,363
P02155,Learn Plus,Automotive,3152.03,33
P02156,Deep Plus,Sports,2066.75,474
P02157,Standard Edition,Electronics,4522.74,17
P02158,Garden Plus,Electronics,2936.14,224
P02159,Key Edition,Apparel,2377.52,288
P02160,Himself Edition,Books,2893.35,294
P02161,Deal Pro,Sports,4971.23,159
P02162,Market Plus,Sports,2925.63,37
P02163,Physical Max,Electronics,1901.55,412
P02164,Continue Pro,Grocery,492.15,343
P02165,Summer Edition,Grocery,1456.73,93
P02166,Process Lite,Sports,4518.34,433
P02167,Relationship Edition,Electronics,1820.49,80
P02168,Kitchen Max,Electronics,109.2,215
P02169,Draw Edition,Home & Kitchen,4843.1,415
P02170,State Pro,Electronics,3984.82,480
P02171,Stage Lite,Beauty,1624.86,483
P02172,Week Edition,Apparel,4646.75,142
P02173,Might Lite,Beauty,2146.32,298
P02174,Young Lite,Sports,507.66,173
P02175,Production Lite,Electronics,2660.5,195
P02176,Foot Lite,Automotive,3747.65,73
P02177,Break Edition,Electronics,2792.88,58
P02178,First Max,Grocery,2476.48,378
P02179,Them Plus,Electronics,4761.17,1
P02180,Cover Max,Grocery,1838.71,443
P02181,Finish Pro,Grocery,4416.25,384
P02182,Factor Edition,Home & Kitchen,3081.03,408
P02183,Also Max,Books,4818.33,40
P02184,Some Lite,Books,1263.87,33
P02185,Sometimes Pro,Automotive,661.35,373
P02186,If Pro,Apparel,4362.87,239
P02187,Receive Plus,Sports,2640.4,178
P02188,Time Lite,Apparel,4305.39,454
P02189,Week Lite,Home & Kitchen,4410.74,153
P02190,Home Lite,Automotive,244.32,101
P02191,White Max,Books,3905.0,180
P02192,Social Edition,Grocery,4288.46,264
P02193,Onto Lite,Automotive,3879.86,457
P02194,Wear Max,Apparel,3820.14,467
P02195,Thank Pro,Apparel,1698.2,73
P02196,Girl Lite,Grocery,1146.68,233
P02197,Again Lite,Home & Kitchen,1104.16,311
P02198,And Edition,Home & Kitchen,4399.72,118
P02199,No Lite,Sports,2831.88,255
P02200,Far Pro,Grocery,1486.38,437
P02201,Participant Pro,Sports,4309.85,267
P02202,Every Edition,Beauty,4382.86,482
P02203,Reveal Max,Apparel,4030.23,110
P02204,Put Pro,Home & Kitchen,3012.26,52
P02205,Discover Lite,Apparel,3453.08,122
P02206,Church Pro,Home & Kitchen,4460.44,420
P02207,Week Plus,Sports,1523.66,494
P02208,South Max,Apparel,2866.34,57
P02209,Foot Lite,Grocery,1302.84,228
P02210,Continue Max,Sports,280.66,473
P02211,Who Lite,Sports,3605.16,206
P02212,Including Plus,Electronics,1263.07,196
P02213,Bank Pro,Apparel,3260.11,431
P02214,Attack Plus,Home & Kitchen,4692.48,46
P02215,Nothing Pro,Electronics,1627.19,341
P02216,Run Pro,Automotive,3066.9,152
P02217,Page Max,Grocery,3716.28,254
P02218,Dream Lite,Sports,3422.92,115
P02219,Respond Plus,Grocery,3552.15,430
P02220,Occur Edition,Sports,3927.9,373
P02221,Service Lite,Apparel,3753.13,198
P02222,Place Max,Electronics,1991.3,378
P02223,Anything Lite,Automotive,3126.13,25
P02224,Door Max,Sports,2443.7,380
P02225,Main Edition,Home & Kitchen,4882.58,277
P02226,Financial Edition,Grocery,1499.18,205
P02227,Clearly Lite,Home & Kitchen,3326.35,478
P02228,Former Lite,Books,1000.69,104
P02229,Once Lite,Electronics,1719.2,428
P02230,Site Plus,Beauty,548.15,472
P02231,Morning Edition,Grocery,536.32,301
P02232,Price Edition,Home & Kitchen,642.92,64
P02233,Citizen Edition,Grocery,3496.61,489
P02234,Kind Edition,Home & Kitchen,2716.95,448
P02235,Seven Edition,Electronics,4807.33,202
P02236,Control Max,Home & Kitchen,111.12,190
P02237,Treat Pro,Beauty,2464.05,199
P02238,Difficult Lite,Grocery,2533.14,274
P02239,Police Lite,Grocery,3143.37,92
P02240,Party Pro,Apparel,1995.57,498
P02241,This Pro,Home & Kitchen,3456.98,317
P02242,Partner Max,Automotive,3142.85,319
P02243,Floor Plus,Home & Kitchen,4969.11,306
P02244,Model Lite,Electronics,1843.41,278
P02245,Last Lite,Books,215.92,1
P02246,Main Edition,Electronics,4111.26,420
P02247,Win Edition,Home & Kitchen,1858.99,324
P02248,Her Max,Grocery,785.18,490
P02249,Daughter Plus,Grocery,1793.44,267
P02250,Seven Lite,Home & Kitchen,3659.04,484
P02251,Beat Max,Books,596.89,456
P02252,Country Max,Books,3224.05,498
P02253,Contain Max,Automotive,4061.26,96
P02254,Business Max,Sports,1212.99,64
P02255,Lay Edition,Home & Kitchen,979.07,192
P02256,Author Lite,Sports,4045.81,479
P02257,Idea Lite,Grocery,4609.07,367
P02258,Produce Plus,Grocery,4367.33,83
P02259,Both Lite,Home & Kitchen,1997.39,327
P02260,Medical Max,Beauty,4423.34,273
P02261,Build Plus,Automotive,2902.25,123
P02262,Effect Max,Automotive,77.18,112
P02263,Everyone Lite,Sports,463.26,52
P02264,Individual Edition,Grocery,2405.21,127
P02265,Bit Pro,Grocery,3083.5,196
P02266,Character Plus,Books,889.17,210
P02267,Improve Max,Electronics,1618.5,446
P02268,Position Plus,Grocery,1729.46,91
P02269,Appear Edition,Electronics,3913.07,167
P02270,Sell Edition,Sports,1515.79,206
P02271,Inside Pro,Beauty,3029.91,448
P02272,Rich Edition,Electronics,2344.6,365
P02273,Away Plus,Apparel,1209.95,87
P02274,Down Max,Grocery,2854.05,146
P02275,Laugh Edition,Apparel,672.5,236
P02276,Service Plus,Sports,2279.51,467
P02277,Happen Max,Sports,2728.24,15
P02278,Follow Max,Beauty,3142.68,377
P02279,Test Max,Automotive,3229.32,272
P02280,Hold Pro,Apparel,1963.95,58
P02281,Inside Edition,Beauty,1785.97,394
P02282,Ten Max,Books,4031.77,146
P02283,Write Max,Apparel,4619.48,340
P02284,Newspaper Max,Beauty,741.82,463
P02285,Current Max,Home & Kitchen,137.19,40
P02286,Develop Plus,Electronics,2866.96,383
P02287,Black Pro,Grocery,2457.01,69
P02288,Name Edition,Home & Kitchen,634.98,436
P02289,Trial Lite,Grocery,4753.69,432
P02290,Thought Edition,Automotive,1953.05,389
P02291,We Lite,Home & Kitchen,3055.38,18
P02292,Soldier Pro,Apparel,2322.61,227
P02293,Know Max,Grocery,1152.76,329
P02294,Only Max,Electronics,4846.9,192
P02295,Produce Max,Automotive,4970.01,327
P02296,Sound Plus,Home & Kitchen,1298.58,62
P02297,Head Plus,Electronics,3548.72,173
P02298,Five Max,Apparel,93.66,217
P02299,Item Max,Automotive,3568.51,42
P02300,Huge Plus,Electronics,1909.29,143
P02301,The Lite,Electronics,580.86,74
P02302,Three Lite,Beauty,518.23,457
P02303,Away Max,Automotive,2083.0,275
P02304,Need Pro,Home & Kitchen,2196.0,380
P02305,Consider Plus,Apparel,1741.75,275
P02306,Prevent Plus,Automotive,4663.36,175
P02307,Control Lite,Books,3463.34,341
P02308,By Pro,Electronics,348.66,467
P02309,Involve Plus,Home & Kitchen,3002.48,160
P02310,Technology Pro,Electronics,4545.68,120
P02311,Question Pro,Sports,4672.98,232
P02312,Contain Edition,Apparel,3497.78,193
P02313,Away Plus,Beauty,1838.44,322
P02314,Reflect Pro,Grocery,1735.38,474
P02315,Design Pro,Home & Kitchen,2425.13,492
P02316,Similar Pro,Automotive,4586.3,165
P02317,Discuss Edition,Sports,1588.51,201
P02318,Reflect Plus,Grocery,1449.89,154
P02319,Speak Edition,Sports,4091.1,486
P02320,Order Max,Apparel,4497.77,210
P02321,Position Edition,Home & Kitchen,4798.55,165
P02322,Study Plus,Apparel,1925.69,5
P02323,Try Plus,Beauty,2767.07,356
P02324,Fund Pro,Automotive,3285.07,175
P02325,Big Edition,Beauty,130.82,393
P02326,Common Max,Grocery,3107.64,300
P02327,Left Pro,Electronics,3904.2,428
P02328,Government Pro,Grocery,1815.61,356
P02329,Although Lite,Grocery,4829.27,199
P02330,Realize Lite,Apparel,862.09,222
P02331,Up Pro,Books,2206.43,60
P02332,Interview Lite,Books,498.15,471
P02333,Common Plus,Sports,692.06,301
P02334,Result Lite,Home & Kitchen,2297.56,72
P02335,College Lite,Grocery,3642.12,76
P02336,Across Pro,Beauty,567.2,225
P02337,Set Plus,Home & Kitchen,3541.1,51
P02338,Difficult Plus,Beauty,2934.4,448
P02339,Through Max,Electronics,2563.13,80
P02340,Task Pro,Sports,1256.38,250
P02341,Or Max,Electronics,2953.12,170
P02342,Yeah Max,Beauty,4739.28,232
P02343,Feeling Pro,Beauty,803.26,27
P02344,Plant Pro,Sports,246.46,118
P02345,Smile Plus,Sports,3268.84,428
P02346,Exactly Edition,Apparel,4848.06,358
P02347,Could Lite,Electronics,761.45,82
P02348,Garden Edition,Automotive,3679.31,60
P02349,Stand Lite,Automotive,4711.1,221
P02350,Police Plus,Apparel,1575.37,179
P02351,Thank Lite,Home & Kitchen,2544.8,404
P02352,Bad Max,Books,3344.84,368
P02353,War Pro,Books,582.64,295
P02354,Before Max,Books,2790.8,427
P02355,Detail Edition,Beauty,4397.07,408
P02356,Support Plus,Beauty,4246.96,100
P02357,American Max,Automotive,3209.27,446
P02358,Power Plus,Apparel,669.65,292
P02359,Up Edition,Grocery,282.5,307
P02360,International Plus,Beauty,2666.0,315
P02361,Party Max,Sports,624.63,58
P02362,Want Edition,Electronics,3626.5,122
P02363,Note Pro,Automotive,4908.01,442
P02364,Science Lite,Apparel,1437.56,237
P02365,Opportunity Lite,Sports,1611.83,465
P02366,Create Lite,Automotive,3119.01,209
P02367,News Max,Books,4912.93,492
P02368,Your Lite,Home & Kitchen,3258.29,177
P02369,Friend Plus,Sports,3295.03,117
P02370,It Pro,Apparel,4829.74,369
P02371,Mother Max,Books,288.0,337
P02372,Baby Plus,Books,1495.57,35
P02373,Father Plus,Grocery,2855.72,184
P02374,Billion Plus,Automotive,3751.6,195
P02375,Policy Plus,Home & Kitchen,2070.57,432
P02376,Friend Max,Sports,1297.92,477
P02377,Since Plus,Beauty,4651.71,343
P02378,Firm Lite,Home & Kitchen,1975.78,458
P02379,Success Edition,Electronics,4983.84,452
P02380,Until Edition,Grocery,4484.3,64
P02381,Than Plus,Apparel,2020.96,426
P02382,Account Pro,Beauty,4088.33,153
P02383,Campaign Max,Automotive,4984.82,203
P02384,Some Pro,Sports,2224.38,228
P02385,Hundred Lite,Electronics,463.03,13
P02386,Treat Max,Sports,4383.95,143
P02387,Almost Max,Automotive,1324.22,497
P02388,Art Pro,Beauty,1263.18,470
P02389,Of Lite,Books,1166.59,139
P02390,Population Max,Apparel,1087.92,273
P02391,Enjoy Plus,Books,4070.15,239
P02392,Service Edition,Grocery,1281.48,377
P02393,Current Lite,Beauty,3090.62,269
P02394,Stop Plus,Home & Kitchen,4316.8,24
P02395,When Lite,Automotive,3381.88,304
P02396,Picture Plus,Books,3649.95,406
P02397,Author Edition,Beauty,84.45,307
P02398,Develop Max,Books,1430.68,86
P02399,Might Plus,Apparel,342.43,267
P02400,Hospital Max,Electronics,3204.65,435
P02401,Share Plus,Sports,3490.42,382
P02402,Friend Max,Grocery,248.66,238
P02403,Return Lite,Books,1989.03,125
P02404,Training Plus,Beauty,4400.15,132
P02405,Whose Pro,Home & Kitchen,2441.17,321
P02406,Church Plus,Electronics,2915.56,349
P02407,Nice Plus,Books,1455.57,308
P02408,Subject Edition,Automotive,1721.6,160
P02409,Seem Lite,Automotive,3395.69,222
P02410,Nor Pro,Apparel,2493.15,317
P02411,But Max,Grocery,3912.98,159
P02412,Trouble Pro,Books,3287.09,98
P02413,Response Pro,Beauty,4787.46,267
P02414,Military Max,Electronics,394.37,294
P02415,Drug Plus,Home & Kitchen,4881.74,271
P02416,Owner Max,Apparel,735.31,412
P02417,Room Edition,Automotive,2556.31,6
P02418,Important Pro,Beauty,205.7,86
P02419,Where Pro,Sports,3923.98,302
P02420,Real Plus,Beauty,3472.97,298
P02421,Year Edition,Electronics,1222.52,3
P02422,Security Edition,Books,4653.7,112
P02423,Authority Max,Home & Kitchen,3850.79,343
P02424,Kid Edition,Apparel,1678.57,452
P02425,Language Plus,Automotive,3784.19,346
P02426,Weight Lite,Beauty,1873.99,273
P02427,Perform Lite,Books,4883.22,268
P02428,Way Plus,Beauty,3803.85,336
P02429,Until Max,Sports,2355.68,115
P02430,Water Max,Sports,2186.51,7
P02431,Behavior Pro,Electronics,3692.28,456
P02432,Morning Lite,Automotive,519.8,309
P02433,Occur Lite,Automotive,70.03,398
P02434,Position Plus,Automotive,310.77,420
P02435,Father Max,Books,581.35,446
P02436,Stand Plus,Apparel,1420.14,235
P02437,Stay Lite,Beauty,2373.42,70
P02438,Player Max,Beauty,1639.12,177
P02439,Three Max,Home & Kitchen,4589.96,255
P02440,Suggest Pro,Apparel,83.84,404
P02441,Doctor Max,Home & Kitchen,1101.61,436
P02442,Town Edition,Apparel,2952.36,140
P02443,Expert Plus,Beauty,2388.58,344
P02444,Since Edition,Sports,2333.77,316
P02445,Forward Plus,Home & Kitchen,3833.98,63
P02446,Safe Plus,Beauty,4742.05,397
P02447,Public Pro,Sports,2328.74,112
P02448,Standard Pro,Books,3003.86,50
P02449,Wind Lite,Beauty,2876.3,287
P02450,Idea Max,Automotive,321.23,162
P02451,Market Edition,Sports,2300.54,484
P02452,One Pro,Automotive,882.23,291
P02453,Bed Edition,Sports,142.26,254
P02454,Happy Max,Books,2157.67,26
P02455,Begin Plus,Home & Kitchen,3875.18,376
P02456,Recognize Pro,Electronics,2360.16,250
P02457,Administration Plus,Home & Kitchen,2068.91,74
P02458,Cup Edition,Sports,4071.6,480
P02459,Matter Edition,Grocery,3039.19,248
P02460,Decade Lite,Automotive,3545.44,467
P02461,Particularly Plus,Sports,3197.09,500
P02462,Which Edition,Sports,1471.31,87
P02463,Week Lite,Grocery,3785.51,366
P02464,Improve Max,Electronics,3672.31,96
P02465,Offer Plus,Automotive,1337.58,245
P02466,Can Edition,Books,134.05,460
P02467,Game Max,Sports,1516.46,360
P02468,Yeah Plus,Beauty,4231.15,448
P02469,Ground Plus,Beauty,2756.07,500
P02470,Something Max,Beauty,4592.66,278
P02471,Adult Edition,Books,4845.35,485
P02472,Yourself Pro,Electronics,4032.68,168
P02473,Treat Plus,Sports,1752.53,347
P02474,After Edition,Sports,3041.77,65
P02475,Cell Pro,Automotive,807.34,265
P02476,Theory Edition,Home & Kitchen,3770.82,292
P02477,Loss Edition,Electronics,815.55,37
P02478,Position Plus,Sports,547.61,86
P02479,Although Edition,Automotive,3506.48,112
P02480,Attorney Pro,Home & Kitchen,3556.62,160
P02481,Hold Plus,Automotive,3484.02,211
P02482,Knowledge Pro,Sports,4861.6,141
P02483,Hand Plus,Grocery,1302.87,66
P02484,Drug Plus,Automotive,2401.46,56
P02485,Place Max,Automotive,3547.65,85
P02486,Beyond Pro,Home & Kitchen,2904.28,409
P02487,Thus Pro,Books,1619.77,316
P02488,Reveal Plus,Home & Kitchen,2905.18,156
P02489,Space Pro,Grocery,1524.45,374
P02490,Arrive Plus,Sports,2719.49,443
P02491,Tax Max,Automotive,4653.86,244
P02492,Your Max,Books,4825.0,189
P02493,List Edition,Automotive,4402.66,41
P02494,Image Pro,Sports,1275.1,429
P02495,Fund Lite,Electronics,3703.0,458
P02496,Mother Pro,Sports,4321.95,37
P02497,Open Pro,Grocery,471.09,140
P02498,Short Plus,Apparel,3098.64,49
P02499,Name Lite,Electronics,2334.15,113
P02500,Design Edition,Automotive,583.96,500
P02501,One Lite,Electronics,3660.99,309
P02502,Reality Edition,Electronics,214.28,184
P02503,Such Edition,Sports,2631.42,167
P02504,See Pro,Beauty,3217.44,115
P02505,Goal Edition,Sports,3027.1,489
P02506,Time Pro,Grocery,4698.04,171
P02507,Degree Pro,Sports,1451.03,309
P02508,Message Pro,Sports,3153.12,40
P02509,Ball Lite,Grocery,1557.59,10
P02510,Against Pro,Automotive,690.37,208
P02511,Easy Lite,Grocery,4518.31,321
P02512,Feel Max,Electronics,2724.57,179
P02513,Sort Pro,Books,2858.57,94
P02514,Up Pro,Automotive,910.58,207
P02515,Remain Edition,Sports,3581.24,226
P02516,Pay Pro,Home & Kitchen,594.5,419
P02517,Carry Lite,Beauty,959.61,482
P02518,Reduce Lite,Grocery,2404.85,194
P02519,Foreign Max,Books,2031.16,273
P02520,Good Edition,Grocery,4771.52,5
P02521,Edge Edition,Sports,2751.41,21
P02522,Keep Plus,Electronics,4033.95,184
P02523,Young Lite,Sports,228.12,273
P02524,Boy Pro,Home & Kitchen,1104.25,232
P02525,Deep Lite,Apparel,4401.98,349
P02526,Plant Edition,Beauty,4890.81,54
P02527,Relationship Edition,Books,1666.94,358
P02528,According Pro,Books,4204.05,123
P02529,Behavior Edition,Apparel,4588.51,281
P02530,Involve Lite,Home & Kitchen,610.71,427
P02531,Walk Plus,Automotive,2788.03,430
P02532,At Max,Books,4340.36,373
P02533,Recent Max,Grocery,1310.93,480
P02534,Outside Max,Automotive,1205.97,241
P02535,Bar Edition,Grocery,4476.35,442
P02536,Together Plus,Beauty,2991.75,252
P02537,My Max,Apparel,4420.58,476
P02538,Rise Lite,Electronics,4803.92,469
P02539,However Plus,Electronics,379.99,125
P02540,Interview Lite,Beauty,4825.35,117
P02541,Increase Plus,Books,587.92,54
P02542,Guy Lite,Home & Kitchen,4144.88,389
P02543,Doctor Pro,Grocery,4911.31,332
P02544,Various Plus,Grocery,3664.59,143
P02545,Son Pro,Sports,1028.93,227
P02546,Able Max,Electronics,2499.75,424
P02547,World Lite,Electronics,2044.59,408
P02548,For Lite,Automotive,4848.56,324
P02549,Contain Edition,Electronics,1527.27,207
P02550,Cold Edition,Beauty,1812.55,417
P02551,Gas Lite,Automotive,2796.99,478
P02552,Kind Pro,Books,4706.26,137
P02553,Middle Max,Grocery,2548.96,20
P02554,Rather Plus,Home & Kitchen,324.26,85
P02555,Imagine Pro,Sports,3796.3,401
P02556,Design Edition,Apparel,405.46,275
P02557,Exactly Plus,Apparel,2585.34,220
P02558,Beat Edition,Books,4598.01,193
P02559,Yet Plus,Automotive,773.75,175
P02560,Somebody Plus,Apparel,2762.24,207
P02561,Discover Pro,Automotive,4527.06,72
P02562,Scientist Plus,Grocery,3425.57,400
P02563,Scene Pro,Electronics,752.56,98
P02564,Billion Pro,Electronics,4101.79,122
P02565,Tax Lite,Grocery,4613.26,324
P02566,Stuff Edition,Beauty,2657.97,121
P02567,Happy Max,Sports,4997.36,376
P02568,Pick Lite,Apparel,3377.76,211
P02569,Pressure Pro,Grocery,3704.32,424
P02570,Such Edition,Electronics,449.67,38
P02571,Become Lite,Sports,2698.79,145
P02572,New Max,Books,1293.74,268
P02573,Building Plus,Home & Kitchen,202.79,362
P02574,Trouble Plus,Electronics,2311.71,346
P02575,Agency Lite,Grocery,2369.95,260
P02576,Blue Lite,Grocery,3918.0,276
P02577,Leader Pro,Electronics,1804.5,159
P02578,Task Max,Beauty,212.37,483
P02579,Nor Plus,Electronics,650.08,185
P02580,Best Plus,Electronics,3180.14,500
P02581,Finally Max,Sports,2726.18,362
P02582,Onto Lite,Beauty,3495.32,93
P02583,Institution Edition,Grocery,719.12,342
P02584,Major Pro,Sports,2111.87,75
P02585,Religious Pro,Automotive,2739.2,211
P02586,Project Plus,Home & Kitchen,2869.07,128
P02587,Discussion Plus,Books,4136.51,80
P02588,Our Edition,Sports,872.23,158
P02589,Response Pro,Grocery,1587.81,322
P02590,Fire Lite,Beauty,2284.63,250
P02591,Cell Edition,Sports,4252.1,114
P02592,Thing Max,Electronics,3673.11,10
P02593,Consumer Max,Apparel,4829.59,336
P02594,Save Pro,Grocery,1426.54,225
P02595,Firm Pro,Grocery,2657.81,116
P02596,Until Lite,Beauty,2062.14,255
P02597,Her Plus,Sports,3496.72,404
P02598,Baby Max,Grocery,390.99,262
P02599,Meet Max,Grocery,4643.72,236
P02600,Huge Max,Grocery,156.16,317
P02601,Serious Pro,Grocery,1653.71,345
P02602,Drive Plus,Home & Kitchen,1693.65,122
P02603,Cost Max,Beauty,2982.06,7
P02604,Remain Pro,Automotive,2714.88,270
P02605,Whatever Lite,Grocery,3634.8,246
P02606,Pull Edition,Home & Kitchen,2783.51,246
P02607,Pm Lite,Electronics,1736.08,16
P02608,Memory Lite,Beauty,4756.54,418
P02609,Alone Edition,Automotive,2080.19,381
P02610,Mission Max,Automotive,659.82,96
P02611,Throughout Edition,Home & Kitchen,439.26,233
P02612,Pass Pro,Home & Kitchen,2012.86,324
P02613,Article Lite,Books,2581.89,167
P02614,Maintain Plus,Electronics,1274.53,413
P02615,Star Max,Beauty,4042.22,317
P02616,Nature Pro,Home & Kitchen,4080.0,342
P02617,Government Lite,Home & Kitchen,3401.62,88
P02618,Throughout Pro,Automotive,1889.83,327
P02619,About Max,Sports,1075.22,218
P02620,Expect Max,Books,671.06,53
P02621,Treat Max,Apparel,2509.44,158
P02622,Agree Plus,Grocery,4366.14,136
P02623,Left Lite,Grocery,610.75,99
P02624,Teacher Max,Apparel,1012.43,166
P02625,Particularly Plus,Apparel,4964.32,57
P02626,Name Max,Apparel,179.28,370
P02627,Again Edition,Apparel,4341.27,239
P02628,During Lite,Apparel,1905.63,124
P02629,Eight Plus,Beauty,953.35,314
P02630,Today Edition,Grocery,3901.32,351
P02631,Design Max,Electronics,683.03,497
P02632,Start Lite,Books,4575.33,467
P02633,Other Pro,Beauty,4986.35,323
P02634,Heavy Pro,Beauty,2644.07,232
P02635,Human Edition,Beauty,1632.14,473
P02636,Bill Plus,Grocery,349.09,145
P02637,Shoulder Max,Books,3398.21,460
P02638,Effort Plus,Electronics,2710.71,392
P02639,Painting Edition,Electronics,4531.99,409
P02640,Program Plus,Home & Kitchen,3245.88,89
P02641,Marriage Plus,Books,706.47,242
P02642,Type Max,Sports,4527.24,260
P02643,Help Max,Home & Kitchen,2817.88,341
P02644,Suddenly Pro,Electronics,2396.14,462
P02645,Family Edition,Grocery,4010.56,151
P02646,Respond Edition,Home & Kitchen,623.39,56
P02647,Last Edition,Automotive,284.49,293
P02648,Government Edition,Beauty,4501.02,268
P02649,Option Edition,Beauty,70.21,86
P02650,Significant Max,Grocery,1830.68,109
P02651,Answer Plus,Beauty,395.4,359
P02652,Our Lite,Electronics,2213.8,57
P02653,Require Pro,Books,3032.27,187
P02654,Easy Pro,Apparel,2542.94,324
P02655,That Max,Automotive,4584.36,495
P02656,Tax Plus,Apparel,3779.84,58
P02657,Yes Lite,Books,4105.18,475
P02658,Probably Pro,Home & Kitchen,2646.68,221
P02659,Early Pro,Sports,3901.01,392
P02660,Present Plus,Sports,262.31,221
P02661,Two Pro,Beauty,3054.59,104
P02662,Then Plus,Home & Kitchen,4752.63,465
P02663,To Edition,Sports,1240.08,406
P02664,These Edition,Automotive,1804.85,392
P02665,Man Edition,Electronics,2265.92,260
P02666,Receive Plus,Apparel,4973.16,442
P02667,Manager Plus,Books,2191.99,198
P02668,Media Pro,Apparel,3055.51,487
P02669,Until Max,Sports,463.63,134
P02670,Enjoy Edition,Beauty,1798.77,314
P02671,Off Edition,Apparel,3204.46,161
P02672,Capital Edition,Electronics,1960.47,64
P02673,Safe Plus,Beauty,3562.42,403
P02674,Model Pro,Grocery,3531.39,61
P02675,Especially Lite,Sports,4427.27,407
P02676,Without Lite,Books,3461.33,140
P02677,Realize Pro,Home & Kitchen,2395.05,83
P02678,Subject Lite,Automotive,159.78,182
P02679,Ball Pro,Sports,3382.45,208
P02680,Western Plus,Sports,3674.13,15
P02681,Seek Pro,Electronics,3330.38,449
P02682,Bag Edition,Automotive,4258.65,164
P02683,They Max,Beauty,3306.49,232
P02684,Enter Lite,Beauty,309.65,126
P02685,Box Pro,Home & Kitchen,4136.42,68
P02686,Language Lite,Beauty,824.64,64
P02687,News Lite,Apparel,4317.95,273
P02688,Against Pro,Electronics,3213.03,394
P02689,Their Plus,Books,3444.54,47
P02690,Force Edition,Sports,3235.45,207
P02691,Skill Pro,Beauty,4217.16,53
P02692,Consumer Lite,Automotive,1828.36,413
P02693,Current Lite,Sports,4722.44,238
P02694,Result Max,Automotive,1482.78,394
P02695,Pick Lite,Electronics,952.88,400
P02696,Million Lite,Beauty,2233.39,174
P02697,Pattern Edition,Grocery,3944.57,29
P02698,True Edition,Home & Kitchen,3366.53,63
P02699,Money Edition,Books,2926.94,0
P02700,Under Max,Apparel,2556.97,205
P02701,Mind Pro,Automotive,3660.88,202
P02702,Thus Max,Beauty,369.32,113
P02703,Attorney Lite,Books,3855.59,86
P02704,Growth Max,Beauty,1897.78,237
P02705,Side Pro,Beauty,4627.84,356
P02706,Image Lite,Home & Kitchen,4942.48,69
P02707,President Plus,Electronics,157.0,372
P02708,Us Plus,Apparel,460.77,433
P02709,Purpose Lite,Sports,2400.63,434
P02710,Civil Lite,Automotive,1211.55,90
P02711,International Max,Beauty,2359.95,242
P02712,Late Max,Grocery,2169.84,353
P02713,West Lite,Sports,3607.28,294
P02714,Benefit Plus,Electronics,1348.84,185
P02715,Add Plus,Books,3184.32,212
P02716,Friend Lite,Automotive,393.32,498
P02717,Mouth Edition,Automotive,811.64,329
P02718,Eight Pro,Sports,4179.1,17
P02719,High Plus,Beauty,2354.86,345
P02720,Nice Edition,Automotive,864.44,426
P02721,Crime Pro,Sports,4958.27,438
P02722,Keep Lite,Beauty,3903.59,144
P02723,Follow Edition,Electronics,3328.67,293
P02724,Tough Edition,Electronics,3444.87,390
P02725,Walk Max,Apparel,3148.25,157
P02726,Especially Max,Books,1207.65,153
P02727,Order Plus,Beauty,4086.7,188
P02728,Up Max,Beauty,4033.36,216
P02729,Door Lite,Automotive,3442.43,462
P02730,Hold Pro,Home & Kitchen,1828.94,31
P02731,Morning Max,Apparel,3257.28,104
P02732,Mind Plus,Books,1510.08,209
P02733,Family Pro,Beauty,2599.58,500
P02734,Series Plus,Electronics,1592.07,291
P02735,Sister Plus,Automotive,4505.59,382
P02736,Hair Pro,Automotive,1708.71,298
P02737,Improve Max,Electronics,248.94,96
P02738,Reason Pro,Beauty,1882.99,61
P02739,Difference Plus,Apparel,1496.82,338
P02740,Company Plus,Grocery,4361.97,217
P02741,War Plus,Beauty,3989.86,221
P02742,Mr Plus,Automotive,691.6,311
P02743,Defense Plus,Automotive,4373.08,422
P02744,White Edition,Electronics,2711.28,203
P02745,Admit Plus,Books,4046.02,302
P02746,Represent Edition,Apparel,175.81,242
P02747,Rock Plus,Home & Kitchen,496.08,310
P02748,Mr Edition,Sports,973.38,462
P02749,Maybe Max,Apparel,139.67,14
P02750,If Edition,Sports,2337.6,295
P02751,President Lite,Apparel,2583.01,199
P02752,Consumer Edition,Beauty,68.25,84
P02753,Increase Plus,Grocery,4738.7,337
P02754,Truth Pro,Apparel,788.16,306
P02755,Example Edition,Electronics,197.54,415
P02756,Security Lite,Beauty,1388.59,138
P02757,Talk Edition,Home & Kitchen,2974.19,323
P02758,Forward Lite,Grocery,3598.34,31
P02759,She Pro,Home & Kitchen,2456.97,159
P02760,Reveal Lite,Books,1647.18,403
P02761,Number Plus,Electronics,1633.59,481
P02762,Federal Edition,Beauty,3846.16,18
P02763,Analysis Plus,Beauty,977.21,359
P02764,Physical Plus,Sports,1467.41,234
P02765,It Pro,Electronics,2203.0,283
P02766,Raise Lite,Apparel,1296.04,338
P02767,Ever Edition,Grocery,1864.4,456
P02768,Significant Plus,Automotive,316.32,105
P02769,Speech Lite,Grocery,1160.43,169
P02770,Morning Max,Automotive,4629.96,30
P02771,Agent Max,Sports,1023.83,278
P02772,Drug Pro,Grocery,556.65,358
P02773,Leg Lite,Sports,3642.84,135
P02774,Order Lite,Automotive,2799.58,98
P02775,Prepare Pro,Apparel,1294.45,166
P02776,Push Pro,Home & Kitchen,567.37,74
P02777,Question Plus,Electronics,1166.0,62
P02778,Total Edition,Books,3905.55,119
P02779,Strategy Max,Books,134.38,139
P02780,Foot Plus,Sports,488.66,236
P02781,Reach Edition,Beauty,2708.32,139
P02782,Party Lite,Electronics,2309.64,356
P02783,Experience Edition,Grocery,4723.49,85
P02784,Tv Pro,Beauty,1011.85,316
P02785,Across Pro,Books,4957.99,213
P02786,Raise Plus,Automotive,1687.39,472
P02787,Huge Pro,Beauty,962.92,465
P02788,Share Lite,Beauty,3625.41,168
P02789,Seem Pro,Home & Kitchen,4076.62,101
P02790,Key Edition,Books,480.33,31
P02791,Road Plus,Home & Kitchen,3124.86,168
P02792,Beyond Plus,Beauty,1131.17,380
P02793,Approach Pro,Grocery,673.83,426
P02794,Suddenly Max,Beauty,2351.01,347
P02795,Already Edition,Books,2188.92,410
P02796,Feeling Pro,Beauty,2919.41,203
P02797,Security Plus,Electronics,579.9,390
P02798,Follow Plus,Beauty,3764.07,41
P02799,Spend Plus,Sports,1777.5,319
P02800,Program Pro,Beauty,1417.62,340
P02801,Positive Edition,Electronics,264.26,211
P02802,Those Lite,Electronics,4961.68,492
P02803,Listen Plus,Apparel,1895.41,210
P02804,Thought Edition,Automotive,3929.62,237
P02805,Hot Pro,Beauty,993.56,362
P02806,Republican Plus,Grocery,4587.89,131
P02807,Sit Pro,Sports,590.98,319
P02808,Prepare Edition,Apparel,3457.39,472
P02809,Perhaps Pro,Grocery,856.15,37
P02810,Maybe Plus,Electronics,4967.8,440
P02811,Accept Max,Beauty,4671.91,266
P02812,Whole Max,Electronics,3373.99,440
P02813,Give Plus,Beauty,3014.28,349
P02814,I Max,Electronics,468.66,441
P02815,Draw Max,Grocery,2612.84,122
P02816,Else Pro,Sports,1429.26,422
P02817,Somebody Max,Sports,326.55,320
P02818,Today Pro,Apparel,3343.91,487
P02819,High Lite,Beauty,1994.23,320
P02820,Alone Max,Apparel,165.21,299
P02821,Available Pro,Beauty,398.12,428
P02822,Lead Lite,Apparel,2126.9,248
P02823,Day Lite,Electronics,1513.3,249
P02824,Many Pro,Beauty,1292.17,132
P02825,Always Pro,Automotive,362.6,64
P02826,School Edition,Apparel,3153.91,349
P02827,Difference Edition,Grocery,2527.32,404
P02828,Baby Pro,Books,2278.89,462
P02829,Remain Plus,Grocery,4424.4,169
P02830,Name Edition,Automotive,3003.4,306
P02831,Science Pro,Automotive,1720.28,244
P02832,Action Plus,Grocery,1013.24,233
P02833,Full Max,Automotive,598.45,451
P02834,Card Plus,Beauty,1783.07,456
P02835,Despite Max,Automotive,1736.09,307
P02836,Agree Lite,Books,838.32,312
P02837,Family Max,Books,2751.08,249
P02838,Gas Pro,Beauty,3814.06,194
P02839,Popular Lite,Home & Kitchen,3034.66,81
P02840,Down Edition,Electronics,2870.67,493
P02841,Since Edition,Home & Kitchen,3897.47,139
P02842,Few Lite,Automotive,4748.58,479
P02843,Across Edition,Beauty,4549.97,497
P02844,Sometimes Pro,Home & Kitchen,4192.85,57
P02845,Reflect Max,Sports,1284.93,494
P02846,Possible Edition,Electronics,3425.43,460
P02847,Worker Edition,Automotive,702.09,119
P02848,Degree Edition,Automotive,4810.95,338
P02849,Economic Plus,Sports,4807.27,466
P02850,Far Lite,Home & Kitchen,3928.73,405
P02851,Civil Max,Books,3048.64,0
P02852,Simply Plus,Home & Kitchen,4419.74,205
P02853,Reality Pro,Sports,2985.07,95
P02854,Produce Pro,Beauty,4107.36,97
P02855,Sure Pro,Apparel,4498.35,23
P02856,Return Plus,Grocery,779.85,44
P02857,Land Plus,Automotive,1900.31,26
P02858,Either Pro,Automotive,1609.06,348
P02859,But Pro,Home & Kitchen,4865.55,361
P02860,Glass Edition,Apparel,169.56,314
P02861,Everybody Lite,Sports,1952.9,401
P02862,Lawyer Edition,Electronics,3517.77,268
P02863,Answer Plus,Home & Kitchen,2340.29,385
P02864,Care Pro,Sports,1580.48,195
P02865,Stop Edition,Beauty,4821.72,88
P02866,Whose Lite,Sports,874.38,127
P02867,Laugh Pro,Sports,635.23,153
P02868,Before Plus,Electronics,654.86,440
P02869,Upon Plus,Automotive,4111.65,213
P02870,Especially Edition,Apparel,1497.42,462
P02871,Actually Lite,Books,3736.24,228
P02872,Wall Lite,Beauty,4715.03,305
P02873,Around Max,Books,4714.38,321
P02874,Develop Edition,Grocery,3271.66,364
P02875,Former Max,Sports,620.31,99
P02876,Successful Lite,Books,974.78,258
P02877,Use Max,Books,1531.41,450
P02878,World Plus,Electronics,3958.54,141
P02879,Itself Max,Books,2484.34,329
P02880,Himself Lite,Grocery,2759.45,2
P02881,Live Edition,Apparel,2144.19,308
P02882,Set Lite,Books,2706.35,24
P02883,President Lite,Beauty,819.19,65
P02884,Condition Lite,Sports,2386.92,383
P02885,Short Max,Grocery,243.79,475
P02886,Style Pro,Automotive,3819.91,487
P02887,Military Lite,Automotive,379.58,301
P02888,Attention Edition,Home & Kitchen,4335.82,134
P02889,Until Plus,Home & Kitchen,3698.19,45
P02890,Certain Edition,Automotive,4019.37,71
P02891,Tough Pro,Apparel,3608.44,335
P02892,Fish Lite,Books,483.78,277
P02893,Myself Plus,Electronics,421.7,290
P02894,Name Pro,Automotive,1491.54,61
P02895,Agent Plus,Sports,4428.87,247
P02896,Anything Edition,Apparel,160.82,500
P02897,Food Plus,Apparel,1531.19,423
P02898,Us Lite,Electronics,3021.41,299
P02899,Rule Max,Home & Kitchen,1272.89,202
P02900,Material Plus,Grocery,2491.02,393
P02901,Stock Max,Sports,1886.77,474
P02902,Movement Plus,Home & Kitchen,3674.95,321
P02903,Report Plus,Home & Kitchen,4192.74,4
P02904,That Max,Apparel,4503.03,183
P02905,Candidate Lite,Grocery,1289.75,436
P02906,Arm Edition,Electronics,1829.65,380
P02907,Five Plus,Electronics,3457.6,403
P02908,Property Pro,Apparel,711.2,418
P02909,Professional Pro,Home & Kitchen,4656.44,434
P02910,Responsibility Plus,Automotive,1768.42,410
P02911,Team Plus,Beauty,4733.37,425
P02912,Old Plus,Sports,3334.42,61
P02913,Campaign Edition,Sports,3633.78,30
P02914,Try Lite,Beauty,4728.86,101
P02915,Process Pro,Electronics,324.02,460
P02916,Senior Lite,Home & Kitchen,426.41,388
P02917,Car Edition,Sports,3626.73,175
P02918,Message Pro,Sports,2852.87,286
P02919,Child Edition,Home & Kitchen,3152.15,206
P02920,Rate Edition,Beauty,2924.56,6
P02921,Such Lite,Apparel,161.1,59
P02922,Choose Pro,Automotive,4867.09,390
P02923,These Max,Home & Kitchen,3353.62,404
P02924,Child Plus,Apparel,2637.36,202
P02925,Better Plus,Apparel,3320.26,39
P02926,So Lite,Books,3349.75,423
P02927,Nearly Lite,Beauty,3583.09,409
P02928,Again Plus,Automotive,711.1,163
P02929,Travel Edition,Beauty,2862.49,251
P02930,Owner Pro,Electronics,2063.22,426
P02931,People Lite,Home & Kitchen,4167.86,407
P02932,Evening Max,Apparel,2794.7,382
P02933,Left Lite,Beauty,4743.46,421
P02934,Some Pro,Books,2592.27,272
P02935,Particularly Plus,Books,2856.71,440
P02936,Ahead Plus,Grocery,1302.82,107
P02937,Itself Lite,Sports,365.28,497
P02938,Pm Pro,Books,1714.7,354
P02939,Onto Pro,Sports,4772.28,412
P02940,Under Edition,Automotive,751.81,74
P02941,Nor Lite,Apparel,2137.03,319
P02942,Else Edition,Electronics,1007.84,478
P02943,Choose Edition,Apparel,2928.5,56
P02944,Together Pro,Home & Kitchen,252.25,54
P02945,Organization Edition,Books,772.34,404
P02946,High Edition,Home & Kitchen,2461.38,58
P02947,Teach Lite,Beauty,419.57,323
P02948,Significant Lite,Grocery,3257.31,209
P02949,Over Lite,Sports,2627.07,370
P02950,Fact Lite,Sports,4988.65,282
P02951,Inside Plus,Grocery,3866.68,55
P02952,Care Lite,Home & Kitchen,4657.82,407
P02953,Wide Max,Home & Kitchen,1786.76,320
P02954,Positive Max,Sports,3693.45,243
P02955,Street Max,Automotive,2655.94,330
P02956,Item Plus,Apparel,284.08,104
P02957,Will Edition,Apparel,2631.4,362
P02958,Back Edition,Electronics,4734.59,42
P02959,Gas Max,Automotive,891.3,13
P02960,Camera Pro,Electronics,1853.85,15
P02961,Project Lite,Sports,516.6,378
P02962,Its Max,Beauty,610.53,11
P02963,Seven Pro,Grocery,4661.71,4
P02964,Thank Pro,Automotive,596.14,283
P02965,Write Lite,Home & Kitchen,1040.52,291
P02966,Form Max,Grocery,2225.24,203
P02967,Natural Pro,Home & Kitchen,2021.51,436
P02968,List Plus,Books,1570.22,338
P02969,Mention Plus,Sports,4703.33,380
P02970,Significant Plus,Home & Kitchen,672.41,8
P02971,Follow Lite,Sports,4865.98,465
P02972,Movie Plus,Apparel,3823.58,35
P02973,Move Lite,Automotive,440.06,4
P02974,Subject Max,Books,2408.72,157
P02975,Book Edition,Electronics,3943.19,254
P02976,Can Lite,Home & Kitchen,119.56,101
P02977,Suddenly Edition,Automotive,4485.59,11
P02978,Administration Edition,Grocery,4436.91,224
P02979,Use Lite,Books,1348.3,54
P02980,Nature Edition,Apparel,1358.81,464
P02981,Easy Max,Home & Kitchen,2180.69,346
P02982,Production Plus,Home & Kitchen,4269.42,335
P02983,National Edition,Grocery,279.48,330
P02984,Pass Lite,Sports,1503.76,385
P02985,Admit Pro,Apparel,3090.17,145
P02986,Necessary Pro,Automotive,4696.68,487
P02987,Those Lite,Apparel,3383.02,432
P02988,Local Plus,Sports,875.62,332
P02989,Center Lite,Books,2392.37,72
P02990,Available Max,Home & Kitchen,1845.41,303
P02991,Sister Plus,Sports,396.18,198
P02992,Range Max,Apparel,2297.52,259
P02993,Trip Edition,Home & Kitchen,3250.8,214
P02994,May Plus,Sports,726.6,34
P02995,Rich Lite,Beauty,1708.3,414
P02996,Government Max,Sports,1996.55,86
P02997,Wonder Pro,Automotive,2575.44,458
P02998,Kind Lite,Grocery,2984.54,268
P02999,Respond Edition,Electronics,2116.72,80
P03000,Base Pro,Apparel,3657.3,258
P03001,Kid Edition,Beauty,4449.24,66
P03002,Trip Edition,Electronics,4535.74,186
P03003,Matter Pro,Grocery,1840.37,298
P03004,Along Max,Apparel,4478.44,25
P03005,Year Pro,Electronics,2777.97,171
P03006,Land Edition,Sports,1502.25,334
P03007,Foreign Lite,Automotive,1374.6,12
P03008,Best Pro,Home & Kitchen,870.2,458
P03009,Role Pro,Electronics,3798.05,237
P03010,Leave Plus,Apparel,4808.99,327
P03011,Long Pro,Books,1595.41,285
P03012,Dream Max,Books,4727.54,251
P03013,Cost Pro,Electronics,3328.84,287
P03014,How Plus,Books,3094.3,260
P03015,Money Edition,Electronics,2571.56,166
P03016,Third Lite,Apparel,4440.05,297
P03017,Agreement Edition,Books,4538.23,489
P03018,Goal Plus,Automotive,2398.66,236
P03019,Surface Lite,Electronics,203.82,121
P03020,During Plus,Grocery,1106.88,186
P03021,Bar Plus,Apparel,2184.3,14
P03022,Skill Plus,Electronics,4583.57,274
P03023,Someone Plus,Grocery,1011.96,366
P03024,Congress Pro,Sports,2829.01,200
P03025,Return Pro,Grocery,662.77,453
P03026,Analysis Edition,Beauty,3398.7,138
P03027,Camera Pro,Apparel,2571.5,139
P03028,Matter Lite,Beauty,2752.88,84
P03029,Outside Pro,Home & Kitchen,2914.5,396
P03030,Available Plus,Grocery,753.74,191
P03031,Laugh Plus,Beauty,3586.06,259
P03032,Page Edition,Beauty,1384.85,241
P03033,Whatever Max,Grocery,3622.63,134
P03034,Subject Max,Sports,2845.73,108
P03035,Charge Plus,Grocery,3248.97,461
P03036,Foreign Lite,Electronics,1491.55,328
P03037,Baby Pro,Sports,2654.63,123
P03038,Use Plus,Automotive,716.47,496
P03039,Technology Pro,Sports,3651.23,249
P03040,Pressure Pro,Grocery,1019.38,324
P03041,Five Plus,Apparel,4861.85,210
P03042,Expert Lite,Home & Kitchen,3568.67,307
P03043,Science Plus,Grocery,1425.19,282
P03044,Only Max,Grocery,3451.31,340
P03045,Here Lite,Electronics,134.21,318
P03046,Evening Pro,Beauty,767.26,473
P03047,Ask Plus,Books,3567.77,462
P03048,Account Plus,Automotive,3250.84,168
P03049,Church Lite,Automotive,431.2,308
P03050,Occur Lite,Beauty,294.5,175
P03051,Score Pro,Electronics,1744.28,330
P03052,Develop Plus,Electronics,546.68,434
P03053,Car Pro,Apparel,3513.03,375
P03054,Poor Pro,Apparel,4975.57,494
P03055,Cultural Lite,Sports,1359.04,176
P03056,Mouth Plus,Grocery,2893.37,406
P03057,Father Edition,Sports,888.96,289
P03058,Between Max,Beauty,4576.06,26
P03059,Article Edition,Automotive,1522.19,144
P03060,Attack Pro,Grocery,2525.45,75
P03061,Attorney Plus,Electronics,3502.82,362
P03062,Answer Lite,Sports,3559.77,477
P03063,Western Pro,Electronics,1579.92,276
P03064,According Lite,Grocery,1801.01,11
P03065,Player Edition,Apparel,1647.77,340
P03066,Seat Plus,Grocery,4698.95,452
P03067,Mother Pro,Automotive,4481.46,359
P03068,Throw Edition,Automotive,1752.43,440
P03069,Instead Max,Electronics,2613.32,8
P03070,Field Lite,Automotive,1622.07,302
P03071,Pick Pro,Apparel,1698.94,44
P03072,Program Plus,Sports,829.98,420
P03073,Small Edition,Books,2386.25,109
P03074,Upon Max,Electronics,3808.91,438
P03075,Him Lite,Home & Kitchen,4857.18,248
P03076,Later Plus,Home & Kitchen,2828.4,453
P03077,Office Edition,Apparel,572.56,382
P03078,Son Edition,Electronics,1822.31,74
P03079,Outside Plus,Beauty,1034.84,305
P03080,Number Plus,Books,2223.38,321
P03081,Item Pro,Grocery,3818.15,354
P03082,Product Plus,Apparel,2333.05,90
P03083,We Max,Apparel,4833.67,482
P03084,Oil Pro,Electronics,4348.31,459
P03085,Media Max,Automotive,775.13,318
P03086,South Edition,Sports,4639.83,261
P03087,My Edition,Books,359.54,211
P03088,Nature Pro,Home & Kitchen,3936.38,123
P03089,Young Lite,Apparel,3412.42,192
P03090,Choice Max,Automotive,3595.82,137
P03091,Exactly Edition,Grocery,4881.43,62
P03092,Buy Plus,Electronics,675.71,356
P03093,College Lite,Books,2500.92,447
P03094,Agreement Pro,Apparel,4884.95,111
P03095,South Pro,Grocery,3347.77,3
P03096,Determine Edition,Grocery,1020.29,342
P03097,Foot Plus,Grocery,4657.33,351
P03098,Believe Lite,Electronics,472.39,6
P03099,Special Plus,Sports,2499.3,418
P03100,Play Max,Home & Kitchen,2639.34,239
P03101,Argue Max,Grocery,2572.19,131
P03102,Usually Plus,Automotive,791.64,323
P03103,Build Plus,Sports,2262.43,496
P03104,Draw Pro,Beauty,251.11,70
P03105,Believe Pro,Home & Kitchen,343.66,12
P03106,Dark Lite,Sports,3566.5,255
P03107,Her Plus,Grocery,2544.51,20
P03108,Tell Plus,Apparel,3380.27,249
P03109,Way Lite,Beauty,2712.83,350
P03110,Manage Lite,Automotive,2222.03,469
P03111,Entire Edition,Books,1565.77,29
P03112,Wall Edition,Books,3684.06,70
P03113,Compare Pro,Grocery,2924.02,160
P03114,Away Plus,Automotive,4953.65,341
P03115,Star Max,Grocery,4603.25,378
P03116,Federal Max,Home & Kitchen,4196.61,228
P03117,Authority Lite,Beauty,524.57,364
P03118,Likely Edition,Electronics,3394.33,357
P03119,Of Plus,Sports,4819.63,436
P03120,Commercial Lite,Books,232.0,328
P03121,War Pro,Electronics,4452.51,405
P03122,Two Edition,Beauty,4586.92,383
P03123,Environmental Edition,Electronics,4781.77,211
P03124,Girl Pro,Home & Kitchen,3379.93,93
P03125,Whether Pro,Automotive,108.81,403
P03126,Wrong Lite,Books,3189.34,6
P03127,System Plus,Books,2025.78,394
P03128,When Max,Electronics,2801.71,371
P03129,Other Max,Beauty,1731.91,249
P03130,Message Max,Electronics,1020.97,397
P03131,Dog Max,Beauty,1176.8,317
P03132,Movie Plus,Apparel,4834.73,18
P03133,Always Edition,Home & Kitchen,2231.31,177
P03134,Democrat Max,Automotive,3630.25,36
P03135,Listen Pro,Automotive,3247.34,420
P03136,Executive Lite,Automotive,4507.02,213
P03137,Natural Max,Electronics,3637.66,431
P03138,Program Lite,Automotive,4012.29,308
P03139,Live Plus,Apparel,4618.83,169
P03140,Between Max,Grocery,286.69,466
P03141,Commercial Pro,Books,2084.66,365
P03142,Prepare Lite,Beauty,3193.63,258
P03143,Theory Max,Grocery,3978.58,143
P03144,My Lite,Automotive,2796.76,453
P03145,Tax Max,Apparel,4941.38,367
P03146,Mrs Max,Books,4557.86,174
P03147,Boy Lite,Sports,4662.45,321
P03148,Radio Plus,Apparel,4041.18,20
P03149,Meet Pro,Apparel,3749.07,85
P03150,Talk Max,Books,1181.65,280
P03151,Here Lite,Electronics,4524.08,394
P03152,Left Max,Sports,3009.15,273
P03153,Bring Edition,Books,1639.15,281
P03154,She Lite,Books,3265.61,460
P03155,Its Pro,Apparel,4121.4,396
P03156,Give Edition,Electronics,3067.79,214
P03157,Agree Plus,Apparel,464.74,122
P03158,Team Pro,Home & Kitchen,3034.81,305
P03159,Movie Lite,Beauty,2784.79,17
P03160,Body Pro,Books,4375.48,306
P03161,Thus Pro,Home & Kitchen,1162.92,386
P03162,Reality Pro,Apparel,2021.54,84
P03163,Inside Lite,Beauty,1685.79,49
P03164,Into Pro,Sports,4270.11,135
P03165,Per Lite,Beauty,2869.44,154
P03166,Charge Lite,Apparel,755.39,433
P03167,Pretty Plus,Automotive,117.75,397
P03168,Human Max,Automotive,88.64,218
P03169,Happy Pro,Automotive,2453.85,150
P03170,Expect Max,Grocery,1961.79,372
P03171,In Plus,Grocery,4106.49,477
P03172,Study Max,Apparel,2743.93,398
P03173,Response Plus,Apparel,2873.59,462
P03174,Myself Pro,Automotive,1703.97,95
P03175,Study Plus,Books,1084.83,146
P03176,Meet Lite,Home & Kitchen,885.42,482
P03177,Value Pro,Grocery,3327.57,164
P03178,Never Edition,Apparel,403.74,402
P03179,Issue Edition,Home & Kitchen,4986.99,439
P03180,Final Pro,Grocery,771.49,110
P03181,Enter Pro,Grocery,568.93,33
P03182,Improve Plus,Books,2931.46,337
P03183,Laugh Pro,Home & Kitchen,1353.25,417
P03184,Field Lite,Electronics,4350.13,141
P03185,That Pro,Books,3542.52,401
P03186,However Edition,Beauty,3948.16,80
P03187,Audience Pro,Sports,2850.32,309
P03188,Poor Edition,Electronics,1352.67,172
P03189,Congress Pro,Automotive,3813.21,193
P03190,Guy Edition,Apparel,2828.36,19
P03191,Money Plus,Apparel,4349.54,57
P03192,Even Lite,Books,2637.34,277
P03193,Crime Lite,Automotive,3522.4,236
P03194,Suddenly Lite,Grocery,2032.51,79
P03195,Class Lite,Beauty,4882.81,268
P03196,Wife Pro,Grocery,1568.83,486
P03197,Onto Max,Apparel,2863.24,477
P03198,Card Lite,Sports,2685.72,8
P03199,Family Lite,Apparel,2745.86,199
P03200,Yeah Lite,Grocery,1130.32,301
P03201,For Plus,Electronics,4480.03,318
P03202,Then Plus,Sports,3154.52,93
P03203,Itself Edition,Books,2541.94,372
P03204,Agree Edition,Sports,1056.73,242
P03205,Book Plus,Apparel,4040.4,159
P03206,Heavy Max,Books,3414.83,492
P03207,Quickly Plus,Electronics,2132.43,499
P03208,Positive Lite,Home & Kitchen,1176.44,100
P03209,Not Pro,Grocery,2200.31,356
P03210,Dream Edition,Home & Kitchen,2415.45,114
P03211,Second Lite,Beauty,4012.75,465
P03212,Push Edition,Automotive,899.71,450
P03213,Sister Edition,Sports,510.16,241
P03214,Decision Plus,Sports,2597.18,72
P03215,Believe Pro,Sports,295.86,155
P03216,Design Lite,Apparel,3349.0,57
P03217,Source Plus,Grocery,4556.38,35
P03218,Morning Plus,Beauty,2050.37,2
P03219,Middle Max,Grocery,2302.18,116
P03220,In Plus,Automotive,4206.42,103
P03221,Conference Lite,Sports,4265.74,274
P03222,Reduce Edition,Books,4372.71,468
P03223,Shoulder Pro,Electronics,3194.12,118
P03224,Boy Pro,Electronics,1252.8,251
P03225,Itself Pro,Books,4367.91,229
P03226,Expect Lite,Home & Kitchen,3479.63,26
P03227,Result Edition,Books,1169.51,391
P03228,Sort Max,Grocery,2772.91,100
P03229,Interesting Max,Automotive,2353.4,241
P03230,Building Lite,Sports,2361.55,10
P03231,Coach Edition,Sports,820.93,259
P03232,Year Edition,Grocery,211.18,432
P03233,Hair Edition,Books,3945.88,493
P03234,Him Max,Beauty,1690.84,216
P03235,Base Edition,Home & Kitchen,4400.81,150
P03236,Future Edition,Sports,1837.23,359
P03237,Notice Plus,Home & Kitchen,1557.0,431
P03238,Single Plus,Electronics,827.69,461
P03239,Explain Lite,Sports,2843.76,433
P03240,According Lite,Electronics,1891.34,487
P03241,Contain Pro,Grocery,775.5,308
P03242,Data Pro,Beauty,4784.82,491
P03243,She Plus,Sports,3745.06,180
P03244,Oil Max,Sports,1232.44,293
P03245,Me Edition,Grocery,1246.83,114
P03246,Group Edition,Grocery,3361.57,66
P03247,Before Pro,Books,2948.78,302
P03248,Several Plus,Grocery,1806.06,200
P03249,Election Pro,Automotive,176.2,297
P03250,Enough Max,Automotive,4376.42,144
P03251,Determine Lite,Books,1261.86,47
P03252,Cell Plus,Home & Kitchen,1067.69,209
P03253,Week Plus,Apparel,211.46,45
P03254,Blue Edition,Home & Kitchen,2398.8,340
P03255,Term Max,Beauty,1274.71,444
P03256,Party Plus,Beauty,4303.29,157
P03257,Six Max,Automotive,2606.18,116
P03258,Such Edition,Automotive,161.06,391
P03259,Home Edition,Electronics,2525.97,248
P03260,Compare Plus,Automotive,4707.7,222
P03261,Hour Lite,Books,3974.17,144
P03262,Create Lite,Apparel,457.21,11
P03263,Reveal Plus,Beauty,1466.14,391
P03264,Throughout Max,Apparel,3789.26,303
P03265,Current Edition,Books,432.06,118
P03266,Result Plus,Home & Kitchen,4961.42,292
P03267,Choice Max,Home & Kitchen,2368.58,161
P03268,I Pro,Automotive,139.27,369
P03269,Building Edition,Grocery,1293.24,445
P03270,Identify Edition,Grocery,589.69,296
P03271,Almost Max,Books,4092.44,334
P03272,Night Pro,Beauty,2194.58,267
P03273,Participant Lite,Electronics,2304.95,492
P03274,Little Edition,Books,2038.46,91
P03275,Personal Max,Sports,412.31,185
P03276,Go Edition,Automotive,2236.62,486
P03277,Fact Lite,Grocery,1817.98,496
P03278,Company Pro,Grocery,1489.2,491
P03279,Although Pro,Automotive,2337.55,279
P03280,Often Edition,Grocery,2744.85,182
P03281,Determine Edition,Grocery,1842.55,356
P03282,Way Max,Home & Kitchen,3615.25,475
P03283,Person Max,Electronics,1632.42,291
P03284,Soon Edition,Home & Kitchen,3850.95,190
P03285,Improve Pro,Home & Kitchen,2210.26,447
P03286,Major Max,Home & Kitchen,992.26,482
P03287,Front Max,Beauty,2639.0,107
P03288,Suggest Edition,Books,2201.27,17
P03289,Pattern Edition,Grocery,858.15,359
P03290,Early Pro,Apparel,1705.06,457
P03291,Prevent Plus,Books,4625.15,226
P03292,Pull Pro,Beauty,1519.7,258
P03293,Sometimes Pro,Sports,2551.96,315
P03294,Drive Pro,Grocery,2383.76,213
P03295,Difference Lite,Beauty,1544.7,475
P03296,Service Max,Sports,3116.73,256
P03297,Next Pro,Automotive,3502.85,191
P03298,Accept Max,Apparel,670.95,324
P03299,Tree Lite,Grocery,3340.43,453
P03300,Environmental Edition,Home & Kitchen,2420.75,500
P03301,Simple Max,Home & Kitchen,4653.73,56
P03302,Sport Edition,Automotive,4236.35,41
P03303,Society Pro,Apparel,3074.42,390
P03304,State Pro,Sports,250.7,179
P03305,Machine Lite,Books,3618.05,391
P03306,Tv Plus,Sports,679.94,450
P03307,Politics Max,Sports,599.5,477
P03308,Question Plus,Sports,2204.52,492
P03309,Animal Pro,Sports,1356.42,189
P03310,Bill Lite,Beauty,2905.02,89
P03311,Yard Max,Home & Kitchen,702.48,299
P03312,Anything Edition,Sports,2546.37,77
P03313,Prevent Plus,Electronics,300.28,138
P03314,Space Plus,Beauty,244.94,212
P03315,Ready Edition,Grocery,3701.14,171
P03316,Success Max,Grocery,3602.88,262
P03317,Behind Pro,Apparel,4211.81,72
P03318,Name Edition,Automotive,1212.47,40
P03319,Effect Max,Books,3459.43,249
P03320,Nor Plus,Beauty,4096.16,346
P03321,Matter Max,Books,4766.6,181
P03322,Style Pro,Electronics,4042.6,482
P03323,Just Max,Electronics,4288.68,372
P03324,Truth Pro,Books,875.95,478
P03325,Focus Pro,Electronics,3714.91,172
P03326,Seem Edition,Electronics,1573.02,35
P03327,Feel Edition,Grocery,2620.69,413
P03328,Return Plus,Electronics,4969.53,293
P03329,Technology Max,Sports,1905.06,409
P03330,Some Edition,Apparel,2122.06,360
P03331,Us Lite,Apparel,2161.95,178
P03332,We Max,Home & Kitchen,314.38,37
P03333,Produce Lite,Grocery,4332.29,244
P03334,None Pro,Beauty,2805.67,62
P03335,Represent Edition,Sports,1532.98,271
P03336,Price Plus,Home & Kitchen,1593.8,187
P03337,Camera Edition,Books,2801.32,197
P03338,Community Max,Electronics,1133.25,263
P03339,Way Plus,Beauty,2449.03,138
P03340,Fight Max,Electronics,4469.27,124
P03341,Work Max,Beauty,4081.84,35
P03342,Just Edition,Books,1461.82,266
P03343,Certain Pro,Apparel,4163.09,41
P03344,Picture Plus,Apparel,4226.03,321
P03345,Majority Lite,Automotive,580.58,203
P03346,Same Plus,Automotive,3536.89,14
P03347,System Lite,Beauty,850.64,471
P03348,Lawyer Plus,Electronics,4785.4,186
P03349,Listen Edition,Grocery,512.47,119
P03350,Eye Edition,Grocery,3613.28,330
P03351,More Plus,Sports,4833.68,460
P03352,Always Lite,Automotive,2880.92,136
P03353,Difficult Plus,Automotive,886.79,346
P03354,Police Max,Beauty,2761.27,122
P03355,Although Max,Books,3763.1,408
P03356,The Lite,Home & Kitchen,3826.24,246
P03357,Speak Max,Grocery,4882.58,92
P03358,Ready Lite,Grocery,4887.03,351
P03359,Admit Pro,Books,2055.91,61
P03360,Entire Lite,Apparel,1942.96,480
P03361,Man Edition,Home & Kitchen,790.9,118
P03362,Stock Max,Apparel,814.64,119
P03363,Loss Plus,Home & Kitchen,2446.28,473
P03364,End Lite,Beauty,4296.16,143
P03365,According Max,Beauty,2573.04,298
P03366,Soldier Max,Home & Kitchen,2281.43,278
P03367,Might Pro,Beauty,2159.05,220
P03368,Under Pro,Sports,1591.56,410
P03369,Area Pro,Electronics,1222.11,256
P03370,Can Lite,Books,3395.88,458
P03371,Able Lite,Automotive,4534.41,294
P03372,Above Edition,Home & Kitchen,838.24,91
P03373,Suffer Pro,Apparel,3460.61,319
P03374,Owner Edition,Apparel,3403.72,0
P03375,Natural Max,Sports,2546.19,410
P03376,Whether Max,Automotive,1190.73,436
P03377,Sort Plus,Home & Kitchen,4323.36,435
P03378,Coach Plus,Books,4179.03,448
P03379,Good Max,Grocery,3554.61,3
P03380,Many Plus,Beauty,3871.09,297
P03381,Child Pro,Grocery,499.56,150
P03382,Conference Pro,Electronics,1774.48,340
P03383,Song Edition,Books,1770.34,369
P03384,Especially Plus,Beauty,2132.3,406
P03385,Allow Edition,Electronics,2255.03,2
P03386,Head Lite,Automotive,1056.71,100
P03387,Board Edition,Electronics,302.44,136
P03388,Ever Edition,Automotive,3377.18,422
P03389,Occur Edition,Books,3702.47,255
P03390,None Plus,Sports,3346.47,298
P03391,Fly Max,Home & Kitchen,3283.94,476
P03392,Line Max,Sports,2642.64,448
P03393,Today Max,Apparel,1993.05,87
P03394,Medical Plus,Home & Kitchen,89.13,287
P03395,Born Plus,Grocery,3116.07,98
P03396,Remember Pro,Sports,3791.43,110
P03397,Student Lite,Apparel,1663.88,288
P03398,Lay Lite,Home & Kitchen,4600.4,355
P03399,Interest Pro,Home & Kitchen,1506.43,90
P03400,Tend Plus,Books,4578.47,15
P03401,Sound Pro,Sports,2293.36,201
P03402,Position Lite,Apparel,3685.43,60
P03403,Population Max,Electronics,1232.37,8
P03404,Itself Plus,Home & Kitchen,4571.95,198
P03405,Culture Max,Books,3341.62,363
P03406,Hot Max,Apparel,2755.16,270
P03407,Why Lite,Sports,532.62,97
P03408,Successful Plus,Books,897.51,345
P03409,Pattern Plus,Books,1411.73,499
P03410,Born Max,Grocery,4831.95,108
P03411,News Pro,Automotive,3085.89,223
P03412,Language Edition,Grocery,2043.18,206
P03413,Congress Pro,Grocery,4593.24,475
P03414,Story Pro,Grocery,4268.56,355
P03415,Body Pro,Books,3411.98,234
P03416,Painting Max,Apparel,3669.63,345
P03417,Ready Max,Books,2176.41,132
P03418,Fund Pro,Electronics,3453.66,374
P03419,Either Plus,Beauty,2101.45,77
P03420,World Plus,Electronics,4769.99,441
P03421,Message Lite,Automotive,1869.91,181
P03422,Against Plus,Electronics,4041.33,289
P03423,Unit Max,Grocery,1794.5,429
P03424,System Pro,Apparel,3893.35,133
P03425,Rather Lite,Beauty,4827.81,471
P03426,As Plus,Home & Kitchen,491.05,298
P03427,Me Plus,Apparel,4462.03,477
P03428,Rest Edition,Apparel,2157.84,396
P03429,Save Lite,Books,572.65,466
P03430,Phone Plus,Home & Kitchen,4637.48,485
P03431,When Pro,Home & Kitchen,3666.92,494
P03432,Conference Pro,Beauty,2601.39,264
P03433,Case Plus,Apparel,4489.58,204
P03434,Bag Edition,Apparel,4010.52,26
P03435,Daughter Pro,Grocery,421.48,441
P03436,Final Pro,Apparel,1346.96,120
P03437,Company Pro,Automotive,701.32,260
P03438,Through Plus,Sports,3401.92,251
P03439,Despite Pro,Home & Kitchen,2452.16,491
P03440,Other Max,Apparel,3665.69,322
P03441,Campaign Edition,Beauty,2504.2,410
P03442,Bag Plus,Home & Kitchen,1911.16,232
P03443,Do Lite,Grocery,3323.79,302
P03444,Technology Lite,Sports,3666.84,242
P03445,You Plus,Sports,4511.68,194
P03446,Agent Lite,Automotive,787.13,310
P03447,Maybe Edition,Electronics,4045.61,271
P03448,Reflect Pro,Grocery,2873.98,263
P03449,Past Pro,Automotive,2642.91,171
P03450,Then Lite,Apparel,1201.94,87
P03451,Investment Max,Beauty,2569.5,386
P03452,After Pro,Apparel,2395.28,268
P03453,Official Pro,Home & Kitchen,382.16,202
P03454,Message Edition,Apparel,62.12,292
P03455,Decision Pro,Automotive,2124.71,434
P03456,Several Pro,Apparel,2186.06,63
P03457,Move Pro,Apparel,4049.69,299
P03458,Forget Edition,Grocery,2440.31,3
P03459,On Edition,Apparel,4944.34,300
P03460,Last Edition,Home & Kitchen,3112.97,493
P03461,Grow Max,Home & Kitchen,4140.15,127
P03462,Collection Max,Apparel,3868.18,426
P03463,Apply Plus,Sports,3680.16,471
P03464,Image Max,Grocery,3582.41,253
P03465,Morning Lite,Sports,3392.49,181
P03466,Ball Pro,Apparel,3426.5,430
P03467,Military Plus,Electronics,3985.08,444
P03468,Time Pro,Books,2869.78,296
P03469,Fear Edition,Electronics,2283.59,86
P03470,Management Pro,Books,3536.97,393
P03471,Spring Pro,Beauty,3841.33,148
P03472,Artist Max,Books,4313.09,26
P03473,Attack Plus,Apparel,3744.83,335
P03474,Least Pro,Automotive,2570.18,386
P03475,Of Pro,Apparel,1530.56,114
P03476,Blue Edition,Apparel,2660.66,70
P03477,Agree Lite,Books,3962.31,40
P03478,Computer Pro,Electronics,4081.1,398
P03479,Garden Lite,Sports,2134.66,241
P03480,Look Pro,Electronics,198.58,71
P03481,Energy Plus,Beauty,3269.82,106
P03482,Speak Edition,Electronics,4885.93,1
P03483,Turn Edition,Automotive,3278.17,155
P03484,Front Plus,Automotive,2607.85,361
P03485,Role Max,Apparel,3190.5,128
P03486,Military Plus,Home & Kitchen,4233.28,304
P03487,Budget Pro,Beauty,4783.42,330
P03488,Decide Edition,Automotive,3025.8,431
P03489,Relate Plus,Sports,59.98,141
P03490,Often Edition,Apparel,3484.23,105
P03491,Art Lite,Apparel,1839.82,64
P03492,Lead Edition,Beauty,1315.62,180
P03493,Administration Pro,Beauty,3685.23,438
P03494,And Plus,Apparel,4360.95,303
P03495,Arrive Plus,Grocery,3611.9,233
P03496,Interview Pro,Apparel,3171.37,33
P03497,Service Pro,Books,4246.83,33
P03498,Should Lite,Beauty,2059.1,494
P03499,Answer Lite,Grocery,3196.76,107
P03500,Key Lite,Books,1131.34,429
P03501,Hold Pro,Electronics,1766.82,67
P03502,Rise Plus,Books,4265.17,242
P03503,Tonight Edition,Sports,1166.36,30
P03504,Long Plus,Electronics,1362.8,202
P03505,Author Plus,Grocery,3658.92,353
P03506,Out Edition,Automotive,4557.39,49
P03507,Try Lite,Automotive,3438.21,388
P03508,Yeah Pro,Beauty,1044.27,356
P03509,Expert Plus,Home & Kitchen,4230.58,398
P03510,Inside Lite,Apparel,1663.73,325
P03511,Lawyer Edition,Grocery,967.6,446
P03512,Anything Max,Home & Kitchen,1330.9,102
P03513,Tonight Edition,Automotive,2139.91,160
P03514,Nature Pro,Apparel,1148.87,255
P03515,Speak Plus,Apparel,4623.13,224
P03516,Bring Edition,Automotive,1660.32,228
P03517,Practice Plus,Beauty,3798.09,460
P03518,Discover Pro,Sports,4998.27,198
P03519,How Plus,Apparel,2303.02,292
P03520,Thus Pro,Electronics,1620.67,272
P03521,Evening Edition,Books,631.25,364
P03522,Financial Edition,Beauty,1617.36,329
P03523,Everything Pro,Electronics,2922.1,314
P03524,Sure Max,Books,1014.96,109
P03525,Seem Pro,Sports,4550.48,164
P03526,Open Pro,Automotive,3472.1,277
P03527,Style Pro,Sports,97.3,142
P03528,Begin Pro,Automotive,1191.6,349
P03529,Property Edition,Apparel,1504.67,254
P03530,Of Pro,Beauty,1424.64,286
P03531,Old Plus,Sports,3947.13,125
P03532,Me Pro,Automotive,832.58,356
P03533,Beat Plus,Sports,2962.81,444
P03534,Health Edition,Home & Kitchen,1788.48,195
P03535,Order Edition,Home & Kitchen,4183.44,182
P03536,Reflect Max,Electronics,2969.04,176
P03537,Low Max,Home & Kitchen,1601.27,38
P03538,Hit Plus,Sports,2842.74,9
P03539,Event Plus,Apparel,2125.05,209
P03540,Second Edition,Sports,4226.72,441
P03541,Computer Lite,Electronics,3931.62,60
P03542,Put Pro,Electronics,3898.82,267
P03543,Response Lite,Sports,743.39,354
P03544,They Plus,Electronics,4151.31,48
P03545,Identify Plus,Grocery,4857.32,329
P03546,Drug Max,Electronics,2758.27,182
P03547,Bank Max,Grocery,2765.44,379
P03548,May Plus,Books,3061.43,265
P03549,Lay Pro,Beauty,1293.71,399
P03550,Charge Plus,Grocery,4859.04,388
P03551,Live Max,Apparel,825.75,379
P03552,Attorney Edition,Automotive,1843.65,318
P03553,Perhaps Lite,Apparel,1235.64,179
P03554,Song Max,Apparel,1782.01,390
P03555,Go Lite,Apparel,536.39,286
P03556,Air Pro,Electronics,3297.6,276
P03557,Million Plus,Beauty,2175.35,299
P03558,Wrong Lite,Books,1648.85,6
P03559,Democrat Edition,Books,3632.74,436
P03560,Store Max,Automotive,548.45,413
P03561,Happy Max,Books,3806.47,394
P03562,Little Lite,Sports,2077.03,96
P03563,Put Lite,Automotive,3086.19,89
P03564,Information Max,Grocery,3759.99,476
P03565,Material Lite,Home & Kitchen,1401.07,387
P03566,Model Lite,Home & Kitchen,1070.81,10
P03567,Will Plus,Grocery,1907.34,324
P03568,He Edition,Grocery,4139.97,272
P03569,College Max,Beauty,487.06,87
P03570,Mother Pro,Beauty,4733.15,168
P03571,Wide Pro,Home & Kitchen,2799.93,374
P03572,Good Plus,Grocery,2018.14,254
P03573,Fall Max,Sports,479.32,406
P03574,Range Pro,Home & Kitchen,2052.36,266
P03575,White Edition,Automotive,254.43,119
P03576,Class Plus,Beauty,1917.42,226
P03577,Glass Max,Home & Kitchen,3901.89,274
P03578,Herself Max,Electronics,4940.77,259
P03579,Five Lite,Beauty,2115.25,242
P03580,Name Lite,Apparel,431.11,25
P03581,Whatever Lite,Automotive,2026.75,496
P03582,Kid Plus,Beauty,2403.24,116
P03583,Process Plus,Beauty,1791.22,368
P03584,Cost Lite,Home & Kitchen,2929.29,314
P03585,Lead Lite,Electronics,4379.2,117
P03586,Long Lite,Sports,1865.55,351
P03587,Industry Max,Automotive,857.76,27
P03588,Pattern Pro,Home & Kitchen,828.34,226
P03589,Hold Edition,Electronics,4949.85,211
P03590,Want Max,Books,3371.39,341
P03591,Boy Plus,Apparel,1441.89,444
P03592,Team Edition,Apparel,4465.75,368
P03593,Artist Max,Electronics,3500.07,57
P03594,At Pro,Apparel,1526.05,459
P03595,Option Max,Electronics,1524.01,19
P03596,Election Max,Home & Kitchen,441.5,52
P03597,Pass Edition,Apparel,4552.87,428
P03598,Imagine Max,Home & Kitchen,3037.11,70
P03599,Hundred Max,Electronics,4380.92,209
P03600,Do Edition,Grocery,850.69,29
P03601,Popular Pro,Grocery,3334.07,442
P03602,Front Pro,Home & Kitchen,800.44,58
P03603,Thing Edition,Home & Kitchen,2463.52,97
P03604,Road Lite,Electronics,742.32,151
P03605,Indeed Plus,Automotive,1370.38,164
P03606,Serious Pro,Apparel,1608.31,93
P03607,Over Plus,Beauty,3761.59,426
P03608,Center Edition,Grocery,2498.55,477
P03609,Nation Edition,Books,3591.9,93
P03610,Late Max,Automotive,4653.22,126
P03611,Certain Lite,Electronics,1924.61,435
P03612,Support Max,Home & Kitchen,3962.31,242
P03613,Education Lite,Books,3937.7,448
P03614,Think Plus,Home & Kitchen,4626.85,67
P03615,Help Pro,Apparel,3367.64,303
P03616,Before Pro,Electronics,1292.33,341
P03617,Board Plus,Home & Kitchen,4393.75,192
P03618,Our Pro,Sports,3254.28,449
P03619,Worker Edition,Sports,2217.65,419
P03620,Think Plus,Books,3536.34,407
P03621,Summer Pro,Grocery,2197.94,169
P03622,Stay Pro,Beauty,721.68,298
P03623,Nice Max,Beauty,3112.59,393
P03624,Use Pro,Home & Kitchen,3424.22,167
P03625,Trial Max,Grocery,3605.88,493
P03626,Yeah Lite,Automotive,1528.7,54
P03627,Test Lite,Sports,1129.85,338
P03628,Cause Plus,Apparel,4431.52,89
P03629,Skill Edition,Sports,540.89,131
P03630,Both Pro,Home & Kitchen,2156.63,145
P03631,There Lite,Apparel,153.76,95
P03632,Enter Max,Electronics,1358.74,449
P03633,Tonight Edition,Automotive,4613.01,399
P03634,Rate Plus,Books,1345.78,160
P03635,Site Max,Books,788.27,90
P03636,Right Lite,Electronics,4505.34,89
P03637,Movie Lite,Books,3948.3,105
P03638,Small Plus,Sports,1265.47,165
P03639,Science Max,Electronics,767.07,456
P03640,Likely Plus,Home & Kitchen,4678.85,225
P03641,Trip Pro,Grocery,4947.89,371
P03642,Tell Pro,Books,2041.39,73
P03643,Interest Edition,Electronics,2300.51,166
P03644,Finish Lite,Electronics,1940.8,230
P03645,Eight Edition,Beauty,2070.64,366
P03646,Window Plus,Electronics,4809.36,3
P03647,A Pro,Sports,4568.12,491
P03648,Every Plus,Automotive,717.7,262
P03649,Forward Max,Books,4304.85,383
P03650,Window Plus,Beauty,1323.43,117
P03651,Boy Max,Grocery,3677.27,3
P03652,End Max,Home & Kitchen,2419.23,434
P03653,Successful Plus,Beauty,3453.48,206
P03654,Exist Edition,Automotive,4396.38,74
P03655,Point Pro,Grocery,4978.27,486
P03656,Whom Pro,Sports,407.77,444
P03657,How Lite,Sports,4697.71,297
P03658,Camera Edition,Apparel,3653.78,36
P03659,Camera Edition,Sports,1360.86,69
P03660,Something Lite,Sports,2172.28,37
P03661,Baby Lite,Apparel,3020.58,148
P03662,Son Lite,Books,970.48,203
P03663,Between Plus,Beauty,4204.51,83
P03664,City Max,Grocery,374.94,214
P03665,Three Edition,Beauty,4595.56,265
P03666,Rise Pro,Electronics,2418.71,339
P03667,Must Edition,Apparel,1160.1,468
P03668,Responsibility Pro,Home & Kitchen,1599.66,163
P03669,Focus Max,Automotive,2816.15,323
P03670,Will Plus,Home & Kitchen,2112.49,466
P03671,We Max,Sports,3673.46,438
P03672,Certain Pro,Electronics,4420.91,367
P03673,Final Edition,Sports,4135.43,375
P03674,Future Lite,Sports,651.84,218
P03675,Both Edition,Apparel,2848.17,166
P03676,Kitchen Pro,Apparel,1948.8,64
P03677,With Max,Beauty,672.24,493
P03678,Seek Plus,Electronics,1735.81,162
P03679,Gas Plus,Sports,4477.64,281
P03680,Nearly Plus,Grocery,2282.55,446
P03681,Reason Max,Sports,445.53,95
P03682,Purpose Lite,Grocery,4472.76,284
P03683,American Lite,Home & Kitchen,2757.46,213
P03684,Coach Plus,Grocery,1647.94,234
P03685,Indeed Edition,Automotive,4544.17,3
P03686,Sea Lite,Home & Kitchen,3580.58,346
P03687,Necessary Max,Beauty,3672.73,377
P03688,Long Plus,Sports,2148.26,43
P03689,Use Pro,Electronics,1148.45,51
P03690,Door Lite,Books,64.9,120
P03691,Administration Edition,Apparel,2141.89,178
P03692,Point Edition,Grocery,1418.24,245
P03693,Personal Max,Automotive,3637.14,216
P03694,Thing Max,Sports,400.02,7
P03695,Billion Pro,Automotive,1414.69,49
P03696,Every Edition,Home & Kitchen,3196.6,436
P03697,Argue Lite,Electronics,2771.43,361
P03698,Hospital Plus,Grocery,4712.08,79
P03699,Center Edition,Beauty,3108.4,489
P03700,Sit Max,Automotive,132.91,439
P03701,Rate Plus,Electronics,181.01,250
P03702,Meeting Lite,Beauty,4403.12,331
P03703,Until Edition,Apparel,1266.22,7
P03704,Less Lite,Apparel,4621.44,62
P03705,Animal Max,Home & Kitchen,2993.84,228
P03706,Because Lite,Beauty,4235.81,139
P03707,Impact Edition,Home & Kitchen,1330.66,327
P03708,Population Lite,Home & Kitchen,1885.48,378
P03709,Federal Plus,Grocery,3764.84,229
P03710,Beautiful Plus,Books,4091.81,31
P03711,View Edition,Grocery,4381.59,86
P03712,Establish Pro,Apparel,4056.95,284
P03713,Today Plus,Apparel,1812.45,320
P03714,Why Plus,Automotive,564.21,485
P03715,Not Plus,Beauty,761.88,49
P03716,Significant Edition,Sports,2377.54,302
P03717,Indicate Pro,Sports,1550.08,1
P03718,Different Pro,Automotive,4206.53,389
P03719,Practice Max,Automotive,4358.77,409
P03720,Time Plus,Automotive,2006.73,212
P03721,Ten Max,Sports,4344.84,431
P03722,Late Edition,Automotive,4537.57,202
P03723,Shoulder Edition,Beauty,2627.29,48
P03724,Me Pro,Automotive,477.14,459
P03725,Soon Lite,Electronics,1479.46,240
P03726,Bar Pro,Electronics,1957.06,170
P03727,Somebody Plus,Apparel,4594.26,239
P03728,Only Max,Home & Kitchen,4316.66,263
P03729,Low Pro,Automotive,4629.07,337
P03730,Vote Lite,Grocery,4515.63,473
P03731,Choice Lite,Grocery,3408.32,259
P03732,Full Lite,Home & Kitchen,4871.18,485
P03733,Practice Edition,Books,184.34,353
P03734,Gas Pro,Books,3076.63,470
P03735,Lead Edition,Home & Kitchen,1861.02,205
P03736,Suddenly Plus,Electronics,60.06,246
P03737,View Pro,Sports,4776.67,369
P03738,Reduce Max,Apparel,1258.41,389
P03739,Performance Lite,Electronics,2741.53,458
P03740,Yet Plus,Books,2247.87,445
P03741,Now Lite,Books,4868.21,301
P03742,Need Lite,Beauty,3156.69,286
P03743,High Edition,Apparel,4762.92,184
P03744,Information Plus,Beauty,718.21,378
P03745,Employee Edition,Books,1606.15,75
P03746,Friend Max,Automotive,2619.6,293
P03747,Military Max,Electronics,2856.08,58
P03748,Kid Pro,Electronics,3789.14,385
P03749,Realize Pro,Beauty,3539.35,451
P03750,Agree Edition,Beauty,4385.56,128
P03751,Describe Max,Beauty,598.26,78
P03752,Change Max,Apparel,3122.28,470
P03753,Past Lite,Grocery,2776.28,337
P03754,Foot Pro,Electronics,3018.19,149
P03755,Usually Pro,Grocery,4726.29,96
P03756,Choice Pro,Home & Kitchen,2630.91,166
P03757,Over Max,Electronics,517.04,103
P03758,Home Edition,Apparel,1784.82,24
P03759,Message Edition,Sports,601.19,431
P03760,West Max,Home & Kitchen,1471.43,237
P03761,Economic Edition,Electronics,3251.98,430
P03762,Understand Pro,Grocery,3812.04,269
P03763,Own Pro,Automotive,4136.34,185
P03764,Consumer Max,Books,3318.32,482
P03765,Population Plus,Sports,598.78,341
P03766,Establish Max,Sports,4602.75,361
P03767,Popular Edition,Beauty,3380.14,441
P03768,Most Lite,Electronics,3157.75,349
P03769,Son Edition,Beauty,3763.04,242
P03770,Back Lite,Automotive,4145.03,247
P03771,Able Edition,Books,485.74,60
P03772,Over Plus,Beauty,1002.97,423
P03773,Through Lite,Books,1315.2,482
P03774,Nothing Max,Grocery,1707.59,108
P03775,Billion Max,Electronics,394.21,388
P03776,Traditional Lite,Grocery,2568.05,493
P03777,Stock Lite,Books,4616.41,165
P03778,Test Max,Beauty,3966.37,260
P03779,Wind Pro,Apparel,3293.84,57
P03780,Body Max,Electronics,3069.85,208
P03781,Source Plus,Beauty,4169.84,172
P03782,Student Pro,Electronics,612.88,336
P03783,Meeting Pro,Books,514.52,131
P03784,Member Max,Grocery,4999.64,10
P03785,Surface Max,Sports,1801.62,61
P03786,Hear Pro,Apparel,1195.09,495
P03787,Clear Plus,Sports,3878.98,422
P03788,Sister Lite,Books,765.79,456
P03789,This Max,Books,4170.95,247
P03790,Challenge Max,Sports,1196.85,196
P03791,Environment Pro,Electronics,282.41,408
P03792,Center Max,Automotive,2050.36,51
P03793,Mind Plus,Automotive,3038.33,52
P03794,Impact Plus,Beauty,4194.02,414
P03795,Model Max,Apparel,3727.08,220
P03796,Evening Lite,Grocery,4093.34,129
P03797,City Edition,Sports,2105.62,114
P03798,Model Lite,Sports,3721.14,38
P03799,Exactly Pro,Apparel,3109.72,313
P03800,Live Edition,Sports,2301.64,299
P03801,Level Pro,Electronics,579.62,133
P03802,Why Lite,Home & Kitchen,2173.98,203
P03803,Physical Plus,Sports,2932.36,67
P03804,Surface Plus,Electronics,1844.16,410
P03805,Mission Max,Electronics,4778.44,467
P03806,Scientist Edition,Beauty,4400.54,116
P03807,Walk Plus,Grocery,1545.85,362
P03808,Or Lite,Books,986.66,474
P03809,At Edition,Grocery,2228.22,402
P03810,Agency Max,Grocery,3892.64,386
P03811,As Edition,Books,1673.49,405
P03812,Determine Pro,Automotive,4083.24,375
P03813,Have Edition,Grocery,2744.22,132
P03814,Possible Lite,Sports,4788.92,118
P03815,Know Edition,Grocery,828.35,288
P03816,Watch Edition,Sports,1911.83,355
P03817,Hope Plus,Electronics,3379.19,2
P03818,Vote Pro,Sports,2929.42,257
P03819,Full Lite,Grocery,1891.45,100
P03820,Role Lite,Beauty,4880.16,72
P03821,Three Plus,Beauty,1238.61,455
P03822,Body Plus,Apparel,1496.09,433
P03823,Nearly Max,Beauty,305.46,178
P03824,Medical Lite,Books,1356.89,133
P03825,Choose Max,Grocery,2700.33,119
P03826,Prepare Pro,Grocery,2476.41,422
P03827,Measure Pro,Apparel,1108.74,430
P03828,Four Edition,Home & Kitchen,3213.52,254
P03829,Reflect Edition,Home & Kitchen,2092.64,129
P03830,Not Edition,Home & Kitchen,779.6,86
P03831,Relate Edition,Electronics,3065.29,134
P03832,Compare Edition,Sports,3339.92,84
P03833,Want Edition,Sports,1131.62,169
P03834,Everything Pro,Electronics,4958.32,250
P03835,Glass Pro,Beauty,1228.67,352
P03836,Another Plus,Grocery,57.92,334
P03837,Go Max,Home & Kitchen,1209.43,319
P03838,Court Max,Sports,4366.94,441
P03839,Commercial Lite,Apparel,2418.61,174
P03840,Across Pro,Electronics,1226.56,142
P03841,Reveal Plus,Books,2932.76,103
P03842,Bar Pro,Beauty,1102.92,359
P03843,Without Max,Apparel,306.67,232
P03844,Decade Max,Beauty,2926.7,318
P03845,Sell Lite,Electronics,4239.61,495
P03846,Recent Plus,Sports,4072.6,110
P03847,Reveal Pro,Automotive,742.59,85
P03848,Young Lite,Sports,3352.79,34
P03849,Hospital Edition,Grocery,1123.38,483
P03850,Certain Max,Automotive,1787.4,1
P03851,Affect Max,Sports,4757.18,364
P03852,In Max,Apparel,1537.16,381
P03853,Among Pro,Beauty,4563.31,325
P03854,Health Pro,Automotive,3411.57,471
P03855,Season Edition,Grocery,3000.61,199
P03856,Adult Pro,Beauty,4480.5,445
P03857,Someone Lite,Beauty,1752.85,436
P03858,Term Edition,Beauty,1186.14,163
P03859,Hour Lite,Beauty,192.48,27
P03860,Public Plus,Beauty,4384.51,181
P03861,Key Lite,Books,289.97,81
P03862,Cold Max,Sports,528.59,145
P03863,Section Plus,Automotive,2031.51,330
P03864,Choose Lite,Sports,1723.96,92
P03865,Create Pro,Beauty,2338.65,352
P03866,Practice Plus,Grocery,1344.83,168
P03867,Recently Max,Sports,109.29,136
P03868,Total Pro,Automotive,1505.32,372
P03869,Church Edition,Grocery,228.72,347
P03870,Political Plus,Apparel,2972.62,52
P03871,City Max,Automotive,4382.5,348
P03872,Store Max,Sports,651.88,287
P03873,Coach Plus,Home & Kitchen,2947.36,89
P03874,Perform Pro,Apparel,2566.12,237
P03875,Cut Lite,Home & Kitchen,1532.35,183
P03876,White Lite,Home & Kitchen,2418.58,311
P03877,Mean Edition,Beauty,1066.18,53
P03878,Road Edition,Home & Kitchen,3137.83,359
P03879,Move Max,Books,3792.79,300
P03880,Do Plus,Grocery,3197.04,263
P03881,Expert Pro,Electronics,4960.35,53
P03882,Official Max,Electronics,2975.41,232
P03883,Still Max,Apparel,3119.98,218
P03884,Religious Plus,Apparel,825.05,76
P03885,Cost Edition,Apparel,4025.38,148
P03886,Blood Pro,Apparel,4647.7,474
P03887,Line Edition,Sports,2144.29,353
P03888,Leave Pro,Apparel,1549.3,404
P03889,Size Pro,Electronics,2305.16,455
P03890,Top Plus,Automotive,1399.36,319
P03891,Foot Lite,Home & Kitchen,1712.6,302
P03892,Interesting Lite,Books,4974.04,452
P03893,Factor Plus,Books,2054.24,402
P03894,Keep Edition,Automotive,3741.31,228
P03895,Whole Max,Grocery,3809.83,247
P03896,Miss Edition,Home & Kitchen,454.59,196
P03897,Realize Pro,Apparel,3851.77,285
P03898,Produce Plus,Home & Kitchen,1410.79,296
P03899,Newspaper Max,Grocery,1459.71,385
P03900,Level Lite,Automotive,3080.08,366
P03901,Expert Edition,Home & Kitchen,437.53,237
P03902,College Edition,Books,3984.11,390
P03903,Scene Plus,Books,4616.92,464
P03904,Charge Plus,Automotive,3892.57,137
P03905,Focus Plus,Home & Kitchen,65.47,247
P03906,Let Pro,Home & Kitchen,2797.29,86
P03907,Window Lite,Automotive,3747.47,199
P03908,Camera Plus,Apparel,4631.46,153
P03909,City Plus,Books,337.66,199
P03910,Store Lite,Grocery,4226.53,24
P03911,Old Edition,Apparel,828.15,233
P03912,Present Pro,Books,3499.84,347
P03913,Option Pro,Electronics,4173.99,390
P03914,Imagine Max,Home & Kitchen,4693.08,172
P03915,Pretty Max,Sports,2079.2,99
P03916,Sound Max,Sports,2333.49,343
P03917,Save Pro,Home & Kitchen,1389.53,85
P03918,More Lite,Sports,4731.15,52
P03919,Federal Max,Grocery,1154.94,4
P03920,Threat Max,Beauty,3404.55,172
P03921,Final Pro,Apparel,3588.86,191
P03922,Short Lite,Grocery,1731.8,180
P03923,Certainly Pro,Books,4486.63,67
P03924,Fund Pro,Grocery,370.73,486
P03925,Black Max,Beauty,1323.26,401
P03926,Camera Pro,Beauty,844.53,399
P03927,Choose Plus,Automotive,184.11,256
P03928,Toward Plus,Books,2453.57,22
P03929,Special Pro,Books,1471.3,405
P03930,Surface Max,Electronics,570.02,228
P03931,Surface Plus,Home & Kitchen,4283.49,385
P03932,Room Plus,Home & Kitchen,2036.83,392
P03933,Meet Pro,Automotive,3159.25,407
P03934,People Edition,Apparel,2476.53,458
P03935,Leader Plus,Apparel,3944.33,470
P03936,Exactly Edition,Electronics,703.35,263
P03937,Turn Max,Automotive,2188.03,267
P03938,Difference Plus,Beauty,4487.68,211
P03939,Decade Max,Sports,4104.91,445
P03940,Citizen Lite,Grocery,1398.53,383
P03941,Majority Lite,Electronics,3657.7,385
P03942,Expert Plus,Books,4831.01,290
P03943,Tell Max,Books,1039.06,217
P03944,Table Edition,Sports,4645.1,69
P03945,Send Pro,Grocery,4801.2,287
P03946,Rock Edition,Sports,1168.58,325
P03947,Instead Pro,Beauty,742.66,241
P03948,Central Edition,Grocery,2010.08,223
P03949,Important Edition,Grocery,1613.74,228
P03950,Pass Max,Grocery,3714.92,183
P03951,Good Plus,Books,3872.03,357
P03952,Our Plus,Automotive,4143.78,172
P03953,She Plus,Sports,3102.73,211
P03954,Blue Pro,Home & Kitchen,3942.46,152
P03955,International Pro,Beauty,4997.39,372
P03956,Hard Max,Apparel,1385.25,29
P03957,Trade Max,Grocery,2961.16,148
P03958,Conference Plus,Books,2054.34,302
P03959,Service Pro,Automotive,2551.72,323
P03960,Away Max,Electronics,1506.02,475
P03961,Among Max,Sports,3111.1,374
P03962,Stock Plus,Automotive,627.24,257
P03963,Could Lite,Electronics,1251.95,107
P03964,Industry Edition,Apparel,1597.75,347
P03965,Culture Edition,Automotive,4079.91,492
P03966,Other Edition,Electronics,791.28,59
P03967,Prove Pro,Home & Kitchen,4666.48,428
P03968,Kid Plus,Electronics,4359.79,113
P03969,Impact Lite,Electronics,666.7,188
P03970,Surface Pro,Home & Kitchen,4517.68,25
P03971,Owner Pro,Books,3059.35,432
P03972,With Plus,Sports,2085.73,238
P03973,Show Plus,Electronics,3058.55,442
P03974,Maybe Plus,Automotive,2800.09,26
P03975,Enjoy Edition,Beauty,2250.82,144
P03976,Turn Lite,Sports,3504.31,465
P03977,Behavior Edition,Home & Kitchen,2174.17,234
P03978,Who Max,Sports,3195.22,470
P03979,Positive Edition,Beauty,3557.86,462
P03980,Fund Max,Apparel,2503.9,54
P03981,During Edition,Apparel,1628.31,4
P03982,Behavior Lite,Automotive,188.53,121
P03983,Conference Lite,Electronics,1718.58,443
P03984,Score Max,Automotive,1039.59,188
P03985,Letter Pro,Books,1379.25,407
P03986,Bag Plus,Apparel,3632.24,383
P03987,Budget Plus,Home & Kitchen,1814.63,104
P03988,Resource Pro,Electronics,4953.2,27
P03989,Scene Lite,Books,3976.05,249
P03990,Church Plus,Apparel,3553.9,112
P03991,Every Lite,Beauty,75.6,151
P03992,City Plus,Grocery,3804.97,272
P03993,Yet Pro,Electronics,2570.18,404
P03994,Price Edition,Beauty,2065.23,456
P03995,View Lite,Electronics,797.92,391
P03996,Team Pro,Sports,1446.03,459
P03997,Particularly Lite,Apparel,4778.28,165
P03998,Benefit Edition,Automotive,2574.5,291
P03999,Third Pro,Automotive,595.94,365
P04000,Individual Lite,Sports,792.5,404
P04001,Where Pro,Home & Kitchen,4171.22,342
P04002,Computer Plus,Sports,378.76,42
P04003,Accept Pro,Apparel,2678.09,431
P04004,Put Lite,Apparel,829.29,260
P04005,Visit Edition,Grocery,3381.14,435
P04006,Cell Plus,Automotive,3180.72,245
P04007,When Plus,Electronics,3718.21,239
P04008,About Edition,Electronics,211.93,352
P04009,These Pro,Home & Kitchen,4007.31,489
P04010,Base Pro,Sports,1873.1,287
P04011,Best Edition,Books,2686.27,308
P04012,Occur Max,Books,4933.38,148
P04013,Seek Plus,Electronics,3415.38,125
P04014,Operation Pro,Sports,4752.82,302
P04015,Decide Max,Beauty,686.38,4
P04016,Along Max,Beauty,2670.1,372
P04017,Might Lite,Electronics,722.13,6
P04018,Various Max,Automotive,4898.72,399
P04019,Back Pro,Automotive,4811.64,30
P04020,Into Plus,Books,4902.91,34
P04021,Shake Pro,Home & Kitchen,2635.71,336
P04022,Manager Max,Beauty,213.65,57
P04023,Difficult Lite,Home & Kitchen,3706.22,151
P04024,Put Edition,Sports,4527.44,184
P04025,Off Pro,Electronics,3122.73,379
P04026,Each Plus,Apparel,4158.47,88
P04027,Body Plus,Electronics,2160.95,487
P04028,Push Lite,Automotive,1317.76,171
P04029,Enough Edition,Books,4989.1,479
P04030,Occur Edition,Beauty,1100.04,24
P04031,Film Plus,Books,3779.37,173
P04032,Green Edition,Beauty,2337.86,346
P04033,Year Lite,Beauty,1570.43,207
P04034,Say Pro,Beauty,3500.86,246
P04035,My Plus,Home & Kitchen,4934.09,51
P04036,Church Edition,Apparel,4805.62,258
P04037,Born Plus,Home & Kitchen,1080.13,183
P04038,Authority Pro,Home & Kitchen,932.82,86
P04039,Move Lite,Automotive,716.25,242
P04040,Region Pro,Home & Kitchen,75.93,242
P04041,Middle Pro,Beauty,2161.07,51
P04042,Smile Edition,Apparel,609.95,77
P04043,Impact Edition,Apparel,4434.69,323
P04044,Against Edition,Electronics,1946.2,179
P04045,Itself Edition,Sports,4028.69,414
P04046,Ball Pro,Books,3522.64,32
P04047,Design Plus,Sports,4240.9,386
P04048,Window Edition,Home & Kitchen,1783.97,37
P04049,Green Lite,Beauty,1205.05,123
P04050,Senior Plus,Electronics,3513.85,40
P04051,Really Lite,Home & Kitchen,1406.46,452
P04052,Reason Plus,Automotive,67.86,262
P04053,Tend Edition,Automotive,1295.07,370
P04054,Fall Lite,Sports,420.64,66
P04055,Smile Pro,Beauty,1449.9,42
P04056,Good Edition,Books,400.05,160
P04057,Congress Plus,Apparel,524.76,483
P04058,Movie Pro,Grocery,772.21,10
P04059,Common Edition,Automotive,3778.14,383
P04060,Choose Lite,Apparel,1739.75,230
P04061,Democrat Pro,Automotive,1794.1,341
P04062,Fund Lite,Home & Kitchen,4529.43,368
P04063,Join Max,Grocery,2764.48,181
P04064,Size Edition,Automotive,4479.34,100
P04065,Stand Max,Electronics,4804.47,317
P04066,Case Edition,Sports,1254.9,154
P04067,Around Max,Apparel,4786.88,245
P04068,The Pro,Grocery,4397.92,249
P04069,First Plus,Electronics,1624.33,84
P04070,Professor Lite,Home & Kitchen,3807.01,225
P04071,Local Lite,Home & Kitchen,4464.15,416
P04072,Heavy Pro,Automotive,277.46,272
P04073,Former Max,Sports,1010.17,327
P04074,Military Plus,Home & Kitchen,270.88,247
P04075,Environment Lite,Books,324.15,300
P04076,Best Plus,Grocery,2071.9,347
P04077,Sit Max,Apparel,4483.49,270
P04078,Product Pro,Electronics,3360.51,33
P04079,Night Plus,Sports,2090.16,118
P04080,Toward Max,Books,3236.25,239
P04081,Understand Max,Home & Kitchen,1186.96,97
P04082,Knowledge Lite,Grocery,4779.37,23
P04083,Writer Max,Sports,2624.86,456
P04084,Within Pro,Apparel,3004.46,492
P04085,Necessary Max,Electronics,3309.22,177
P04086,Several Pro,Sports,4562.15,354
P04087,Indeed Pro,Beauty,1180.06,320
P04088,Open Pro,Grocery,2249.73,163
P04089,Year Edition,Grocery,3022.67,472
P04090,Seven Plus,Home & Kitchen,2000.05,195
P04091,Research Edition,Beauty,3394.88,262
P04092,Trip Edition,Sports,210.41,394
P04093,Military Pro,Automotive,1334.45,58
P04094,Friend Lite,Automotive,1800.53,165
P04095,Security Edition,Beauty,2835.95,172
P04096,College Edition,Beauty,4880.47,239
P04097,Nearly Edition,Electronics,2429.59,101
P04098,Ago Max,Sports,1093.74,220
P04099,Message Pro,Beauty,3961.51,251
P04100,Suffer Lite,Apparel,1161.14,51
P04101,Opportunity Max,Beauty,2086.08,200
P04102,Movement Edition,Home & Kitchen,713.84,215
P04103,Find Pro,Apparel,2996.99,455
P04104,Soon Edition,Home & Kitchen,4171.91,330
P04105,Culture Plus,Beauty,4055.97,342
P04106,Mean Edition,Books,4210.11,74
P04107,Protect Plus,Sports,4575.82,75
P04108,Seem Pro,Home & Kitchen,1048.0,426
P04109,Former Edition,Grocery,4671.16,434
P04110,Radio Pro,Automotive,2440.21,47
P04111,Would Pro,Beauty,4835.16,303
P04112,One Max,Electronics,465.75,358
P04113,Skill Edition,Apparel,4801.82,78
P04114,So Pro,Sports,405.72,65
P04115,Floor Pro,Sports,2452.42,103
P04116,Pay Pro,Books,4389.54,277
P04117,Know Max,Electronics,3020.94,326
P04118,Same Lite,Home & Kitchen,1810.78,423
P04119,Dark Max,Grocery,861.84,273
P04120,Half Plus,Electronics,2395.68,128
P04121,Crime Plus,Electronics,2296.4,267
P04122,Mean Plus,Apparel,4062.99,357
P04123,Floor Max,Sports,3150.49,142
P04124,Measure Edition,Grocery,2663.66,218
P04125,Run Lite,Grocery,4018.75,278
P04126,Happy Max,Automotive,631.8,14
P04127,Down Lite,Apparel,4716.67,227
P04128,Writer Max,Electronics,3185.83,316
P04129,Wear Max,Grocery,364.12,269
P04130,Building Max,Home & Kitchen,107.78,267
P04131,Capital Pro,Sports,3536.31,486
P04132,High Plus,Electronics,3187.71,128
P04133,Generation Pro,Grocery,3676.35,137
P04134,Rest Lite,Electronics,2199.06,318
P04135,Arm Lite,Sports,997.5,201
P04136,Hot Pro,Beauty,2246.38,423
P04137,Office Pro,Grocery,4683.6,125
P04138,Agreement Edition,Apparel,3961.89,369
P04139,Assume Pro,Sports,3107.06,262
P04140,Star Plus,Automotive,3358.84,175
P04141,Later Lite,Automotive,2736.3,66
P04142,Area Max,Books,1595.48,486
P04143,Fish Plus,Grocery,2731.45,316
P04144,History Edition,Automotive,3671.38,55
P04145,In Pro,Apparel,2689.78,45
P04146,Also Lite,Books,4959.93,211
P04147,Sort Edition,Beauty,1096.49,388
P04148,Place Pro,Automotive,1942.5,241
P04149,Remember Lite,Sports,2564.0,350
P04150,Represent Lite,Automotive,531.57,112
P04151,Describe Pro,Grocery,4960.23,33
P04152,Million Lite,Automotive,292.75,485
P04153,Room Pro,Apparel,2203.68,470
P04154,His Max,Books,2357.13,353
P04155,Property Pro,Apparel,1368.02,209
P04156,More Edition,Sports,51.18,419
P04157,Form Max,Apparel,2624.9,266
P04158,Way Edition,Automotive,128.84,494
P04159,Player Edition,Sports,2496.6,143
P04160,Military Edition,Beauty,2769.31,86
P04161,Give Edition,Automotive,3319.75,194
P04162,Eye Pro,Sports,1106.6,134
P04163,Drive Plus,Beauty,306.26,353
P04164,Talk Max,Electronics,3508.05,367
P04165,Store Max,Apparel,3200.94,138
P04166,Give Pro,Sports,4543.06,167
P04167,Quality Lite,Books,2926.03,389
P04168,Consumer Lite,Electronics,2051.2,388
P04169,Old Edition,Home & Kitchen,2187.17,97
P04170,Institution Pro,Books,4583.96,347
P04171,Tell Max,Home & Kitchen,4277.92,452
P04172,Read Plus,Apparel,3082.87,440
P04173,Conference Edition,Books,1919.18,343
P04174,There Max,Electronics,4066.04,137
P04175,Professional Max,Apparel,1717.78,352
P04176,Something Plus,Grocery,2552.81,242
P04177,Certainly Pro,Automotive,3245.18,69
P04178,Question Max,Sports,4183.41,401
P04179,Apply Edition,Sports,1699.19,465
P04180,Dinner Max,Sports,2344.83,293
P04181,Way Plus,Automotive,2120.85,96
P04182,Item Lite,Automotive,3660.54,81
P04183,Sport Pro,Sports,2464.88,140
P04184,Local Lite,Sports,957.91,161
P04185,Computer Pro,Grocery,2063.88,432
P04186,Wait Pro,Electronics,993.32,328
P04187,Lawyer Max,Books,1666.99,325
P04188,Would Lite,Grocery,921.07,494
P04189,Fast Lite,Sports,1052.31,191
P04190,Article Max,Beauty,4402.82,34
P04191,Under Pro,Electronics,280.64,250
P04192,Police Pro,Automotive,744.39,224
P04193,Admit Pro,Sports,2343.85,306
P04194,Body Max,Apparel,2932.9,343
P04195,Space Lite,Apparel,626.36,233
P04196,Low Lite,Home & Kitchen,3473.23,147
P04197,Science Max,Home & Kitchen,3548.35,484
P04198,Our Pro,Books,1652.33,283
P04199,Cover Edition,Electronics,113.81,245
P04200,Amount Lite,Books,553.48,107
P04201,Every Plus,Home & Kitchen,4547.8,402
P04202,Thank Edition,Grocery,1858.68,19
P04203,Ability Lite,Apparel,1906.26,238
P04204,Enter Max,Electronics,3967.92,47
P04205,Decade Edition,Sports,4910.69,349
P04206,Suddenly Max,Grocery,2564.75,410
P04207,Discuss Plus,Electronics,3780.54,244
P04208,Interview Plus,Electronics,2691.25,31
P04209,Authority Lite,Electronics,2949.62,287
P04210,Thank Plus,Grocery,2138.95,2
P04211,Sign Max,Sports,4292.79,129
P04212,Yes Max,Electronics,3044.52,134
P04213,Join Max,Sports,4406.07,306
P04214,Discuss Max,Automotive,4897.77,117
P04215,Size Plus,Automotive,3501.11,137
P04216,Though Edition,Beauty,540.54,116
P04217,Important Plus,Apparel,3820.41,406
P04218,Home Max,Home & Kitchen,4501.13,455
P04219,Buy Pro,Grocery,3404.5,289
P04220,Sit Plus,Books,4936.64,121
P04221,Easy Max,Home & Kitchen,4784.67,111
P04222,Art Edition,Grocery,1388.94,177
P04223,Recently Plus,Electronics,284.51,255
P04224,Quickly Max,Sports,1981.87,401
P04225,Point Edition,Books,1644.1,379
P04226,Want Lite,Books,3058.26,88
P04227,Consider Edition,Beauty,2503.83,500
P04228,Fact Lite,Beauty,4126.99,47
P04229,Real Edition,Automotive,3439.06,280
P04230,Door Max,Books,783.96,49
P04231,Better Lite,Home & Kitchen,1355.33,161
P04232,Political Max,Electronics,2606.9,311
P04233,Trip Lite,Home & Kitchen,4361.98,153
P04234,Management Lite,Grocery,3814.84,412
P04235,Church Pro,Books,1171.85,104
P04236,Politics Plus,Apparel,3746.63,45
P04237,Politics Plus,Beauty,173.27,11
P04238,Song Pro,Beauty,3480.31,5
P04239,Find Lite,Books,2165.82,491
P04240,Herself Lite,Grocery,82.12,169
P04241,Model Plus,Home & Kitchen,4057.02,351
P04242,Next Edition,Automotive,119.49,346
P04243,Return Max,Beauty,1905.12,321
P04244,Full Pro,Automotive,2771.05,113
P04245,Serious Lite,Electronics,3056.46,311
P04246,Executive Lite,Apparel,1204.34,247
P04247,Life Lite,Home & Kitchen,3581.69,404
P04248,Down Max,Sports,2596.61,353
P04249,Phone Lite,Apparel,2594.55,347
P04250,Radio Lite,Sports,3409.01,277
P04251,Change Lite,Books,897.04,313
P04252,Your Lite,Home & Kitchen,4546.48,34
P04253,Much Edition,Sports,3582.21,263
P04254,Six Edition,Books,1130.11,34
P04255,Rise Plus,Books,959.86,265
P04256,Include Edition,Sports,4985.55,140
P04257,Word Pro,Apparel,3155.34,111
P04258,Realize Plus,Books,1536.52,54
P04259,Reduce Max,Electronics,2318.26,47
P04260,Certainly Max,Home & Kitchen,1192.23,488
P04261,Will Pro,Books,3245.2,162
P04262,Represent Lite,Sports,3613.67,401
P04263,Sport Lite,Sports,2258.54,136
P04264,Find Max,Apparel,1990.27,370
P04265,Number Plus,Beauty,1543.7,371
P04266,Popular Max,Home & Kitchen,2385.75,70
P04267,Large Pro,Beauty,3799.37,423
P04268,Various Max,Electronics,1793.61,211
P04269,Should Lite,Electronics,4833.14,435
P04270,Church Pro,Electronics,3492.18,91
P04271,Charge Pro,Grocery,492.3,97
P04272,Before Pro,Home & Kitchen,4226.35,308
P04273,Military Pro,Electronics,2156.52,475
P04274,Box Plus,Grocery,808.35,172
P04275,Teach Edition,Apparel,2531.57,56
P04276,Heavy Plus,Electronics,4246.82,165
P04277,Road Plus,Books,4838.0,319
P04278,World Lite,Home & Kitchen,2110.39,424
P04279,Language Plus,Grocery,790.85,26
P04280,Radio Plus,Automotive,3887.5,452
P04281,Move Pro,Automotive,1120.32,352
P04282,Remain Max,Home & Kitchen,3686.23,325
P04283,Street Lite,Beauty,4753.33,14
P04284,Should Max,Automotive,2698.86,217
P04285,Source Plus,Apparel,2276.28,431
P04286,Mother Lite,Apparel,415.89,370
P04287,Art Edition,Grocery,3897.29,385
P04288,Apply Edition,Apparel,1370.15,344
P04289,Central Plus,Grocery,2768.18,184
P04290,More Plus,Books,108.69,337
P04291,Yet Edition,Sports,3386.36,168
P04292,Into Edition,Sports,1390.12,464
P04293,Work Plus,Apparel,607.77,288
P04294,With Edition,Books,4528.34,106
P04295,Public Lite,Beauty,4983.46,431
P04296,Change Max,Beauty,814.91,455
P04297,Head Plus,Apparel,2349.29,112
P04298,Boy Max,Sports,3738.79,5
P04299,Close Pro,Books,2338.69,9
P04300,Safe Plus,Apparel,3899.32,490
P04301,Physical Pro,Grocery,1198.95,452
P04302,Specific Pro,Automotive,1058.72,427
P04303,After Max,Sports,2935.79,226
P04304,Many Max,Electronics,593.55,467
P04305,Camera Pro,Electronics,227.97,1
P04306,Majority Edition,Automotive,1901.73,280
P04307,Experience Plus,Home & Kitchen,1949.38,407
P04308,Skin Pro,Electronics,4367.47,34
P04309,Sister Plus,Books,1183.22,39
P04310,Early Plus,Books,3674.63,333
P04311,Move Lite,Books,2896.56,27
P04312,Career Lite,Grocery,2816.13,475
P04313,Republican Plus,Home & Kitchen,2270.05,56
P04314,Forward Edition,Books,2697.34,214
P04315,Process Pro,Books,4187.73,354
P04316,Identify Max,Home & Kitchen,2770.67,14
P04317,Card Pro,Home & Kitchen,3478.39,151
P04318,Season Pro,Sports,1795.28,150
P04319,Skin Pro,Books,4967.32,499
P04320,Almost Max,Beauty,1994.67,420
P04321,Energy Max,Home & Kitchen,258.1,367
P04322,Administration Lite,Grocery,232.8,459
P04323,Fly Max,Sports,676.38,410
P04324,Cover Edition,Electronics,3561.91,401
P04325,Model Lite,Sports,4569.37,322
P04326,Far Plus,Grocery,1685.24,164
P04327,Western Lite,Home & Kitchen,1196.65,470
P04328,Window Edition,Automotive,3628.06,11
P04329,Again Plus,Beauty,1900.42,301
P04330,Statement Lite,Automotive,4909.17,258
P04331,Know Lite,Electronics,2135.51,212
P04332,Citizen Lite,Grocery,3740.59,297
P04333,Meet Pro,Books,3958.45,289
P04334,Degree Max,Books,1274.06,400
P04335,Cup Plus,Sports,2703.49,268
P04336,Choice Edition,Grocery,4419.85,438
P04337,Reason Plus,Apparel,4965.99,247
P04338,Among Max,Apparel,2476.45,456
P04339,Someone Edition,Beauty,679.73,443
P04340,American Lite,Books,581.41,185
P04341,Process Lite,Beauty,1641.41,278
P04342,Apply Pro,Home & Kitchen,4699.88,256
P04343,News Max,Sports,897.55,202
P04344,Risk Lite,Automotive,1589.38,279
P04345,Structure Max,Apparel,1125.4,487
P04346,Help Max,Automotive,1262.86,57
P04347,Story Plus,Grocery,1288.76,146
P04348,Challenge Lite,Automotive,1189.92,130
P04349,High Lite,Beauty,2267.16,20
P04350,Least Pro,Electronics,310.11,284
P04351,Front Edition,Home & Kitchen,3917.58,499
P04352,Local Pro,Home & Kitchen,4924.9,417
P04353,Trial Plus,Home & Kitchen,3347.61,174
P04354,Until Edition,Books,4092.73,260
P04355,Radio Plus,Beauty,3491.44,492
P04356,Only Lite,Books,680.55,268
P04357,Safe Max,Home & Kitchen,1827.28,155
P04358,Voice Lite,Apparel,4650.57,391
P04359,Radio Plus,Apparel,3813.72,7
P04360,Debate Lite,Books,2730.41,115
P04361,Drug Edition,Apparel,838.03,342
P04362,Wish Lite,Beauty,1481.17,176
P04363,Create Lite,Automotive,1867.57,144
P04364,Eye Pro,Apparel,2061.8,460
P04365,Local Max,Books,2002.12,152
P04366,Beyond Plus,Electronics,1959.44,407
P04367,Level Max,Grocery,1798.49,466
P04368,Admit Max,Sports,2197.03,487
P04369,Create Pro,Apparel,304.9,18
P04370,Beautiful Edition,Automotive,3129.89,15
P04371,Trial Lite,Automotive,1214.35,85
P04372,Within Lite,Sports,284.84,146
P04373,Take Plus,Apparel,1347.17,234
P04374,Or Pro,Automotive,960.67,417
P04375,Instead Max,Apparel,75.84,140
P04376,Fund Lite,Books,131.8,34
P04377,Election Edition,Apparel,957.67,431
P04378,Remain Max,Grocery,4199.61,25
P04379,Since Lite,Apparel,59.9,112
P04380,Prove Max,Sports,4880.3,456
P04381,Increase Edition,Electronics,2975.99,21
P04382,Though Edition,Home & Kitchen,4892.82,250
P04383,Writer Pro,Books,4553.53,158
P04384,Religious Plus,Home & Kitchen,4913.36,89
P04385,More Pro,Beauty,1359.16,229
P04386,Either Edition,Sports,4539.91,180
P04387,Significant Max,Beauty,4706.81,60
P04388,Feeling Edition,Grocery,2822.78,296
P04389,Under Plus,Grocery,4522.27,263
P04390,No Edition,Beauty,4127.54,86
P04391,Prevent Max,Automotive,516.94,11
P04392,Just Pro,Apparel,3279.68,205
P04393,Purpose Edition,Automotive,2014.6,217
P04394,Its Plus,Beauty,2439.51,54
P04395,Strategy Pro,Automotive,2664.74,106
P04396,Child Lite,Electronics,4403.14,94
P04397,Stay Edition,Books,3521.19,223
P04398,Land Max,Home & Kitchen,726.09,83
P04399,Body Max,Home & Kitchen,1955.13,337
P04400,Particularly Max,Sports,4567.83,483
P04401,Professor Max,Beauty,3123.62,83
P04402,Method Edition,Electronics,521.37,158
P04403,Attention Pro,Sports,4793.26,389
P04404,Personal Plus,Beauty,3075.12,100
P04405,Ahead Lite,Grocery,1227.54,129
P04406,Tv Edition,Sports,2197.12,419
P04407,Suggest Pro,Electronics,2067.45,123
P04408,Believe Plus,Beauty,2638.52,155
P04409,Environment Max,Beauty,3443.41,201
P04410,And Lite,Apparel,2162.77,403
P04411,Indeed Pro,Home & Kitchen,762.28,160
P04412,Blood Max,Apparel,4816.67,413
P04413,Owner Lite,Grocery,2456.98,313
P04414,Management Max,Books,3426.32,47
P04415,View Pro,Home & Kitchen,4645.3,397
P04416,Mention Lite,Electronics,4908.24,43
P04417,Door Lite,Sports,3897.61,208
P04418,Oil Max,Apparel,74.56,379
P04419,Note Plus,Sports,2233.15,338
P04420,She Lite,Home & Kitchen,817.56,219
P04421,Democrat Lite,Grocery,744.21,413
P04422,Others Max,Automotive,553.57,493
P04423,Good Plus,Beauty,4236.64,313
P04424,Simple Max,Home & Kitchen,1794.35,219
P04425,Occur Max,Electronics,3865.78,435
P04426,Become Max,Books,4910.23,199
P04427,Stuff Edition,Grocery,4569.52,237
P04428,Interview Lite,Grocery,1793.11,340
P04429,Fill Edition,Grocery,3118.25,404
P04430,Eight Plus,Sports,1693.11,211
P04431,Just Lite,Electronics,3331.53,77
P04432,West Max,Home & Kitchen,454.86,308
P04433,Suggest Plus,Electronics,2628.26,408
P04434,Buy Plus,Beauty,3305.02,436
P04435,Shake Pro,Home & Kitchen,1406.01,67
P04436,Face Edition,Grocery,1316.05,77
P04437,Identify Lite,Sports,4195.62,454
P04438,Day Edition,Automotive,867.09,294
P04439,Their Plus,Electronics,1965.87,291
P04440,Development Max,Books,3271.39,160
P04441,Job Edition,Electronics,425.46,451
P04442,Brother Pro,Home & Kitchen,679.63,104
P04443,Thus Edition,Automotive,259.59,269
P04444,Debate Lite,Sports,3963.34,317
P04445,Friend Plus,Grocery,760.83,221
P04446,Response Plus,Books,935.31,262
P04447,Outside Max,Beauty,2021.54,321
P04448,Ever Max,Books,2140.81,363
P04449,Share Plus,Beauty,168.24,8
P04450,Sound Pro,Sports,4512.41,222
P04451,Fly Lite,Home & Kitchen,2510.24,182
P04452,Meet Lite,Sports,3645.69,85
P04453,Relate Max,Electronics,3885.9,204
P04454,Beautiful Pro,Home & Kitchen,2304.82,343
P04455,Good Edition,Home & Kitchen,4923.72,329
P04456,Discuss Lite,Home & Kitchen,4737.08,47
P04457,Their Pro,Beauty,3097.65,28
P04458,Cause Edition,Grocery,3656.35,244
P04459,Listen Plus,Beauty,3583.64,426
P04460,Act Lite,Sports,2612.34,54
P04461,Hundred Edition,Apparel,891.59,346
P04462,Place Pro,Apparel,3010.56,190
P04463,Majority Edition,Apparel,4446.5,45
P04464,Training Edition,Home & Kitchen,1487.29,371
P04465,Production Lite,Grocery,3374.01,146
P04466,Statement Lite,Apparel,1294.56,242
P04467,Describe Plus,Sports,4124.31,319
P04468,Know Edition,Electronics,3923.54,350
P04469,Conference Max,Electronics,1212.21,324
P04470,Clearly Plus,Automotive,3427.12,84
P04471,Stock Max,Electronics,2472.55,248
P04472,Will Plus,Electronics,1637.23,29
P04473,Different Plus,Beauty,512.27,439
P04474,Ability Max,Automotive,4069.25,89
P04475,Continue Plus,Apparel,1296.93,8
P04476,Reduce Lite,Apparel,186.45,150
P04477,Score Pro,Automotive,2286.44,356
P04478,Despite Edition,Home & Kitchen,2896.57,437
P04479,Yes Edition,Automotive,4055.74,444
P04480,Than Lite,Grocery,790.85,196
P04481,After Max,Automotive,2229.41,51
P04482,Write Plus,Electronics,3392.58,339
P04483,Note Max,Sports,3674.73,152
P04484,Although Lite,Electronics,3085.78,181
P04485,Identify Pro,Grocery,2949.05,383
P04486,Sister Plus,Grocery,4791.74,89
P04487,Century Edition,Apparel,4985.65,430
P04488,Offer Max,Apparel,2094.85,139
P04489,Dream Edition,Automotive,3115.41,37
P04490,Activity Edition,Electronics,4408.84,387
P04491,Ability Edition,Home & Kitchen,3284.01,314
P04492,Tax Plus,Books,1819.09,236
P04493,Cold Edition,Beauty,3991.38,468
P04494,Business Plus,Automotive,4540.69,215
P04495,Something Edition,Beauty,1603.12,140
P04496,Mrs Pro,Grocery,4074.76,91
P04497,Treat Plus,Automotive,3225.34,405
P04498,Measure Lite,Apparel,2287.54,208
P04499,Summer Edition,Apparel,1166.22,75
P04500,Source Lite,Grocery,2309.35,167
P04501,Science Plus,Electronics,3454.71,367
P04502,Score Edition,Beauty,466.07,241
P04503,Side Lite,Sports,223.54,15
P04504,Sea Edition,Sports,1746.93,152
P04505,Personal Max,Grocery,1223.69,217
P04506,Level Edition,Books,4956.81,310
P04507,Deep Lite,Home & Kitchen,169.55,330
P04508,Probably Max,Grocery,634.51,311
P04509,Who Max,Apparel,2536.3,175
P04510,Note Pro,Books,3646.31,371
P04511,Exist Plus,Electronics,2134.31,130
P04512,Style Edition,Electronics,4744.74,195
P04513,Reduce Lite,Sports,2065.32,393
P04514,Peace Lite,Home & Kitchen,4365.35,451
P04515,Some Max,Books,4552.21,382
P04516,Question Max,Sports,3722.1,254
P04517,Deal Plus,Sports,2215.6,305
P04518,Yeah Lite,Home & Kitchen,2199.89,434
P04519,Agency Edition,Books,3722.01,466
P04520,Vote Max,Home & Kitchen,3577.6,143
P04521,Show Pro,Books,4923.65,351
P04522,Lot Pro,Apparel,4555.04,276
P04523,Have Max,Grocery,1552.13,22
P04524,Appear Pro,Grocery,1640.49,46
P04525,Keep Pro,Home & Kitchen,3900.25,148
P04526,Point Pro,Sports,2202.93,460
P04527,Two Plus,Grocery,4138.01,96
P04528,News Plus,Grocery,4958.93,51
P04529,Add Max,Grocery,4611.69,481
P04530,Under Plus,Apparel,436.74,171
P04531,Environment Lite,Electronics,2033.24,4
P04532,Factor Edition,Grocery,1243.38,49
P04533,Center Max,Books,1476.52,209
P04534,These Pro,Home & Kitchen,686.49,57
P04535,Under Edition,Books,3199.39,80
P04536,Really Plus,Grocery,151.87,298
P04537,Do Lite,Books,4801.19,354
P04538,Imagine Edition,Electronics,2956.74,265
P04539,Several Max,Automotive,3698.35,319
P04540,Within Lite,Apparel,4542.36,343
P04541,Hold Edition,Books,234.17,85
P04542,Wear Max,Home & Kitchen,4694.44,316
P04543,Accept Lite,Apparel,489.28,383
P04544,Name Max,Beauty,3829.33,134
P04545,Process Lite,Home & Kitchen,2199.19,372
P04546,Specific Max,Electronics,1034.07,239
P04547,Court Pro,Apparel,4972.68,419
P04548,Draw Plus,Sports,2377.06,148
P04549,Where Lite,Books,575.17,265
P04550,Majority Edition,Grocery,2848.83,496
P04551,Service Edition,Home & Kitchen,1103.68,445
P04552,Room Lite,Home & Kitchen,578.67,493
P04553,Kitchen Edition,Books,2193.08,314
P04554,Democrat Max,Apparel,3777.73,377
P04555,Happy Pro,Electronics,1391.43,248
P04556,Mind Pro,Books,2518.78,425
P04557,To Edition,Home & Kitchen,4133.7,226
P04558,Carry Plus,Electronics,968.5,117
P04559,Manager Max,Sports,3092.92,166
P04560,Model Lite,Grocery,4231.63,245
P04561,Option Pro,Grocery,1138.76,377
P04562,Fine Max,Books,4682.27,303
P04563,Travel Edition,Books,3088.45,236
P04564,Operation Max,Automotive,2281.96,281
P04565,Inside Pro,Electronics,3783.9,376
P04566,War Max,Apparel,798.91,92
P04567,Tonight Plus,Automotive,1976.09,237
P04568,Behind Edition,Home & Kitchen,3694.86,344
P04569,Never Pro,Sports,2083.33,459
P04570,Daughter Lite,Grocery,2059.42,161
P04571,Budget Edition,Automotive,1777.52,219
P04572,Culture Pro,Apparel,2478.39,20
P04573,Be Edition,Books,868.54,94
P04574,Mother Max,Beauty,4730.71,288
P04575,Else Lite,Home & Kitchen,3754.36,406
P04576,Father Lite,Books,120.15,102
P04577,Office Edition,Automotive,1503.32,271
P04578,Heavy Max,Grocery,4567.9,275
P04579,Wish Max,Sports,4344.37,283
P04580,Region Edition,Apparel,3625.5,227
P04581,Simple Pro,Grocery,1957.99,396
P04582,Several Pro,Sports,952.45,275
P04583,Who Max,Home & Kitchen,4768.2,30
P04584,Front Pro,Beauty,1788.52,2
P04585,White Max,Sports,1428.09,3
P04586,You Plus,Electronics,4677.22,54
P04587,A Lite,Beauty,3140.47,330
P04588,Finish Edition,Apparel,1543.91,391
P04589,Even Plus,Beauty,1409.1,352
P04590,Short Edition,Apparel,2408.08,483
P04591,Catch Plus,Home & Kitchen,1032.65,229
P04592,Sound Pro,Books,2666.76,131
P04593,Message Edition,Grocery,3119.16,285
P04594,Style Max,Electronics,507.36,389
P04595,Meeting Pro,Electronics,4213.88,305
P04596,Example Lite,Sports,2365.17,155
P04597,Seat Pro,Books,1549.75,181
P04598,Book Max,Home & Kitchen,4969.34,233
P04599,Keep Edition,Home & Kitchen,2728.86,445
P04600,Game Pro,Home & Kitchen,3673.75,228
P04601,Middle Plus,Sports,3904.87,174
P04602,Too Plus,Home & Kitchen,2500.56,463
P04603,Foreign Lite,Automotive,3991.18,262
P04604,Later Plus,Home & Kitchen,703.99,412
P04605,Soldier Max,Beauty,460.03,184
P04606,Within Plus,Books,2765.94,4
P04607,Ball Plus,Home & Kitchen,2757.84,388
P04608,Government Max,Beauty,4456.55,313
P04609,It Edition,Beauty,4119.5,478
P04610,Few Lite,Home & Kitchen,2664.38,179
P04611,Impact Pro,Beauty,282.52,82
P04612,Program Max,Apparel,2445.2,447
P04613,Statement Pro,Books,3165.57,500
P04614,Then Pro,Beauty,2785.38,299
P04615,College Max,Home & Kitchen,4910.3,133
P04616,Civil Plus,Sports,686.54,383
P04617,Buy Lite,Electronics,4180.14,113
P04618,Five Max,Automotive,1425.84,143
P04619,Attack Lite,Home & Kitchen,1272.65,65
P04620,Outside Max,Automotive,3364.81,444
P04621,Continue Edition,Apparel,3368.91,347
P04622,Program Pro,Sports,54.89,359
P04623,Green Lite,Beauty,488.05,419
P04624,Million Edition,Sports,1698.38,251
P04625,Pick Edition,Electronics,1154.19,42
P04626,Majority Max,Automotive,4272.3,237
P04627,Thank Lite,Sports,2676.87,403
P04628,Policy Max,Grocery,2374.95,21
P04629,Yes Max,Beauty,1739.14,330
P04630,Sometimes Plus,Apparel,2769.12,441
P04631,Need Lite,Automotive,4154.13,416
P04632,See Lite,Sports,303.28,311
P04633,Air Plus,Sports,2285.79,333
P04634,Collection Edition,Electronics,3406.98,441
P04635,Month Max,Beauty,495.59,101
P04636,Recognize Lite,Electronics,861.03,86
P04637,Article Pro,Automotive,2963.03,293
P04638,Head Edition,Home & Kitchen,2720.18,39
P04639,Culture Edition,Electronics,4444.24,402
P04640,Challenge Lite,Grocery,533.45,312
P04641,Trade Max,Sports,3044.26,329
P04642,Fill Pro,Beauty,4903.98,33
P04643,Concern Edition,Automotive,4911.17,365
P04644,Off Lite,Electronics,4590.72,172
P04645,Whom Pro,Sports,3045.38,490
P04646,Authority Edition,Books,2605.75,193
P04647,Me Edition,Beauty,2039.97,328
P04648,Edge Plus,Home & Kitchen,2271.18,292
P04649,Wonder Plus,Apparel,4782.92,102
P04650,Who Pro,Apparel,1073.08,26
P04651,Enough Edition,Beauty,1255.39,65
P04652,Federal Plus,Apparel,951.11,294
P04653,Action Max,Beauty,440.93,153
P04654,Throughout Max,Electronics,61.99,116
P04655,Again Pro,Electronics,601.67,97
P04656,Who Lite,Beauty,2401.6,266
P04657,Small Plus,Automotive,4398.2,413
P04658,Fly Plus,Grocery,247.04,305
P04659,Company Lite,Home & Kitchen,1238.36,10
P04660,Scene Plus,Automotive,2157.59,155
P04661,South Lite,Sports,2420.93,477
P04662,Physical Plus,Automotive,2615.91,52
P04663,Hospital Edition,Electronics,2088.9,296
P04664,Task Lite,Grocery,2278.54,425
P04665,Believe Lite,Automotive,2853.09,376
P04666,Third Edition,Automotive,3496.1,328
P04667,Time Lite,Grocery,3213.62,250
P04668,Specific Max,Beauty,2582.25,469
P04669,Pull Edition,Electronics,4180.17,152
P04670,Level Max,Electronics,2210.03,245
P04671,No Max,Home & Kitchen,662.69,271
P04672,Turn Max,Electronics,2686.18,302
P04673,Sometimes Pro,Books,2509.72,434
P04674,Direction Lite,Books,815.69,233
P04675,Around Lite,Sports,4897.62,290
P04676,Whole Pro,Electronics,3653.01,220
P04677,Reveal Plus,Automotive,4867.23,342
P04678,Low Edition,Apparel,2499.98,385
P04679,Break Max,Books,4773.44,293
P04680,Fly Edition,Grocery,2243.06,473
P04681,Into Pro,Automotive,3067.85,325
P04682,Yes Plus,Apparel,3322.29,294
P04683,A Lite,Beauty,4002.06,22
P04684,Pattern Plus,Electronics,4869.07,300
P04685,Full Edition,Sports,1022.25,310
P04686,Modern Plus,Grocery,1313.6,175
P04687,Reach Lite,Electronics,135.5,284
P04688,School Max,Home & Kitchen,844.27,146
P04689,Style Edition,Automotive,2586.16,455
P04690,Human Plus,Apparel,1237.39,193
P04691,Report Max,Electronics,1285.91,194
P04692,Tend Pro,Electronics,2533.04,457
P04693,Short Max,Automotive,1136.83,372
P04694,In Edition,Sports,4752.28,258
P04695,Condition Lite,Books,4355.52,412
P04696,Several Lite,Automotive,727.85,441
P04697,Act Edition,Apparel,3075.35,170
P04698,Generation Plus,Home & Kitchen,4113.37,77
P04699,Seek Pro,Apparel,1029.15,468
P04700,Its Lite,Beauty,4694.98,410
P04701,Clearly Max,Beauty,2940.74,457
P04702,Art Plus,Grocery,3947.2,283
P04703,Include Max,Beauty,1847.55,368
P04704,Sometimes Edition,Electronics,445.72,190
P04705,Girl Pro,Home & Kitchen,3377.77,341
P04706,Quickly Lite,Automotive,2723.0,152
P04707,Get Pro,Apparel,4208.31,49
P04708,Owner Max,Electronics,3163.89,194
P04709,Pay Plus,Electronics,2833.97,46
P04710,Much Lite,Books,4244.09,107
P04711,Tv Plus,Apparel,4387.79,187
P04712,Medical Pro,Grocery,2289.11,63
P04713,Conference Lite,Sports,1970.52,54
P04714,Into Pro,Books,2794.04,150
P04715,Modern Edition,Beauty,748.4,188
P04716,Name Pro,Apparel,2173.83,114
P04717,Mean Plus,Grocery,2434.64,298
P04718,Show Plus,Books,2322.18,298
P04719,Tv Pro,Apparel,2940.3,262
P04720,Because Edition,Beauty,744.5,267
P04721,Movement Pro,Beauty,1043.48,71
P04722,Official Plus,Automotive,3480.56,142
P04723,Mother Lite,Apparel,4622.25,426
P04724,I Plus,Automotive,2656.53,28
P04725,Its Edition,Home & Kitchen,3034.7,209
P04726,What Lite,Beauty,3034.41,53
P04727,Fund Lite,Automotive,3443.23,243
P04728,Take Lite,Electronics,277.3,127
P04729,Tell Edition,Electronics,1604.9,458
P04730,Recently Pro,Beauty,3216.08,340
P04731,Third Lite,Home & Kitchen,375.73,236
P04732,American Max,Beauty,3391.04,439
P04733,Guy Pro,Home & Kitchen,3646.41,276
P04734,Shake Edition,Home & Kitchen,2832.92,51
P04735,Finish Edition,Home & Kitchen,682.08,125
P04736,Bed Plus,Electronics,3001.55,268
P04737,Speak Pro,Beauty,2140.34,278
P04738,Already Max,Sports,1700.39,324
P04739,Fish Lite,Books,1415.2,243
P04740,Concern Plus,Books,1275.18,159
P04741,Somebody Max,Home & Kitchen,4715.24,58
P04742,Recent Max,Books,3966.78,486
P04743,Song Edition,Home & Kitchen,3812.38,336
P04744,Federal Plus,Home & Kitchen,3453.13,369
P04745,Election Pro,Home & Kitchen,4839.61,177
P04746,Firm Edition,Home & Kitchen,3378.31,21
P04747,Mrs Pro,Beauty,2769.63,480
P04748,Left Plus,Books,524.92,394
P04749,Force Max,Home & Kitchen,4634.81,136
P04750,Level Lite,Apparel,1383.66,493
P04751,Box Edition,Home & Kitchen,999.34,442
P04752,Keep Lite,Automotive,3622.76,292
P04753,There Pro,Electronics,83.2,465
P04754,Leader Edition,Books,318.7,439
P04755,Medical Pro,Electronics,2339.3,162
P04756,Design Edition,Grocery,3351.01,144
P04757,Daughter Plus,Beauty,2342.76,428
P04758,Well Max,Automotive,3487.76,252
P04759,Least Edition,Automotive,137.66,1
P04760,Scientist Max,Grocery,438.21,265
P04761,Car Max,Grocery,855.82,302
P04762,Significant Plus,Home & Kitchen,2201.42,490
P04763,Political Edition,Home & Kitchen,486.08,374
P04764,Responsibility Lite,Sports,944.65,342
P04765,Help Lite,Beauty,2749.93,148
P04766,Pick Lite,Apparel,2503.5,183
P04767,Suffer Max,Electronics,2702.08,424
P04768,Many Max,Beauty,1493.52,347
P04769,Nice Plus,Automotive,2016.15,303
P04770,Do Pro,Apparel,1147.24,420
P04771,Hand Max,Beauty,1470.65,20
P04772,Across Plus,Sports,3440.56,129
P04773,Explain Lite,Sports,1464.26,105
P04774,Present Lite,Grocery,4941.72,289
P04775,Because Pro,Automotive,3836.47,95
P04776,Money Plus,Apparel,3305.37,178
P04777,Recently Max,Apparel,716.47,217
P04778,Window Lite,Books,2517.36,12
P04779,Fight Pro,Books,4465.14,260
P04780,Kind Edition,Electronics,3849.17,364
P04781,Animal Lite,Books,914.58,373
P04782,Network Lite,Grocery,837.25,156
P04783,Him Plus,Electronics,647.12,482
P04784,Debate Edition,Beauty,99.55,463
P04785,Attorney Max,Electronics,288.19,5
P04786,By Plus,Books,330.8,256
P04787,Seat Lite,Grocery,4976.23,428
P04788,Decade Pro,Beauty,4710.84,454
P04789,Local Lite,Books,4955.66,401
P04790,Ball Plus,Grocery,63.23,446
P04791,Go Max,Grocery,4586.34,114
P04792,Example Lite,Automotive,270.28,175
P04793,May Edition,Automotive,2449.17,60
P04794,Perform Lite,Beauty,1556.52,334
P04795,White Lite,Books,1450.86,204
P04796,Eat Plus,Books,1992.49,298
P04797,Itself Lite,Beauty,516.48,382
P04798,Discuss Max,Beauty,2020.02,435
P04799,Include Edition,Electronics,2704.92,76
P04800,Task Pro,Books,1293.68,0
P04801,Response Edition,Books,4595.58,457
P04802,Fill Plus,Sports,2017.51,120
P04803,Appear Max,Sports,3019.05,444
P04804,Side Max,Home & Kitchen,407.37,326
P04805,Money Pro,Apparel,629.45,68
P04806,Of Edition,Books,2847.66,134
P04807,Whole Edition,Sports,1339.8,232
P04808,Little Max,Automotive,781.58,35
P04809,Mother Lite,Automotive,3320.01,478
P04810,Better Plus,Sports,190.21,411
P04811,Ten Plus,Apparel,1535.65,299
P04812,Born Plus,Electronics,4092.31,147
P04813,Trip Max,Home & Kitchen,570.64,204
P04814,Subject Plus,Apparel,944.22,70
P04815,Movement Edition,Home & Kitchen,1276.0,411
P04816,Space Lite,Automotive,1037.45,204
P04817,Article Plus,Books,495.36,185
P04818,Type Max,Sports,702.35,279
P04819,Successful Max,Beauty,4333.21,210
P04820,Speech Plus,Grocery,1418.3,495
P04821,Job Pro,Books,4217.69,491
P04822,His Edition,Grocery,986.71,144
P04823,Health Pro,Beauty,291.11,326
P04824,Among Edition,Grocery,1845.17,154
P04825,Responsibility Plus,Electronics,2856.89,262
P04826,Science Plus,Electronics,64.74,2
P04827,Age Edition,Sports,2642.75,496
P04828,Another Edition,Books,151.17,412
P04829,Fight Plus,Sports,4040.97,138
P04830,Guess Lite,Beauty,3181.1,184
P04831,Fine Pro,Beauty,3322.71,103
P04832,Try Edition,Apparel,4361.6,481
P04833,Order Edition,Grocery,1540.01,366
P04834,Father Pro,Books,3603.37,159
P04835,Despite Pro,Home & Kitchen,2635.34,234
P04836,Identify Lite,Apparel,2493.17,194
P04837,Fly Edition,Books,238.46,326
P04838,Response Max,Grocery,4155.21,493
P04839,Shoulder Edition,Sports,4825.89,194
P04840,Here Pro,Apparel,2185.88,56
P04841,Reason Plus,Books,4649.09,240
P04842,Approach Lite,Automotive,460.82,153
P04843,Enjoy Lite,Home & Kitchen,1042.31,156
P04844,Not Edition,Automotive,4494.15,473
P04845,Serve Plus,Beauty,696.67,82
P04846,Read Plus,Grocery,1265.83,2
P04847,Piece Edition,Beauty,1330.81,107
P04848,Score Lite,Apparel,1461.15,484
P04849,Executive Lite,Books,640.83,317
P04850,Former Lite,Home & Kitchen,3002.12,275
P04851,Space Pro,Electronics,3502.37,417
P04852,Staff Lite,Sports,4945.05,62
P04853,Finish Max,Apparel,4980.31,97
P04854,Bit Edition,Books,4957.86,231
P04855,Certain Max,Grocery,3597.19,142
P04856,Always Max,Grocery,4899.4,104
P04857,Third Plus,Automotive,4723.88,426
P04858,Answer Plus,Beauty,3345.8,285
P04859,Leave Max,Beauty,4130.18,319
P04860,Adult Lite,Electronics,1151.97,391
P04861,Card Plus,Beauty,2961.02,363
P04862,Statement Edition,Grocery,1919.7,397
P04863,Make Max,Electronics,2247.68,268
P04864,Threat Max,Automotive,191.28,274
P04865,Feeling Lite,Electronics,3698.08,466
P04866,Success Plus,Home & Kitchen,1040.9,290
P04867,Fish Edition,Books,3329.89,455
P04868,City Plus,Beauty,4763.53,138
P04869,Very Pro,Automotive,2923.86,75
P04870,At Plus,Electronics,1318.4,300
P04871,Science Plus,Automotive,3364.58,335
P04872,Training Max,Grocery,2844.73,28
P04873,At Max,Apparel,349.61,455
P04874,Low Pro,Automotive,4046.5,347
P04875,Instead Max,Electronics,4404.51,331
P04876,Sound Max,Beauty,1062.92,46
P04877,Data Max,Automotive,1429.83,165
P04878,Candidate Edition,Home & Kitchen,4232.34,428
P04879,Today Max,Books,2944.63,288
P04880,First Edition,Sports,4750.96,459
P04881,Really Plus,Automotive,360.48,483
P04882,Recently Pro,Home & Kitchen,3052.61,103
P04883,Debate Edition,Sports,4332.85,70
P04884,Door Pro,Beauty,3404.71,56
P04885,Standard Plus,Electronics,2530.56,287
P04886,Message Max,Beauty,4287.21,134
P04887,Oil Plus,Grocery,4008.57,173
P04888,Oil Edition,Home & Kitchen,1638.38,42
P04889,Difficult Edition,Grocery,501.06,410
P04890,Choose Plus,Electronics,4175.62,262
P04891,Assume Pro,Electronics,4321.58,276
P04892,May Plus,Home & Kitchen,230.83,366
P04893,Dog Lite,Electronics,3309.83,329
P04894,Both Lite,Home & Kitchen,443.55,224
P04895,Reflect Plus,Sports,3400.37,51
P04896,Instead Lite,Electronics,3949.72,249
P04897,Magazine Plus,Electronics,4384.34,408
P04898,Term Lite,Apparel,925.54,415
P04899,Film Edition,Home & Kitchen,2475.75,246
P04900,Mention Lite,Books,1387.71,374
P04901,As Max,Electronics,2397.69,9
P04902,Team Plus,Grocery,288.1,365
P04903,More Plus,Automotive,2828.63,413
P04904,Able Plus,Home & Kitchen,1822.74,441
P04905,Especially Max,Electronics,2922.51,93
P04906,Effort Lite,Apparel,3193.46,432
P04907,Follow Max,Electronics,1670.1,200
P04908,Special Pro,Automotive,2814.74,158
P04909,Exactly Lite,Beauty,3730.24,341
P04910,Final Pro,Electronics,1798.96,170
P04911,Authority Max,Electronics,2564.46,434
P04912,Rise Plus,Apparel,1586.25,235
P04913,Sport Pro,Beauty,2422.82,371
P04914,Meeting Lite,Books,3441.83,461
P04915,Yes Max,Automotive,361.26,492
P04916,Give Max,Home & Kitchen,344.74,168
P04917,Party Edition,Electronics,1726.29,266
P04918,Final Edition,Grocery,1314.22,23
P04919,So Plus,Electronics,621.89,345
P04920,Drug Max,Home & Kitchen,1884.58,196
P04921,Across Pro,Books,3552.12,236
P04922,Focus Max,Grocery,1664.98,390
P04923,Turn Max,Sports,4119.63,318
P04924,Or Plus,Apparel,2091.65,193
P04925,Need Max,Books,1853.62,321
P04926,Officer Pro,Home & Kitchen,2209.18,4
P04927,Position Lite,Automotive,1634.9,397
P04928,Without Edition,Books,810.55,48
P04929,Sure Pro,Books,1571.6,65
P04930,First Edition,Home & Kitchen,667.35,405
P04931,Sound Edition,Sports,2209.76,226
P04932,Series Plus,Home & Kitchen,354.4,14
P04933,Goal Plus,Apparel,2655.02,441
P04934,Official Max,Electronics,2196.74,291
P04935,Toward Pro,Sports,4204.0,465
P04936,Toward Edition,Beauty,2920.81,449
P04937,Page Lite,Sports,2131.43,459
P04938,Reality Pro,Beauty,2097.56,86
P04939,Whole Lite,Grocery,4089.05,294
P04940,Other Lite,Grocery,2665.21,294
P04941,Network Plus,Sports,2260.46,172
P04942,History Pro,Beauty,2984.9,138
P04943,Director Max,Apparel,3082.76,282
P04944,Large Max,Grocery,4443.35,1
P04945,Stuff Pro,Grocery,2233.86,179
P04946,Per Plus,Beauty,220.91,147
P04947,Reveal Lite,Grocery,4057.17,450
P04948,Tax Pro,Home & Kitchen,4753.78,21
P04949,Toward Pro,Sports,2615.53,455
P04950,Several Edition,Sports,1095.07,283
P04951,Still Plus,Grocery,590.54,447
P04952,Lot Lite,Apparel,1594.36,390
P04953,Too Pro,Electronics,2796.33,369
P04954,Our Plus,Automotive,4504.82,230
P04955,Number Pro,Sports,590.93,246
P04956,Ready Lite,Apparel,4771.08,117
P04957,Effect Pro,Automotive,2482.37,129
P04958,View Plus,Home & Kitchen,2433.4,32
P04959,Use Max,Books,4438.79,322
P04960,Group Max,Automotive,502.7,35
P04961,Wide Max,Beauty,1962.21,459
P04962,Candidate Pro,Books,1116.05,196
P04963,Strong Max,Grocery,2338.91,280
P04964,Little Lite,Electronics,4795.08,170
P04965,Sing Plus,Electronics,2550.55,212
P04966,Relationship Pro,Electronics,3931.69,139
P04967,Special Lite,Beauty,1579.51,448
P04968,Resource Plus,Grocery,1371.68,38
P04969,Hope Pro,Home & Kitchen,522.96,285
P04970,Center Edition,Home & Kitchen,2430.35,87
P04971,Watch Plus,Sports,3917.78,225
P04972,Evening Lite,Automotive,2974.59,80
P04973,Military Lite,Beauty,4343.19,468
P04974,Open Plus,Electronics,1457.46,363
P04975,Hair Lite,Grocery,1625.85,180
P04976,Step Max,Apparel,1651.94,492
P04977,Score Pro,Books,1676.61,444
P04978,Third Pro,Beauty,3527.62,377
P04979,Similar Max,Sports,2115.26,482
P04980,Space Pro,Sports,4705.85,65
P04981,Their Lite,Beauty,1225.81,480
P04982,Scene Max,Sports,3933.38,406
P04983,Produce Pro,Electronics,2657.54,472
P04984,Chair Pro,Grocery,2879.84,361
P04985,Use Lite,Automotive,2347.12,119
P04986,Agree Pro,Books,4698.79,481
P04987,Send Plus,Grocery,1587.58,329
P04988,None Max,Automotive,3972.86,310
P04989,Argue Lite,Books,1371.02,133
P04990,For Lite,Automotive,389.07,14
P04991,Indeed Max,Automotive,3971.81,376
P04992,Century Pro,Grocery,1360.27,259
P04993,Social Lite,Electronics,1054.77,1
P04994,Rise Plus,Electronics,2757.35,15
P04995,None Max,Automotive,1999.4,420
P04996,Positive Edition,Beauty,176.62,201
P04997,City Lite,Books,128.79,111
P04998,Gas Plus,Home & Kitchen,841.68,382
P04999,Health Plus,Apparel,3420.65,273
P05000,Five Plus,Beauty,4816.36,359
