transaction_id,customer_id,store_id,transaction_date,total_amount,customer_phone
T000001,C00734,S00611,03-11-2024 01:40,225.44,3427221898
T000002,C01936,S03982,09-06-2024 15:29,638.87,3452025405
T000003,C00706,S02980,28-12-2023 08:48,1505.08,6678714792
T000004,C01151,S03730,12-11-2024 13:21,1283.28,9135128918
T000005,C01077,S03785,25-01-2024 20:38,1115.7,874354622
T000006,C04014,S01815,16-07-2025 14:02,427.72,7257087483
T000007,C04927,S03254,16-03-2024 23:20,1565.28,5597845128
T000008,C02023,S03533,09-02-2025 22:55,1789.06,2945159422
T000009,C04125,S01537,23-12-2023 23:08,1349.53,7876119579
T000010,C01689,S01526,30-12-2023 19:37,1304.34,582749192
T000011,C01137,S02334,13-02-2025 04:47,1897.77,3662885061
T000012,C04622,S04121,25-04-2024 23:08,1431.31,1957373884
T000013,C04074,S02843,09-04-2025 00:15,725.52,2157853568
T000014,C00907,S04036,04-06-2025 11:04,1714.05,281935201
T000015,C02558,S01114,10-01-2024 15:19,143.95,1707443474
T000016,C01866,S00667,30-11-2024 03:04,1069.3,2271007501
T000017,C00630,S01750,18-04-2025 17:31,352.08,8791317196
T000018,C00688,S01834,08-12-2024 17:46,210.11,806553963
T000019,C03926,S01074,18-05-2024 06:06,925.69,5512200446
T000020,C01461,S04366,04-01-2025 10:04,833.93,2620294701
T000021,C02339,S04641,29-12-2024 03:55,933.66,763316445
T000022,C01518,S01924,14-10-2024 01:25,1370.41,1326172082
T000023,C04196,S04469,20-07-2024 22:14,1270.14,3583389747
T000024,C04433,S04178,07-04-2025 05:00,127.48,4904186779
T000025,C02437,S02223,06-05-2024 07:35,1160.75,4996245137
T000026,C00171,S03439,31-10-2024 09:43,197.35,3131975180
T000027,C01471,S01522,27-12-2023 15:37,1889.67,6296599679
T000028,C01931,S00652,21-01-2024 22:42,1306.98,4636031590
T000029,C02813,S02432,09-10-2024 11:47,1850.9,8085275340
T000030,C03549,S02576,22-09-2024 09:53,1638.32,1272223638
T000031,C03021,S02550,07-05-2024 10:50,947.93,5232635492
T000032,C02933,S00731,25-07-2024 06:58,577.47,9887841248
T000033,C00305,S01550,31-10-2025 00:19,1729.14,5473433341
T000034,C03463,S04690,13-04-2024 15:47,898.92,1504276320
T000035,C04256,S02288,11-11-2024 14:33,532.79,5040661335
T000036,C02017,S00012,13-06-2024 22:17,713.16,1006696663
T000037,C04765,S02668,08-03-2025 11:47,248.72,231290235
T000038,C01781,S04047,15-01-2025 04:59,1037.65,8377203231
T000039,C01973,S02426,28-02-2024 03:24,720.42,2340053595
T000040,C03067,S02190,11-03-2024 22:19,441.1,4500557241
T000041,C04497,S04020,20-06-2024 15:43,1867.26,4796476410
T000042,C02213,S01248,29-09-2025 17:48,663.03,2043097360
T000043,C03249,S00828,05-02-2024 16:36,1481.74,7338846913
T000044,C03976,S04374,15-09-2025 16:43,1609.4,29602106
T000045,C01967,S01388,18-11-2025 06:26,698.91,17486535
T000046,C02841,S04365,04-02-2024 14:11,1984.59,8326912987
T000047,C00864,S03789,07-05-2024 14:33,1352.46,1535896964
T000048,C04334,S03868,12-04-2025 23:55,1257.04,7392302704
T000049,C03409,S01122,14-09-2025 04:58,1047.26,7187684004
T000050,C00052,S00049,02-03-2025 03:20,297.82,2150524593
T000051,C01803,S03328,31-03-2025 11:32,1448.79,5480432677
T000052,C03433,S02111,25-09-2024 07:59,1073.58,8878699618
T000053,C04487,S02366,11-08-2025 06:28,1379.55,6567882732
T000054,C04971,S01090,03-01-2024 21:00,1481.04,6645298149
T000055,C01713,S01451,03-04-2024 15:57,128.81,8324857368
T000056,C04284,S02487,09-06-2025 05:19,75.96,6893569386
T000057,C04412,S04462,04-04-2024 14:26,942.31,4090820933
T000058,C00813,S01901,23-05-2025 19:54,1052.42,4854057923
T000059,C03760,S01650,15-03-2024 18:40,418.96,352448566
T000060,C02696,S03054,22-01-2024 13:03,370.46,6467677361
T000061,C00165,S02800,18-04-2025 20:51,942.88,9776460435
T000062,C02074,S04517,01-11-2024 15:32,226.44,3779983224
T000063,C03113,S00966,30-11-2023 11:46,499.45,2553335206
T000064,C01177,S03260,17-02-2024 19:44,770.48,1870803614
T000065,C01054,S04088,12-06-2025 20:23,283.11,2392491018
T000066,C01914,S00844,27-12-2023 22:38,1912.3,7905828909
T000067,C00382,S04440,22-02-2025 22:48,1656.12,9542376237
T000068,C02717,S03932,06-07-2024 21:32,259.89,6912827941
T000069,C03599,S00410,25-07-2025 19:05,1272.59,3433049715
T000070,C03950,S03231,27-11-2024 13:24,410.23,2216229930
T000071,C00993,S04060,10-02-2025 07:26,400.47,9354560574
T000072,C03813,S00392,16-06-2024 07:30,665.79,3245365937
T000073,C03091,S04553,04-06-2024 19:18,1268.3,3888101525
T000074,C00983,S04601,25-12-2023 13:00,210.87,4904514190
T000075,C00280,S02183,12-01-2024 05:57,1367.59,1095392026
T000076,C00190,S00102,22-05-2024 00:41,1112.4,3908078848
T000077,C03910,S02759,02-09-2024 10:17,1502.53,7611848495
T000078,C04444,S00264,04-06-2024 15:51,771.02,6433906792
T000079,C03438,S03773,30-07-2025 11:43,1561.74,3119122470
T000080,C02598,S04936,21-04-2025 04:34,501.88,690807875
T000081,C03378,S00764,13-02-2024 21:30,89.31,7478363857
T000082,C01374,S04697,05-11-2024 02:38,1129.9,1172322663
T000083,C03407,S04795,12-09-2025 11:25,887.87,3977226785
T000084,C01891,S03567,21-09-2024 05:16,654.6,5608850313
T000085,C04641,S00317,13-04-2025 16:59,1199.7,5269808429
T000086,C00564,S00753,23-07-2024 12:47,1699.97,7576663111
T000087,C02781,S00307,19-09-2024 21:49,651.6,1203074918
T000088,C03513,S04196,26-02-2025 19:39,127.62,4632921136
T000089,C02348,S01215,30-10-2024 13:23,283.58,7226958067
T000090,C03145,S03030,10-04-2025 04:15,1272.61,9626388447
T000091,C00078,S03294,12-06-2024 12:17,266.54,2009095543
T000092,C04962,S01898,09-11-2025 15:32,1295.75,4400234170
T000093,C00383,S02624,02-10-2025 16:07,1458.36,4578604024
T000094,C02643,S00223,12-07-2024 16:02,312.27,6694830533
T000095,C01611,S04113,24-07-2024 17:22,409.5,4938689433
T000096,C01445,S00863,24-05-2024 21:43,1772.37,1047112299
T000097,C02458,S02881,18-06-2024 12:25,892.09,3155006677
T000098,C02587,S02954,09-09-2024 06:36,1382.73,5891342374
T000099,C00222,S02459,22-02-2024 20:13,1834.34,8270748161
T000100,C02923,S00275,24-01-2024 19:13,693.56,6770723756
T000101,C02672,S04006,22-11-2025 06:44,1574.44,1781865999
T000102,C04036,S04024,10-10-2024 07:06,1192.73,1029387953
T000103,C04101,S01503,10-03-2024 04:54,173.36,1830686420
T000104,C02437,S02182,22-12-2024 04:19,1285.43,259189670
T000105,C02678,S01157,05-11-2024 09:46,1452.35,4380459671
T000106,C00203,S02737,16-07-2025 17:28,576.86,8954532238
T000107,C01738,S04741,10-05-2025 03:07,474.32,202793408
T000108,C04872,S00762,10-05-2025 19:53,1232.64,9596802672
T000109,C01988,S01257,21-01-2025 08:29,1160.34,5170299937
T000110,C01773,S04699,08-12-2023 21:16,818.54,1753635612
T000111,C04298,S04140,21-02-2024 17:20,926.92,7389332884
T000112,C02639,S02904,03-08-2024 04:18,1991.25,4731365627
T000113,C03271,S00548,13-02-2024 02:12,740.53,6061663315
T000114,C03859,S00013,04-06-2025 16:27,513.7,5902606532
T000115,C02000,S01496,10-01-2025 04:14,333.33,5937672702
T000116,C02878,S00066,24-05-2024 11:33,871.85,9716408702
T000117,C00787,S04662,12-03-2025 09:55,237.54,2979774752
T000118,C01538,S03013,10-09-2025 20:48,818.7,1534203340
T000119,C00860,S03156,04-11-2024 19:55,1757.03,5781646192
T000120,C04019,S03456,22-07-2024 04:02,1771.89,6825766208
T000121,C00689,S01359,16-11-2024 08:45,72.7,4506536222
T000122,C02849,S00378,26-09-2024 12:53,741.45,5617228431
T000123,C00777,S02667,14-04-2025 15:32,1115.8,2285045147
T000124,C03155,S01397,19-05-2025 17:38,296.9,5847802868
T000125,C03602,S03198,17-01-2024 17:53,1832.81,7804971659
T000126,C04980,S04247,26-08-2025 10:12,1058.62,4925811686
T000127,C04296,S02525,17-01-2024 01:31,1008.2,6392002024
T000128,C03114,S00237,16-06-2025 20:31,1882.19,6379104460
T000129,C01708,S01024,09-12-2024 20:22,967.49,1664501004
T000130,C04600,S04306,07-09-2025 07:55,1261.86,3296675614
T000131,C03023,S04285,04-11-2024 20:49,1698.27,9297546832
T000132,C00692,S02495,30-04-2025 22:59,180.84,4522730696
T000133,C01652,S01536,28-08-2025 18:13,1907.82,3349311516
T000134,C02931,S03615,13-03-2025 17:00,441.95,4281328875
T000135,C01732,S03860,30-04-2025 09:40,146.6,4381317649
T000136,C04403,S03784,14-09-2025 03:09,990.51,8787694556
T000137,C01586,S02520,17-07-2025 04:56,773.31,2126318911
T000138,C02964,S02017,21-01-2025 03:26,1277.29,6415079720
T000139,C01959,S01708,07-12-2024 22:42,957.29,3901838426
T000140,C02068,S00448,24-08-2025 20:12,512.3,4192260000
T000141,C03949,S03791,17-02-2024 16:46,1472.03,5715788224
T000142,C01376,S04283,25-05-2024 12:40,741.42,3811238103
T000143,C01351,S04789,29-08-2025 17:15,134.83,273838890
T000144,C04065,S00459,05-07-2025 22:00,1674.02,4449686525
T000145,C03273,S04996,17-04-2025 09:29,183.29,7341489449
T000146,C03787,S00907,29-05-2024 17:29,1990.25,5634711952
T000147,C02266,S00443,05-12-2024 09:43,1725.06,6397133271
T000148,C04320,S04768,30-03-2024 21:36,1150.92,3805132476
T000149,C02450,S02347,12-05-2024 16:41,1086.3,4746732294
T000150,C03715,S01719,11-08-2024 07:03,938.26,3153191662
T000151,C02501,S02170,08-08-2024 04:24,1751.21,1099097107
T000152,C02294,S04499,04-05-2024 02:43,1971.34,8459489576
T000153,C03014,S03761,24-04-2024 14:18,601.9,30688969
T000154,C04481,S01027,13-06-2025 11:40,1902.31,4303756152
T000155,C03530,S00633,04-07-2024 05:42,1248.4,7601679180
T000156,C03915,S04381,02-08-2025 06:46,902.18,5317561120
T000157,C03844,S04440,03-07-2024 08:20,109.74,1242460102
T000158,C01713,S00989,25-09-2025 23:45,426.26,3851338401
T000159,C00578,S00062,16-12-2024 14:22,919.91,5657425342
T000160,C03055,S01686,22-05-2024 04:17,800.17,7987176017
T000161,C02750,S02082,15-08-2025 17:53,755.04,7997052928
T000162,C03155,S02887,21-06-2025 04:12,411.53,227031119
T000163,C04520,S02201,20-03-2024 12:31,930.16,1360480481
T000164,C03011,S04756,21-12-2023 00:34,1552.57,9241151111
T000165,C02852,S00912,02-01-2024 18:11,1604.21,8614402440
T000166,C04884,S03337,27-03-2025 18:17,1993.46,974262940
T000167,C04839,S01343,01-08-2025 18:12,1643.32,7959033073
T000168,C04531,S04687,30-07-2025 13:10,493.73,4902435150
T000169,C03192,S00365,02-09-2024 03:11,1022.35,6536864161
T000170,C00700,S04773,23-05-2024 21:50,1371.29,8259760650
T000171,C01094,S04472,19-12-2023 06:40,1309.53,5315470887
T000172,C01810,S03174,20-01-2025 00:13,1485.52,2998958006
T000173,C02620,S00228,13-10-2024 12:31,84.72,6647590472
T000174,C01719,S04683,07-10-2025 23:39,1137.96,5622656017
T000175,C04346,S00083,04-01-2024 16:50,674.84,5823130971
T000176,C01596,S02285,11-08-2024 15:57,1256.05,694376843
T000177,C04830,S00491,13-04-2024 22:29,1740.09,6239567199
T000178,C00458,S00602,16-07-2024 11:16,1628.83,4064539694
T000179,C03049,S04025,03-02-2025 11:41,62.18,322094962
T000180,C02832,S01975,21-06-2025 06:02,394.39,4592226431
T000181,C00935,S00100,06-12-2024 17:33,846.72,5313928548
T000182,C02753,S01107,19-05-2025 18:41,823.41,1259863783
T000183,C02969,S04048,24-08-2025 06:18,1527.68,3211482587
T000184,C01040,S03338,21-04-2024 06:54,416.61,9582097202
T000185,C03788,S01179,21-06-2025 09:23,1699.83,6818210515
T000186,C00229,S04560,22-02-2024 00:13,1184.9,3231861767
T000187,C01649,S01952,03-11-2024 16:58,453.05,9363570007
T000188,C01287,S02703,05-10-2024 08:16,105.25,753866754
T000189,C03419,S03997,09-06-2024 04:09,896.22,1047795816
T000190,C01485,S04591,17-07-2024 12:05,300.9,1833796040
T000191,C03081,S00990,14-05-2025 09:29,530.29,9422052652
T000192,C04890,S01871,30-08-2025 02:24,1245.29,7638915063
T000193,C04343,S00158,16-12-2023 23:44,112.57,5698310424
T000194,C01866,S03556,18-06-2025 15:33,1182.74,8741630001
T000195,C02748,S02624,15-01-2024 21:00,693.92,8760825117
T000196,C00437,S02323,28-02-2025 10:50,1301.23,1829358999
T000197,C03574,S04148,10-03-2024 08:11,809.32,2921015190
T000198,C01175,S02245,07-01-2025 21:23,1464.76,6654783513
T000199,C01767,S03514,01-01-2025 21:42,1511.89,6889434240
T000200,C01944,S00356,05-08-2025 07:37,1940.75,4985810013
T000201,C03757,S01216,14-07-2024 09:45,1947.45,8402855329
T000202,C04576,S00391,21-12-2024 21:49,528.76,4847521197
T000203,C03530,S01349,22-01-2024 13:01,347.32,2118731628
T000204,C01241,S01586,29-10-2024 23:44,403.24,168715169
T000205,C00711,S03617,01-11-2025 14:11,1508.48,3826637103
T000206,C02275,S01960,12-09-2024 23:21,1036.14,2866986900
T000207,C01817,S03247,12-11-2025 05:21,573.86,4948748727
T000208,C02111,S03183,13-09-2024 05:43,837.44,8959985252
T000209,C00131,S01015,15-12-2024 20:10,470.46,4079853938
T000210,C02762,S00439,31-10-2024 13:21,1755.37,1745622855
T000211,C02896,S00284,08-10-2025 04:58,1521.6,2921693642
T000212,C00810,S01957,31-01-2025 03:33,1494.89,1889563645
T000213,C00258,S01630,04-10-2024 18:31,548.15,9657534958
T000214,C04028,S03252,01-05-2025 19:22,1299.5,3821546810
T000215,C02885,S00761,13-06-2024 07:47,883.52,8803312170
T000216,C02875,S01031,27-03-2024 22:15,605.33,6856852624
T000217,C03872,S00883,19-10-2025 13:42,1141.4,2606036824
T000218,C01807,S00594,09-02-2024 02:14,471.63,1529096545
T000219,C04796,S00547,23-12-2023 13:39,643.45,8467709399
T000220,C04945,S04726,28-03-2025 15:14,1440.93,3582551577
T000221,C02939,S01801,03-04-2024 18:45,1892.35,7200994576
T000222,C02703,S00549,14-11-2024 12:17,407.77,9074504396
T000223,C01349,S03578,23-12-2023 16:14,426.26,5870047968
T000224,C02139,S04158,17-01-2025 00:23,1203.03,6690611196
T000225,C01590,S01172,11-05-2025 22:51,832.2,3567103336
T000226,C02153,S03692,10-06-2024 21:54,809.17,9645863587
T000227,C04248,S04302,13-11-2024 22:49,1730.01,8129437011
T000228,C01956,S00519,21-01-2025 19:22,881.14,1255195717
T000229,C00777,S00100,19-08-2025 00:49,295.33,5482649799
T000230,C03135,S04452,20-05-2025 19:03,611.38,8256613848
T000231,C03929,S01022,17-08-2025 01:24,165.02,3641945715
T000232,C02046,S00715,19-02-2025 23:44,707.78,454075344
T000233,C02241,S02031,19-06-2024 18:04,1931.59,8875008119
T000234,C03793,S01301,12-10-2024 02:51,1235.2,3670691346
T000235,C01304,S04558,22-01-2025 08:23,1177.46,3858499426
T000236,C02329,S03569,04-10-2024 02:16,155.89,7525057753
T000237,C02109,S01549,26-06-2024 12:09,1325.87,3840363723
T000238,C02878,S02689,14-05-2024 17:21,1260.52,9251090572
T000239,C02969,S01118,25-03-2024 21:33,1587.43,2601512628
T000240,C01552,S01388,18-04-2025 00:52,664.8,630594090
T000241,C03538,S03943,28-06-2025 16:33,845.22,9627336621
T000242,C04679,S04174,08-02-2024 08:53,95.28,8571027817
T000243,C04495,S03551,30-08-2024 14:30,1608.2,8631687226
T000244,C03587,S04438,24-04-2025 15:37,615,1888262088
T000245,C03845,S00628,26-01-2024 15:57,118.29,9538377458
T000246,C00054,S00269,19-12-2023 20:20,1909.84,1351076761
T000247,C04839,S04613,15-05-2025 08:56,812.91,2388111944
T000248,C02180,S02598,17-09-2024 15:21,632.55,4164354730
T000249,C00743,S02289,09-07-2025 07:40,1771.85,1172223961
T000250,C03256,S01921,03-08-2025 03:02,1971.97,702984406
T000251,C01461,S01188,17-01-2024 04:27,1840.68,4608942435
T000252,C02730,S03100,08-08-2024 21:56,1393.15,9125725639
T000253,C04805,S02245,13-02-2025 05:48,1416.25,9886428115
T000254,C00124,S00775,02-09-2024 17:17,421.56,5651789977
T000255,C03972,S01959,29-01-2024 06:46,83.53,2621001575
T000256,C00675,S02389,22-03-2025 15:17,108.08,5737340161
T000257,C03867,S03506,04-04-2025 22:02,1258.79,5723140256
T000258,C01509,S01296,09-04-2024 17:23,708.25,5501470113
T000259,C01665,S00307,25-01-2024 18:36,778.24,1537099954
T000260,C04544,S02347,18-08-2024 04:16,1688.78,4389811794
T000261,C03006,S04548,02-09-2024 17:55,54.11,2781704833
T000262,C04702,S04880,27-06-2024 09:03,1996.99,1960240829
T000263,C04734,S02137,19-05-2025 18:33,1576.2,3217787088
T000264,C01257,S00710,16-11-2025 08:07,550.56,5853331415
T000265,C03640,S03546,08-09-2025 05:46,1548.48,5097104367
T000266,C04890,S01774,05-05-2025 08:46,553.96,5100500334
T000267,C02001,S01935,30-08-2024 21:22,1917.2,5977113459
T000268,C04233,S00074,03-07-2024 21:27,951.55,4317815714
T000269,C01780,S03122,27-10-2024 14:08,631.64,867663106
T000270,C02700,S04211,03-06-2025 05:41,1218.95,8259445690
T000271,C01441,S04831,07-04-2024 01:55,1581.26,9645695641
T000272,C02585,S02661,02-10-2025 07:56,1981.39,5842208321
T000273,C02829,S00171,07-09-2025 13:00,1025.46,6366212616
T000274,C00021,S03477,06-11-2025 07:31,196.39,5910032090
T000275,C03904,S01044,02-03-2024 06:49,788.21,1031890131
T000276,C04697,S00486,23-10-2025 01:09,562.03,5298391776
T000277,C00018,S01677,19-02-2024 17:01,714.17,8965235944
T000278,C04953,S03307,26-07-2024 15:16,733.77,2948622578
T000279,C04392,S02019,13-09-2024 00:27,754.97,4686615180
T000280,C00981,S02041,26-08-2025 13:06,1109.62,3177925597
T000281,C00137,S01515,29-09-2024 23:52,671.8,6186948481
T000282,C04503,S02365,21-12-2023 06:53,653.39,223229429
T000283,C01182,S01993,03-06-2024 17:44,809.27,875963076
T000284,C02978,S02761,11-10-2025 00:46,1976.04,5194401063
T000285,C04263,S04192,25-11-2024 13:29,1246.73,5833363653
T000286,C03227,S01000,27-08-2025 17:45,475.9,2720651006
T000287,C02708,S03439,21-09-2025 13:57,1359.32,1185673753
T000288,C04604,S04555,09-04-2024 18:53,345.55,3172860048
T000289,C04043,S00830,14-04-2024 15:44,1375.44,7965724588
T000290,C04980,S03224,15-05-2025 06:35,1693.19,278034741
T000291,C01462,S04167,01-07-2025 16:59,1656.93,8738690928
T000292,C00805,S01535,15-02-2025 08:39,1154.25,5805502789
T000293,C02512,S00627,15-01-2025 02:39,1796.02,9025794136
T000294,C01831,S04558,04-03-2024 11:48,1751.91,8007642995
T000295,C02591,S02767,21-09-2025 08:15,615.05,7772021436
T000296,C03741,S04228,09-01-2025 12:49,302.15,2388350347
T000297,C04587,S00995,02-10-2024 14:46,1724.3,4524136230
T000298,C03295,S01079,25-06-2025 01:55,1257.81,3815392076
T000299,C00462,S03512,08-05-2024 08:56,1932.02,864133931
T000300,C02460,S03142,31-12-2023 16:00,1972.45,7520004333
T000301,C03142,S03925,26-10-2025 13:29,587.77,8591764564
T000302,C02635,S00553,20-12-2024 16:04,965.29,1315793548
T000303,C03701,S04629,20-10-2024 19:24,1058.5,5190472754
T000304,C03665,S02161,02-04-2024 11:24,783.98,9894879509
T000305,C02937,S02026,22-08-2025 06:38,926.91,307769382
T000306,C03974,S00061,18-10-2025 01:38,545.97,4960196212
T000307,C01369,S03437,22-11-2024 09:10,1100.57,2688918509
T000308,C02117,S04433,17-05-2025 05:33,1483.01,6859056102
T000309,C04417,S02269,30-10-2024 15:53,541.71,374035039
T000310,C03199,S03256,13-03-2024 09:57,1380.2,9230533337
T000311,C01134,S03055,01-12-2024 01:45,630.49,4902452383
T000312,C00024,S01056,21-05-2024 23:40,1170.88,7033893324
T000313,C04589,S03306,12-08-2024 17:52,1120.56,8790581420
T000314,C02924,S04913,15-09-2025 07:15,823.55,3157889380
T000315,C04094,S01003,17-02-2024 01:13,177.07,4440137679
T000316,C02869,S04192,12-10-2024 11:12,591.74,4159027163
T000317,C02354,S01121,02-04-2025 23:44,862.13,9854722705
T000318,C01161,S00678,30-04-2024 09:06,1814.48,2992243725
T000319,C03616,S04036,14-12-2023 22:12,999.82,4852354863
T000320,C02321,S00442,10-11-2025 01:57,311.3,8302512818
T000321,C03352,S01679,23-08-2025 03:32,351.37,8435169931
T000322,C02903,S01480,08-09-2024 02:35,1574.66,5168130094
T000323,C02699,S00294,13-12-2023 19:22,140.65,9882215419
T000324,C02602,S01441,18-02-2025 18:17,1663.05,6495708983
T000325,C02077,S01501,12-12-2023 20:06,772.34,3099251877
T000326,C00777,S04019,25-12-2023 20:47,968.74,4916755336
T000327,C02457,S03102,30-06-2025 21:56,600.53,368415139
T000328,C01091,S00257,19-07-2024 02:59,1188.92,5925083404
T000329,C02914,S00456,27-02-2024 13:56,556.46,6829132903
T000330,C02630,S03029,26-01-2025 16:02,1959.4,3739912445
T000331,C03487,S02874,14-01-2024 18:08,1994.85,4787650498
T000332,C04948,S00856,19-08-2024 15:31,444.57,7327279500
T000333,C04533,S03441,17-03-2025 09:45,1257,5196464400
T000334,C01118,S03980,11-08-2024 23:39,881.21,4534967270
T000335,C04383,S02449,04-07-2025 08:40,1218.56,9407335158
T000336,C03091,S02955,10-07-2025 00:13,310.14,680131727
T000337,C00676,S01633,13-03-2024 00:38,1434.95,1701489104
T000338,C04003,S01121,10-02-2025 20:15,1933.55,7965366093
T000339,C03157,S04733,09-02-2024 21:58,1263.88,786857801
T000340,C01057,S03267,06-04-2025 11:09,1879.97,4951634379
T000341,C02478,S00085,06-05-2025 20:19,258.61,9569186255
T000342,C04794,S03150,18-01-2025 07:16,1198.98,3874739135
T000343,C02291,S02932,11-02-2024 22:20,1746.14,8166637667
T000344,C02692,S01903,13-10-2024 20:10,283.76,8522839527
T000345,C01113,S02672,05-06-2024 19:07,639.06,508507091
T000346,C01364,S02634,30-07-2024 09:37,1034.04,6541541838
T000347,C02662,S00375,17-08-2024 04:01,1460.1,823411820
T000348,C04265,S01587,02-02-2024 18:31,1326.25,2123027633
T000349,C02987,S02874,11-02-2024 13:07,342.18,9820900839
T000350,C01222,S03849,24-11-2024 17:35,887.35,7632245984
T000351,C00627,S00247,26-02-2024 21:48,199.29,7265186691
T000352,C01650,S03708,27-07-2024 15:03,1664.79,7519831765
T000353,C01749,S03360,05-08-2024 21:32,1725.08,2758376978
T000354,C01849,S00530,30-05-2024 09:12,1831.6,9926920227
T000355,C02304,S02429,09-12-2024 06:16,1853.32,8244858280
T000356,C04094,S01175,07-03-2025 07:24,1301.07,5284387144
T000357,C03897,S02661,12-08-2025 13:43,888.65,397256679
T000358,C01042,S00088,29-05-2024 23:48,64.45,7119934021
T000359,C01750,S03189,19-07-2025 05:53,676.08,7270114106
T000360,C01220,S03061,13-06-2024 23:30,633.32,1338662100
T000361,C03926,S04617,01-08-2024 10:04,1765.69,2540153653
T000362,C04321,S03975,14-05-2025 10:27,1025.83,1477449140
T000363,C01528,S02456,17-01-2024 21:49,209.84,3660224278
T000364,C00013,S04500,25-04-2024 07:59,1920.82,1400346590
T000365,C01672,S03123,06-12-2024 02:35,1911.3,2379334167
T000366,C03564,S02371,29-10-2024 21:19,1293.35,3912428400
T000367,C02973,S01371,30-07-2024 09:39,1102.69,5630838112
T000368,C03284,S02748,16-12-2023 08:25,617.47,5901859479
T000369,C00902,S02356,15-11-2024 16:00,806.72,5706348060
T000370,C00325,S00089,14-05-2024 23:09,1192.91,8367393066
T000371,C01480,S03917,18-12-2023 14:52,732.96,873511442
T000372,C03399,S01441,23-12-2023 10:25,874.52,4177805255
T000373,C03917,S03487,28-11-2023 14:39,1618.9,1036255759
T000374,C02793,S02217,12-02-2025 16:40,869.55,1720336100
T000375,C00880,S00181,12-04-2024 03:09,725.43,811406212
T000376,C03601,S03763,08-03-2025 05:31,306.38,8403957136
T000377,C01734,S04306,04-08-2025 01:28,1637.34,3305418415
T000378,C00123,S02992,30-10-2025 19:18,595.59,4961185821
T000379,C02535,S04119,04-01-2025 01:09,804.15,7763431031
T000380,C00038,S04531,15-10-2024 14:04,1971.44,1775115212
T000381,C01884,S01736,02-03-2025 02:24,556.3,1188393951
T000382,C04547,S02914,29-07-2025 20:04,1072.14,3742187770
T000383,C01982,S01704,28-04-2024 14:24,1730.83,3079735643
T000384,C04488,S00210,06-07-2024 13:19,610.55,7088331827
T000385,C04499,S00059,16-06-2024 09:02,767.91,2307923513
T000386,C00283,S04509,27-02-2025 03:03,1349.19,917390535
T000387,C01093,S01671,06-06-2024 21:52,1711.58,5425766647
T000388,C01579,S01406,31-07-2024 13:41,1951.94,7276598842
T000389,C04203,S04038,06-10-2025 22:52,1093.38,2729616477
T000390,C04327,S00340,29-10-2025 01:35,1569.05,7317394550
T000391,C04569,S04102,27-10-2025 03:47,1942.75,681587260
T000392,C02165,S04983,09-08-2024 00:42,1854.9,4394971485
T000393,C00838,S00114,16-12-2023 15:56,1503.52,5790434393
T000394,C01107,S03264,13-04-2024 00:27,1311.94,8956599860
T000395,C01587,S03157,17-11-2024 21:50,1706.58,8052195987
T000396,C02494,S02826,27-12-2024 19:50,455.43,4023267991
T000397,C04513,S04024,08-06-2024 16:12,318.12,383358149
T000398,C04160,S02762,01-01-2025 09:26,938.93,5092416710
T000399,C02215,S04056,10-03-2025 00:49,1708.29,825399313
T000400,C04898,S02751,05-07-2025 23:28,430.71,458483135
T000401,C04777,S01990,24-10-2025 21:10,488.32,3019187720
T000402,C01924,S04522,19-11-2024 10:01,745.37,5262132395
T000403,C00628,S02647,18-05-2025 22:24,277.17,8888846218
T000404,C03736,S01340,16-11-2024 02:02,1836.87,3419153556
T000405,C03167,S02904,03-07-2024 05:18,935.51,8957844181
T000406,C02987,S02228,07-11-2024 10:09,1729.04,6890718194
T000407,C04978,S01159,30-04-2024 02:24,894.48,6481860637
T000408,C03276,S04888,11-11-2024 05:24,958.21,8836799587
T000409,C00559,S02956,29-01-2024 00:59,1714.36,3941634104
T000410,C04337,S02923,10-01-2024 11:42,1041.51,4592809515
T000411,C00175,S01362,16-12-2023 03:31,967.79,2829335021
T000412,C03352,S01197,17-12-2024 19:08,313.41,7483819945
T000413,C04976,S01525,24-07-2025 19:07,951.29,9028586691
T000414,C00355,S04084,27-05-2025 17:47,705.19,9651047417
T000415,C01735,S01990,22-04-2024 10:36,1378.52,9985043278
T000416,C01566,S04957,19-12-2024 19:13,997.61,8033135033
T000417,C04946,S04122,19-07-2024 00:49,1536.75,3204783871
T000418,C03738,S03181,24-04-2024 17:07,284.85,2736519566
T000419,C02127,S00883,17-06-2025 11:01,899.96,2666405040
T000420,C03918,S04732,11-06-2025 00:54,1050.64,2989533645
T000421,C00465,S04318,10-08-2024 11:58,1473.95,9068980791
T000422,C01610,S04443,16-10-2024 21:49,902.95,345877998
T000423,C04723,S02501,03-07-2025 03:42,338.76,420559342
T000424,C00707,S00821,27-07-2024 08:08,1622.57,8283902202
T000425,C04605,S01549,12-05-2025 19:58,1585.13,2118378605
T000426,C00218,S04175,17-12-2023 19:46,727.72,5235471284
T000427,C00449,S04713,14-08-2025 11:00,1671.99,6393508709
T000428,C02131,S02852,02-01-2025 16:06,416.38,8801771569
T000429,C00059,S00128,15-06-2025 02:49,1072.38,3440701596
T000430,C02688,S02071,22-08-2024 00:22,1188.36,7702782760
T000431,C01021,S00111,26-12-2024 00:23,758.49,7178305378
T000432,C04077,S01831,06-09-2024 10:37,1906.72,9758938684
T000433,C00762,S04290,09-11-2024 02:37,907.75,3635444433
T000434,C03297,S03545,05-05-2024 03:30,1208.66,5361518617
T000435,C00145,S00488,01-09-2024 21:04,1650.49,821865009
T000436,C03320,S04691,06-05-2024 00:52,1181.54,7118600857
T000437,C04387,S02745,18-01-2024 13:22,1441.9,9132029109
T000438,C01894,S00880,01-07-2024 13:48,1221.43,8894738818
T000439,C00684,S01508,12-05-2024 01:26,624.25,1977721338
T000440,C02342,S03979,26-01-2024 10:38,887.19,9817600643
T000441,C00609,S03826,11-08-2025 05:23,1880.69,1048783735
T000442,C03868,S02701,10-04-2024 10:57,476,4555397859
T000443,C03766,S01508,07-12-2024 16:28,429.63,249491275
T000444,C00647,S00084,04-11-2024 14:35,1779.3,2474538269
T000445,C02458,S04692,25-10-2025 19:29,555.09,6385808926
T000446,C04846,S01758,26-07-2025 10:32,626.94,7300590093
T000447,C04652,S03889,31-01-2025 23:54,1006.64,2666967887
T000448,C00146,S04025,17-05-2025 02:20,481.81,4660008679
T000449,C01290,S04331,16-06-2024 11:06,1408.41,8109906259
T000450,C03460,S01022,29-11-2023 18:37,1576.65,5646935921
T000451,C03670,S00449,18-05-2024 10:02,1271.74,2082611224
T000452,C04919,S02466,26-09-2025 01:39,1257.98,5109117687
T000453,C01708,S03631,01-03-2025 08:26,1895.24,6955864881
T000454,C00142,S00520,09-05-2024 13:12,102.32,5978638448
T000455,C04689,S04105,24-04-2025 08:14,1991.51,2834795291
T000456,C03790,S03695,17-06-2024 19:24,1428.65,2350808764
T000457,C02859,S03680,05-01-2025 22:46,1688.46,2114959606
T000458,C03314,S04636,22-10-2025 06:35,1494.06,9000511104
T000459,C04438,S00964,18-08-2025 00:44,1393.4,9794693243
T000460,C03166,S01196,23-05-2024 07:57,729.48,9532127104
T000461,C01370,S01101,12-04-2025 11:20,632.02,3786813095
T000462,C01244,S04919,06-03-2025 06:29,222.99,8879470667
T000463,C04398,S00545,15-04-2025 01:28,1735.5,2075337437
T000464,C04791,S02701,28-05-2024 07:31,1597.31,3995038323
T000465,C00769,S02590,22-04-2025 19:50,1389.11,2758106246
T000466,C00076,S01258,15-04-2024 11:42,1957.58,3145645655
T000467,C03925,S02063,08-08-2025 07:04,813.51,8251834966
T000468,C02739,S03301,28-08-2024 20:53,1720.14,473326590
T000469,C01563,S01538,29-03-2024 08:19,1944.81,8084071810
T000470,C02361,S02260,28-07-2024 14:20,250.85,9496889424
T000471,C03969,S03143,27-02-2025 05:57,108.11,9619319498
T000472,C04268,S03291,20-11-2024 01:59,922.47,7478820827
T000473,C00964,S02401,29-09-2025 18:09,1489.06,7080448894
T000474,C01902,S01869,28-09-2025 08:40,1397.95,3565487416
T000475,C00836,S02324,07-04-2024 11:50,1159.24,6785451686
T000476,C04130,S03206,26-07-2024 08:40,674.05,5916599701
T000477,C00840,S04856,05-01-2024 00:58,626.19,6684154480
T000478,C04995,S01312,11-12-2024 08:35,993.14,3481896986
T000479,C02493,S03781,03-01-2024 21:01,297.36,7740246238
T000480,C04001,S03420,05-07-2025 08:58,1065.28,2199883785
T000481,C02314,S00899,03-07-2025 02:04,1437.94,3195801330
T000482,C01707,S04417,11-08-2024 21:37,1624.35,4648914330
T000483,C00359,S03397,25-02-2025 17:04,1235.66,3507181234
T000484,C03147,S04747,20-05-2024 00:54,1408.31,4544445116
T000485,C03699,S04715,05-10-2025 05:09,436.61,7360978745
T000486,C04136,S02356,24-11-2023 04:38,1831.71,6864455882
T000487,C01836,S02821,02-06-2024 21:28,1286.52,9481322766
T000488,C04203,S01592,21-03-2024 18:42,562.61,3576108624
T000489,C04709,S04816,11-03-2024 10:10,1859.14,3265287426
T000490,C02859,S01368,04-05-2024 00:39,313.06,9495523654
T000491,C03680,S02672,11-08-2025 17:37,971.6,8700723914
T000492,C01254,S00931,22-06-2025 07:58,723.03,963072903
T000493,C04627,S02776,08-06-2025 09:34,246.56,3284998103
T000494,C00571,S04383,18-03-2025 00:45,239.77,2828883872
T000495,C02072,S02327,29-09-2024 17:59,1713.7,1050031611
T000496,C03626,S01990,23-06-2025 13:38,1860.48,8225351398
T000497,C04938,S00040,25-06-2024 06:06,1848.65,7376154346
T000498,C02080,S03456,08-11-2025 16:20,586.42,2450340134
T000499,C01115,S04724,06-12-2023 16:16,380.13,9074485798
T000500,C02496,S03762,01-10-2025 03:19,585.9,7064156214
T000501,C04824,S02481,29-07-2024 11:36,259.27,5402208393
T000502,C00111,S01963,24-06-2024 18:45,1256.35,139024463
T000503,C04978,S04092,09-04-2024 07:37,735.67,4919311153
T000504,C00420,S01769,11-12-2023 23:00,986.42,4418390954
T000505,C02846,S01865,03-03-2025 19:54,631.28,1902233670
T000506,C00681,S03296,19-01-2025 16:37,1328.46,314830799
T000507,C02158,S01894,05-10-2025 11:01,1805.63,1538474470
T000508,C01821,S04563,25-01-2025 09:42,1910.89,8859960308
T000509,C00149,S02568,02-09-2025 02:46,1273.73,480641467
T000510,C01920,S03074,09-04-2025 00:15,118.71,1382112781
T000511,C03428,S04753,11-02-2025 05:00,1849.34,7025228457
T000512,C00913,S04859,18-05-2025 23:23,1356.6,2182663363
T000513,C03747,S01119,13-07-2025 15:43,986.38,1914797484
T000514,C04962,S03818,24-10-2025 23:54,1487.33,7038924363
T000515,C00423,S03373,28-09-2024 00:26,568.18,4141238992
T000516,C03246,S00090,22-09-2024 22:24,1063.5,2101616687
T000517,C02362,S01375,21-11-2025 06:02,456.81,7264250367
T000518,C00182,S03610,10-07-2024 21:48,632.14,2381420960
T000519,C01070,S01188,17-07-2024 03:54,1646.27,1062096212
T000520,C03325,S00890,26-06-2024 19:08,145.04,3052164952
T000521,C03877,S01852,14-08-2025 00:43,493.11,4774592846
T000522,C02365,S04238,19-03-2024 21:24,575.64,442639995
T000523,C00495,S02930,30-05-2024 17:12,326.78,3866463541
T000524,C00839,S04295,12-09-2025 09:56,65.06,3915420880
T000525,C01474,S01567,03-05-2024 05:33,96.38,7793534141
T000526,C03591,S01192,04-12-2024 18:15,1842.33,9302215752
T000527,C01047,S03706,13-02-2024 04:27,370.09,7469695132
T000528,C00204,S03911,09-05-2025 18:16,1355.22,4053020553
T000529,C02117,S02208,24-04-2025 03:26,551.97,8824541137
T000530,C04311,S02570,07-02-2025 04:51,995.08,9001616884
T000531,C02880,S01737,09-04-2024 05:04,210.56,4586025177
T000532,C01589,S01212,17-01-2024 23:26,1473.48,4588530729
T000533,C04166,S04913,07-04-2024 15:07,1236.84,8879276856
T000534,C03383,S04193,04-05-2025 23:00,1414.41,9214397669
T000535,C04139,S00079,08-10-2024 06:47,72.98,7371451576
T000536,C02314,S02116,07-04-2025 01:47,1742.27,6840013599
T000537,C04437,S01702,09-02-2025 07:33,1706.01,8802055894
T000538,C04782,S03100,08-10-2025 08:59,372.56,7215286780
T000539,C04167,S01869,30-06-2025 23:55,1607.21,7289316720
T000540,C01515,S03003,08-12-2023 17:40,1633.68,1389683532
T000541,C00619,S02994,20-08-2024 03:27,1547.55,6986452634
T000542,C03358,S00766,16-10-2024 10:24,511.49,3322102952
T000543,C03591,S01658,06-01-2025 11:40,1454.14,754161199
T000544,C00352,S04724,23-02-2024 05:55,478.39,724159820
T000545,C00941,S03914,22-03-2025 16:24,1024.5,9127400658
T000546,C03757,S00532,31-05-2024 09:56,96.43,329792320
T000547,C03471,S01487,06-11-2024 03:35,50.2,2978819106
T000548,C02951,S04136,30-09-2024 19:22,1684.09,2009767951
T000549,C04769,S02483,20-11-2024 13:33,587.33,3269278499
T000550,C00236,S04561,19-09-2024 10:17,1618.93,837313126
T000551,C00589,S03619,16-01-2024 18:30,549.56,6832233652
T000552,C02314,S03145,29-07-2024 17:00,178.7,7741151606
T000553,C04184,S02282,12-10-2024 14:49,1313.91,517074651
T000554,C04064,S00061,06-06-2025 09:11,1861.02,7371824539
T000555,C01423,S01508,23-09-2025 01:17,210.4,2632327249
T000556,C03445,S04211,11-02-2025 11:05,1201.62,24614132
T000557,C04683,S03271,15-06-2024 12:26,152.44,4743828485
T000558,C00770,S03600,11-07-2024 01:08,838.46,3896852006
T000559,C03595,S00288,30-06-2025 08:02,1999.67,4256337235
T000560,C02875,S04529,28-09-2024 21:43,1801.49,8537279482
T000561,C00674,S03342,14-08-2024 16:34,64.04,621713608
T000562,C00188,S01562,24-08-2025 05:34,263.26,8335145483
T000563,C02021,S00448,29-03-2024 14:22,1400.64,8210347182
T000564,C02563,S02407,23-06-2025 04:16,530.06,7864689307
T000565,C00715,S00252,13-09-2025 23:15,759.8,4635615617
T000566,C02438,S03107,05-12-2023 07:59,181.64,5683977601
T000567,C04643,S02430,08-09-2025 18:40,1916.44,5376560150
T000568,C02671,S02914,28-02-2024 18:59,602.23,3250081110
T000569,C04035,S03973,28-11-2024 06:55,273.33,2637912455
T000570,C03016,S02654,10-01-2025 14:15,1562.23,8910365948
T000571,C03628,S02847,14-01-2025 14:05,118.45,61076172
T000572,C03134,S02440,01-10-2024 03:01,1846,5896617641
T000573,C04800,S01588,08-12-2024 13:01,1703.11,3918754757
T000574,C00855,S00499,07-11-2025 03:21,670.2,3409378052
T000575,C03235,S04243,12-04-2025 02:03,1156.83,3790009012
T000576,C02107,S01199,12-03-2024 14:20,390.38,6749774680
T000577,C01383,S04361,02-12-2024 02:33,669.68,8482392178
T000578,C01585,S04139,31-10-2024 02:23,62.42,2617661629
T000579,C03485,S03550,10-01-2024 10:05,330.73,8980345908
T000580,C01892,S03001,12-09-2025 02:52,290.49,8249131921
T000581,C03990,S03837,20-03-2025 06:19,1658.19,403214819
T000582,C03929,S03267,22-08-2025 14:16,804.8,2426598693
T000583,C04720,S01146,18-10-2024 14:32,1590.15,5029247404
T000584,C02519,S01816,08-07-2024 16:56,1382.74,8928189497
T000585,C02572,S01562,21-09-2024 19:00,997.19,2684495195
T000586,C00816,S01703,18-08-2024 00:39,56.66,5765314205
T000587,C03135,S02136,02-09-2024 13:15,219.32,8393143464
T000588,C00094,S02294,25-05-2024 04:45,550.95,2050728141
T000589,C00102,S00458,17-06-2024 23:04,416.76,9111625768
T000590,C04548,S01322,02-02-2025 06:49,1632.01,4988398355
T000591,C02497,S04073,11-06-2025 12:40,1105.48,2961287981
T000592,C01012,S03182,19-01-2025 14:08,883.99,5418791153
T000593,C02733,S00774,21-07-2025 02:16,707.19,8726428297
T000594,C00382,S04133,10-09-2024 00:23,419.75,1532668026
T000595,C01446,S03770,06-06-2025 12:41,1139.24,3741609622
T000596,C02719,S00218,23-03-2024 15:13,1825.04,8960821084
T000597,C04087,S03729,16-12-2024 08:40,1024.38,8087031022
T000598,C04367,S04456,21-04-2024 05:46,845.73,6710263596
T000599,C03945,S03204,15-05-2024 21:19,588.31,6922731163
T000600,C00614,S00376,21-05-2025 22:59,1683.33,3942741875
T000601,C01079,S03986,04-02-2024 00:17,849.75,8638508548
T000602,C00801,S01808,16-08-2025 17:20,237.22,8778478455
T000603,C04337,S01882,24-02-2024 13:00,1078.7,2016317084
T000604,C01364,S02405,10-03-2025 15:59,1050.1,8418540189
T000605,C02055,S01237,06-05-2024 15:53,1678.78,168567512
T000606,C03821,S02937,25-06-2024 16:48,1272.31,8710661148
T000607,C01665,S01701,20-07-2024 19:11,476.37,4870854440
T000608,C02224,S01282,18-05-2025 17:50,396.28,2601237266
T000609,C02283,S03731,09-04-2024 12:22,1740.59,6848807533
T000610,C03439,S00407,28-12-2023 20:52,1611.88,6440462577
T000611,C01742,S02357,25-06-2024 04:25,1788.56,2328795087
T000612,C00679,S03431,16-04-2025 02:36,931.94,4687412013
T000613,C01921,S03631,10-09-2025 21:43,921.63,4541308619
T000614,C04804,S04226,12-04-2024 06:47,149.91,6917272836
T000615,C04309,S03236,14-07-2024 23:16,1587.48,6611183661
T000616,C02864,S03609,30-05-2025 09:56,1532.28,5608338577
T000617,C03653,S02859,01-10-2025 03:41,525.66,2001172511
T000618,C04303,S00157,19-01-2024 01:25,96.12,521543597
T000619,C01950,S01006,08-06-2025 05:46,960.69,4658613074
T000620,C00379,S02445,29-12-2023 00:14,281.78,3853180671
T000621,C02774,S00486,22-06-2024 04:47,1594.78,4272328611
T000622,C01744,S04304,11-07-2025 05:08,1710.31,3488955431
T000623,C00094,S02947,18-12-2024 00:55,1544.41,280424587
T000624,C02013,S00786,16-10-2025 18:04,924.05,148058669
T000625,C00396,S03116,15-11-2025 16:53,767.09,4944322661
T000626,C02179,S04226,20-08-2024 23:49,654.36,334807072
T000627,C03066,S04901,19-03-2024 00:31,1273.9,671734965
T000628,C03504,S01686,13-03-2024 15:02,800.58,2153967929
T000629,C03611,S04334,30-07-2024 01:20,1143.69,6261514399
T000630,C02801,S02862,20-06-2025 04:17,1164.83,3408877821
T000631,C01481,S01517,19-08-2024 21:41,377.26,5343057828
T000632,C00292,S04239,17-08-2024 19:42,1885.22,2946971262
T000633,C00969,S02558,21-02-2025 05:55,1694.63,1493776174
T000634,C04142,S01595,31-07-2025 13:01,1013.53,9909830259
T000635,C04769,S00154,08-07-2024 07:56,314.97,5610685091
T000636,C02674,S00602,06-02-2024 19:38,234.39,6909350249
T000637,C00556,S03401,10-03-2024 06:05,448.79,515126491
T000638,C00903,S00846,21-03-2025 07:53,633.95,3892711329
T000639,C00286,S03125,08-05-2025 12:36,373.16,3951407875
T000640,C03821,S03964,19-02-2024 01:32,1767.41,5261561368
T000641,C03366,S03823,29-11-2024 16:20,1277.61,1086982252
T000642,C03698,S01447,26-09-2024 21:12,139.48,3909475953
T000643,C00312,S00976,25-11-2024 23:02,461.8,7957182993
T000644,C00466,S01625,28-08-2025 23:05,1067.15,876232442
T000645,C04014,S01640,29-08-2024 18:03,1706.53,3419063227
T000646,C03203,S03911,14-11-2024 09:12,158.81,3987819249
T000647,C01600,S04472,21-08-2024 11:40,1512.97,6424490086
T000648,C00683,S03656,21-04-2024 22:32,646.16,9731345088
T000649,C04634,S03456,05-11-2025 23:58,1304.43,4367567184
T000650,C01006,S04156,02-07-2024 18:51,1952.21,4458945724
T000651,C00163,S00094,08-12-2024 02:45,1524.88,2511378767
T000652,C02555,S01752,19-05-2025 09:14,170.78,7153174545
T000653,C02412,S03543,04-09-2024 22:52,240.01,1062610029
T000654,C03325,S04936,20-02-2024 03:36,238.34,1978912102
T000655,C01267,S03772,20-02-2024 22:02,125.45,2132480205
T000656,C02395,S04754,06-01-2024 06:06,1366.42,5246464792
T000657,C00024,S04427,23-07-2024 11:08,1839.68,8383662956
T000658,C01211,S02109,23-07-2025 23:38,816.3,8462698037
T000659,C01470,S04583,01-09-2024 16:18,77.71,7847147008
T000660,C00435,S00799,16-09-2025 19:50,1615.72,917308676
T000661,C00880,S02186,25-11-2023 14:27,155.81,9112768569
T000662,C00902,S04524,14-06-2024 23:23,1798.4,3601252063
T000663,C04824,S01879,11-09-2025 20:04,659.41,8805065639
T000664,C02430,S03478,03-01-2024 17:39,1955.85,3732759609
T000665,C04061,S00402,26-12-2023 13:05,1485.42,205127018
T000666,C03070,S01914,17-01-2024 04:13,1265.01,9987679081
T000667,C03465,S03295,02-02-2024 14:01,1314.17,7653795355
T000668,C03678,S02990,27-09-2025 19:37,80.4,9329495406
T000669,C04007,S02862,31-10-2025 04:58,1085.34,3292993730
T000670,C01194,S02914,03-12-2023 02:59,289.71,4372795294
T000671,C04487,S00719,23-06-2024 00:51,1729.02,670226319
T000672,C00694,S01172,20-02-2025 16:08,846.11,7866921055
T000673,C02447,S00880,20-08-2024 13:47,646.39,7877594343
T000674,C01467,S03159,21-06-2025 01:56,1617.76,6258865483
T000675,C02015,S04906,28-01-2024 11:50,1540.43,7282337465
T000676,C01286,S02955,20-03-2024 06:58,936.05,9542810142
T000677,C00842,S00728,10-03-2025 07:06,555.29,4002168456
T000678,C04646,S04338,15-03-2024 12:10,84.23,6686562545
T000679,C03214,S01343,28-12-2023 20:51,450.33,5566592066
T000680,C03474,S00689,11-10-2025 04:30,71.9,2113452566
T000681,C04119,S03453,01-03-2024 02:33,399.84,9528865994
T000682,C02741,S01439,27-09-2024 10:53,1669.75,5689544689
T000683,C02264,S04851,05-11-2025 18:02,826.24,6537730606
T000684,C04042,S03123,19-10-2025 23:19,1018.87,1222948252
T000685,C00676,S02229,16-09-2025 10:44,399.21,8034845016
T000686,C01859,S01689,20-07-2025 12:48,1233.07,3835322525
T000687,C02147,S03609,09-12-2023 05:42,912.76,5861881303
T000688,C03010,S04880,02-02-2024 04:07,143.75,6013406566
T000689,C02771,S04340,30-12-2023 02:22,269.51,5116171815
T000690,C03818,S03379,18-11-2025 16:19,585.38,7367167516
T000691,C01590,S02330,28-02-2024 05:59,900.88,2140287799
T000692,C04771,S00978,17-08-2025 21:11,1720.77,8463533273
T000693,C00656,S04127,04-02-2024 01:37,1869.23,6016791935
T000694,C02331,S00303,16-01-2024 00:26,1141.85,3394611439
T000695,C04180,S01214,03-06-2025 07:02,1280.17,3280563765
T000696,C03466,S01297,04-03-2024 16:44,147.45,5310738573
T000697,C00094,S04498,12-04-2024 11:00,1990.95,8240720191
T000698,C01090,S00474,25-04-2024 15:14,1847.53,8284461231
T000699,C04400,S00613,13-10-2024 09:50,744.13,150906256
T000700,C04783,S04442,19-03-2024 00:37,1541.59,2348901971
T000701,C03400,S03755,03-08-2024 00:47,1915.97,5293033748
T000702,C01978,S04693,21-04-2025 22:19,1928.85,4701079331
T000703,C00822,S04863,02-12-2024 01:29,771.88,2709731134
T000704,C04230,S00385,09-10-2025 04:07,1740.07,6582500672
T000705,C04777,S04542,19-03-2024 09:03,192.75,5245652245
T000706,C02925,S03111,01-12-2023 03:43,1033.13,896515749
T000707,C04159,S00587,26-06-2025 02:55,1658.97,9791038664
T000708,C04392,S01493,01-08-2024 15:40,535.29,3317823988
T000709,C00553,S02815,25-07-2024 12:25,695.05,5385431218
T000710,C00198,S04396,14-02-2024 02:27,634.92,2865775867
T000711,C03008,S02143,21-11-2024 08:48,1465.58,3838689855
T000712,C03634,S03171,24-10-2024 00:28,1324.2,1579467623
T000713,C00659,S00886,28-03-2025 23:20,362.17,8641602262
T000714,C03588,S02957,13-02-2024 06:47,132.24,7171063190
T000715,C03558,S02723,12-05-2025 13:09,853.21,9419824431
T000716,C03582,S00594,10-02-2025 07:35,268.59,7065489495
T000717,C02631,S01559,02-10-2024 10:08,1393.74,381923766
T000718,C01980,S01499,25-06-2025 12:09,813.31,3211535812
T000719,C03209,S01035,06-05-2024 11:18,1878.71,5484988449
T000720,C00006,S01194,30-08-2025 19:48,1561.92,4599371434
T000721,C01217,S01140,04-11-2024 13:02,694.4,5198688978
T000722,C04838,S02845,28-04-2024 21:26,1871.67,6098182954
T000723,C03734,S01489,20-03-2024 14:18,742.76,4700640650
T000724,C02046,S00461,08-04-2025 08:27,959.78,6347671603
T000725,C01500,S04690,11-08-2024 07:42,106.71,819254814
T000726,C02290,S01407,12-08-2024 06:39,950.08,3885545660
T000727,C01575,S03957,07-11-2024 00:46,116.11,6383892782
T000728,C00149,S04324,26-03-2024 21:40,1717.13,6368750349
T000729,C04237,S01018,14-02-2025 11:03,1945.1,6358083564
T000730,C02766,S00888,03-03-2025 08:43,1960.47,4975352274
T000731,C04995,S04692,22-09-2025 17:26,122.19,7659853817
T000732,C00878,S03642,13-01-2025 13:30,1293.25,6228788918
T000733,C04399,S01147,19-07-2024 20:34,621.57,8019764117
T000734,C04508,S04398,26-07-2024 17:11,1517.01,9987226429
T000735,C00917,S00708,30-10-2024 18:14,351.36,5124329961
T000736,C04333,S04432,27-02-2024 20:48,1117.19,27852971
T000737,C01481,S00369,26-03-2025 23:53,1322.88,3920185477
T000738,C03821,S04784,31-10-2025 03:39,1825.09,3381423071
T000739,C04238,S04496,10-03-2025 10:57,259.7,719700516
T000740,C03489,S02170,15-04-2025 21:08,1568.63,672682379
T000741,C01776,S03143,25-08-2024 19:01,1700.15,1555162272
T000742,C04479,S00338,02-02-2025 11:57,148.55,4492146245
T000743,C02487,S00377,24-10-2025 21:24,59.5,7594576407
T000744,C01953,S01978,04-01-2025 12:38,1089,9129385698
T000745,C04311,S02026,15-06-2025 05:21,1161.95,9509191862
T000746,C04539,S02043,13-11-2024 03:40,938.46,3718224904
T000747,C04068,S00511,30-05-2025 03:45,1870.89,509890370
T000748,C01767,S02122,01-07-2024 19:04,62.5,3653080650
T000749,C00391,S02984,02-10-2025 15:31,88.38,4018908309
T000750,C02014,S04148,16-01-2024 06:23,731.7,9754907318
T000751,C02863,S00162,19-01-2024 03:36,1257.4,169831416
T000752,C02986,S00396,14-11-2024 06:38,376.85,1709148289
T000753,C00934,S03996,10-11-2024 00:45,814.38,5196193259
T000754,C02059,S00963,31-05-2024 02:54,179.59,821399020
T000755,C03749,S00183,10-11-2025 01:23,1044.41,2931044787
T000756,C04950,S03196,20-07-2025 10:51,490.58,7573562957
T000757,C01551,S02749,21-10-2024 09:25,691.17,6204048154
T000758,C03667,S02386,25-06-2024 13:26,72.61,319195765
T000759,C00058,S01937,23-12-2024 18:09,185.71,806423155
T000760,C00098,S02297,15-07-2024 18:54,1636.92,7626739461
T000761,C01808,S00246,25-08-2025 15:04,1108.42,3422481620
T000762,C02775,S01597,18-06-2025 22:16,1702.22,9999227364
T000763,C01803,S01117,05-08-2024 04:15,226.59,4619708915
T000764,C02477,S00580,06-07-2025 18:48,317.24,2392531356
T000765,C03679,S01392,13-09-2025 05:51,300.7,4515470079
T000766,C04086,S02538,16-05-2024 09:18,1093.35,398698882
T000767,C01484,S04325,13-05-2024 21:18,822.48,1414297578
T000768,C01665,S02775,13-04-2025 05:58,1357.49,7276396839
T000769,C04307,S03429,11-10-2024 01:20,1574.86,4576422877
T000770,C02414,S02925,08-12-2024 04:26,1054.87,8557691581
T000771,C04901,S01148,20-05-2024 10:45,1882.64,4665088856
T000772,C02492,S04186,01-03-2024 22:01,1594.98,1106825850
T000773,C03622,S01056,19-04-2025 15:57,743.18,7614963110
T000774,C00448,S01190,15-09-2025 21:25,1638.21,7663403425
T000775,C03867,S04668,01-12-2023 05:24,1831.16,1684903581
T000776,C01542,S00110,19-06-2024 20:42,671.49,1114308687
T000777,C02684,S00760,11-03-2025 14:02,240.26,661576190
T000778,C00765,S00594,31-08-2024 12:31,240.68,8163411737
T000779,C00834,S04411,14-08-2025 23:22,1395.9,3247443988
T000780,C04442,S02022,14-01-2025 04:55,409.16,6594250669
T000781,C04796,S02277,07-01-2024 14:48,1081.28,9554748056
T000782,C01447,S01556,10-10-2024 11:25,1470.06,6678473269
T000783,C03464,S03020,20-12-2024 07:38,986.53,6283042629
T000784,C02219,S00484,16-05-2024 07:55,385.59,6522430491
T000785,C00014,S02663,03-04-2025 03:39,1503.99,1221491240
T000786,C02004,S04140,22-09-2025 09:43,416.56,7942083942
T000787,C02046,S03639,21-05-2025 07:12,1511.3,847551547
T000788,C03233,S03142,25-10-2025 08:04,147.6,837712899
T000789,C04716,S03742,21-04-2024 02:13,1907.7,6806444553
T000790,C00874,S03668,02-08-2024 07:49,673.55,8424836978
T000791,C04946,S00321,06-08-2024 17:16,1901.97,1965632301
T000792,C04708,S03835,07-02-2024 19:15,333.27,5734654040
T000793,C03716,S04238,27-02-2025 06:54,1944.52,5905073951
T000794,C04091,S02028,11-05-2025 16:10,1712.12,9286438294
T000795,C04196,S04499,05-04-2025 08:30,1527.51,4102667011
T000796,C02811,S04429,18-08-2024 03:14,1404.04,1946415579
T000797,C02537,S03166,23-04-2025 19:31,1497.54,1191405569
T000798,C01551,S04987,04-02-2024 12:46,1967.05,4725462885
T000799,C00205,S02852,20-02-2025 06:13,813.48,1759013280
T000800,C03359,S01047,03-12-2024 01:19,1653.58,6592895747
T000801,C01048,S03170,11-05-2025 23:15,1876.4,210967997
T000802,C02187,S01932,20-04-2025 12:22,561.63,8602493323
T000803,C03543,S04138,27-09-2024 15:25,771.7,8525036548
T000804,C01607,S02461,27-05-2025 02:24,1070.99,1558996280
T000805,C03467,S01213,29-05-2025 18:16,849.79,6076143730
T000806,C01996,S04166,10-03-2025 07:06,1308.36,1848453409
T000807,C01962,S04675,28-11-2024 10:03,1751.14,6333215540
T000808,C04873,S04078,20-05-2024 02:40,1422.74,1467530705
T000809,C03773,S03419,30-04-2024 17:13,1803.38,4837831732
T000810,C03287,S02219,27-06-2025 03:58,1543.5,8825111337
T000811,C01528,S04719,10-07-2025 13:33,1272.92,9383905898
T000812,C04035,S04979,09-03-2025 07:45,1207.22,1147618599
T000813,C04285,S04324,01-10-2024 23:30,1386.33,8563950877
T000814,C02108,S03951,04-07-2025 22:51,1824.36,7794822348
T000815,C02712,S03376,25-04-2025 19:38,841.28,6567698657
T000816,C03564,S04660,04-10-2025 12:59,1839.8,8168077170
T000817,C04611,S03310,26-04-2024 08:48,355.95,7419119573
T000818,C04268,S03820,29-06-2024 22:39,240.52,5959705200
T000819,C01224,S04053,11-03-2024 08:23,990.98,7256244037
T000820,C03994,S00226,06-09-2025 13:21,1574.17,9783080594
T000821,C03867,S02832,22-10-2025 03:23,788.91,3873632621
T000822,C00864,S03174,20-02-2024 01:29,1658.85,3056566924
T000823,C00907,S04839,24-10-2025 09:44,1781.46,8471258429
T000824,C03316,S02252,08-06-2025 19:27,1829.93,8934125739
T000825,C04090,S02232,05-08-2025 22:34,1054.11,9599946179
T000826,C04904,S00291,28-01-2025 16:43,1684.43,8669105292
T000827,C02359,S00403,09-10-2025 20:52,112.4,9100917310
T000828,C03791,S03429,16-12-2024 22:38,891.12,1322442179
T000829,C03424,S03805,24-07-2025 19:58,1993.78,5693170737
T000830,C01321,S03118,21-02-2024 14:32,1536.07,7892863542
T000831,C02483,S04742,23-12-2024 08:03,1331.75,3838425969
T000832,C04240,S02805,15-07-2025 14:13,1537.78,7874566577
T000833,C00025,S03353,16-08-2025 18:32,351.17,7820970442
T000834,C03031,S02328,28-02-2024 04:56,1954.18,1976579124
T000835,C02939,S03826,06-05-2024 20:25,744.41,2091660005
T000836,C02176,S04839,29-01-2024 16:20,1706.57,5624028947
T000837,C02969,S01374,27-08-2024 08:07,1466.97,482146543
T000838,C00577,S03705,21-08-2024 15:32,1890.52,2908067104
T000839,C03926,S01148,04-09-2024 16:42,762.47,2526328585
T000840,C02480,S03276,16-02-2024 12:38,1505.9,5120377988
T000841,C02490,S04019,22-07-2024 01:39,466.07,327989298
T000842,C02083,S01092,30-01-2024 18:12,1148.95,8858900604
T000843,C03982,S03354,01-11-2024 21:19,1384.58,3395934133
T000844,C02906,S03565,18-04-2024 13:41,586.22,391387847
T000845,C00168,S00747,04-07-2024 13:46,558.46,5724901
T000846,C03310,S00223,30-12-2023 07:47,1047.81,9096833063
T000847,C01751,S04368,01-01-2025 16:12,287.91,904745455
T000848,C02836,S04917,23-03-2025 09:55,1072.56,9475178327
T000849,C04781,S02394,02-10-2024 17:24,389.3,8439354723
T000850,C01821,S01626,26-07-2024 06:15,1218.96,1659182959
T000851,C03508,S02708,04-10-2024 08:28,1624.51,7174915460
T000852,C02679,S03059,10-07-2025 14:48,634.55,1214211229
T000853,C02489,S03806,20-08-2025 22:02,1859.42,6922371794
T000854,C00843,S02076,26-03-2024 04:43,1043.57,5855223369
T000855,C01931,S02813,15-07-2024 13:04,1076.65,8239585691
T000856,C01438,S03467,17-07-2025 23:30,846.09,9448492329
T000857,C03623,S00854,04-11-2025 18:42,1962.46,2810319152
T000858,C02374,S03586,08-02-2024 05:12,1740.24,7709967169
T000859,C03469,S00665,24-02-2025 21:56,1471.5,5885413744
T000860,C01980,S03691,24-02-2025 14:15,1193.73,1310700013
T000861,C01551,S03054,02-08-2024 10:01,1530.21,9825142801
T000862,C01220,S04125,06-09-2024 22:32,1502.04,9645930841
T000863,C03763,S02169,14-04-2024 02:58,723.7,2149447742
T000864,C00269,S01414,17-09-2025 18:42,257.77,6087011691
T000865,C04615,S02793,12-07-2025 13:23,480.97,4764204826
T000866,C01452,S04332,05-08-2024 21:28,1649.54,7272464963
T000867,C02745,S03992,07-04-2024 20:38,1888.87,2372978172
T000868,C02933,S04959,24-02-2024 08:20,1784.21,7083461663
T000869,C04208,S03463,24-12-2024 12:58,111.4,8022435723
T000870,C04024,S04066,10-12-2023 17:25,1705.15,9447695989
T000871,C04942,S03005,25-06-2025 06:36,746.73,6165362252
T000872,C03494,S04233,23-09-2025 19:33,1846.72,5143494256
T000873,C02985,S03510,25-03-2025 21:14,1565.08,6208740184
T000874,C02704,S04853,10-01-2024 15:11,450.37,9653171366
T000875,C03030,S02932,08-10-2025 22:29,520.01,9691683090
T000876,C00257,S02859,12-01-2024 06:14,1770.05,229725333
T000877,C01209,S02261,29-03-2025 04:52,1849.83,463996951
T000878,C02500,S00403,09-04-2025 21:11,752.53,849700987
T000879,C04726,S04682,02-10-2025 19:53,1509.08,8984240548
T000880,C04719,S01640,07-11-2024 23:55,1245.76,2770450326
T000881,C01131,S01333,22-12-2023 01:43,968.11,3175707042
T000882,C01947,S02391,26-10-2024 14:43,308.39,6479031663
T000883,C04342,S04683,03-12-2023 19:21,394.57,6305251673
T000884,C02002,S02803,06-05-2024 18:09,1517.26,1242518
T000885,C01683,S02658,21-08-2024 07:15,1960.21,6335776112
T000886,C03655,S01424,28-03-2024 14:18,1288.88,5010994128
T000887,C00370,S00142,29-03-2024 04:31,1313.12,4048877567
T000888,C00588,S03277,10-03-2025 19:51,1218.36,7132949958
T000889,C01170,S01614,25-03-2025 10:53,121.6,4678266601
T000890,C02792,S00503,30-11-2024 10:21,1207.89,2542545945
T000891,C00602,S04686,03-03-2025 05:38,1762.14,9919628178
T000892,C00317,S01908,31-07-2025 09:33,1915.96,5576206216
T000893,C03844,S02964,29-09-2025 10:12,1592.41,8111363934
T000894,C00584,S02989,29-04-2025 02:08,97.58,6373126955
T000895,C04764,S04800,18-12-2024 11:20,825.83,33807120
T000896,C00850,S04015,22-05-2025 21:22,1934.33,4227754364
T000897,C02616,S02529,26-10-2024 10:26,1331.8,5742229727
T000898,C00159,S00055,28-09-2025 01:06,1170.19,3076061196
T000899,C00891,S02501,01-10-2024 10:58,677.59,6887120116
T000900,C04109,S00732,21-11-2025 01:25,1763.6,6754581995
T000901,C02572,S04848,29-10-2025 04:00,1602.21,2056646948
T000902,C01393,S04025,24-11-2024 07:38,1592.62,1734587588
T000903,C04269,S01125,08-04-2025 23:50,919.76,3403871830
T000904,C02388,S01779,10-09-2025 03:22,438.51,7313631938
T000905,C04058,S04362,28-04-2024 08:01,719.47,1090172100
T000906,C01996,S02293,04-10-2025 11:45,714.71,3384062302
T000907,C01699,S04437,08-08-2024 06:06,624.83,957650122
T000908,C04783,S02509,08-07-2025 15:26,79.55,3122667738
T000909,C04437,S03445,11-11-2024 23:29,1139.36,4358560399
T000910,C01538,S03048,07-08-2025 23:37,1377.85,9877685028
T000911,C00590,S00914,19-06-2024 04:10,1707.5,7442447871
T000912,C02613,S01473,13-09-2025 09:29,1381.6,8507894103
T000913,C00632,S04244,26-01-2025 05:50,1100.9,7041664321
T000914,C00620,S00517,22-09-2025 12:39,1170.11,4079577671
T000915,C03286,S01171,08-07-2024 12:21,349.61,1030935919
T000916,C04136,S03664,31-12-2023 04:26,827.74,8589021457
T000917,C04998,S03281,07-01-2025 18:13,1206.16,1044407753
T000918,C04658,S03050,01-09-2025 22:14,538.63,7626583790
T000919,C00779,S03126,23-06-2025 23:13,1223.91,6592642888
T000920,C01405,S03631,10-07-2024 23:10,1110.06,1057610150
T000921,C00520,S02424,31-10-2025 06:46,1263.12,2974584341
T000922,C01896,S02658,06-04-2024 02:37,467.85,4964369563
T000923,C01332,S04474,28-02-2024 08:31,1578.83,4474277816
T000924,C03155,S02753,25-03-2025 12:54,1500.6,2244019552
T000925,C04511,S03335,16-01-2024 15:20,896.22,3629455616
T000926,C01870,S04641,19-04-2024 13:40,1305.18,8412799622
T000927,C04929,S00698,12-09-2024 04:35,1551.99,9896630211
T000928,C04656,S01569,01-09-2025 11:55,126.75,8856213952
T000929,C03240,S00021,09-02-2025 14:02,1439.46,3243424834
T000930,C03229,S03026,15-11-2025 15:45,1142.99,9879064487
T000931,C03292,S01962,23-04-2024 03:51,1873.82,9077792941
T000932,C03967,S04435,29-01-2025 13:33,129.6,8287182343
T000933,C02985,S04695,10-03-2024 18:08,1771.37,5195437439
T000934,C01294,S00639,25-07-2025 15:44,593.39,5897545826
T000935,C02767,S04377,26-07-2025 07:32,1214.27,3030613813
T000936,C01790,S04970,06-04-2025 11:47,1982.95,5537250539
T000937,C04210,S01327,25-08-2025 11:29,981.92,8065877724
T000938,C00607,S01254,31-12-2024 03:32,844.26,9679526839
T000939,C02890,S03024,10-06-2024 04:07,1887.49,7775883844
T000940,C01005,S01452,08-04-2024 15:58,1017.36,7511712721
T000941,C01704,S04955,30-06-2025 12:16,65.53,3455237537
T000942,C02171,S03009,11-12-2023 21:30,1136.96,2447627082
T000943,C01386,S04353,18-07-2025 00:44,231.18,515329834
T000944,C04744,S03120,14-04-2024 23:46,748.51,3206595475
T000945,C00173,S04195,24-05-2025 23:41,1973.11,7174980110
T000946,C02146,S03275,24-08-2024 08:41,204.23,8269475708
T000947,C02527,S02222,06-10-2025 15:53,129.81,9585979288
T000948,C02774,S03566,16-11-2024 20:22,1095.45,6392165428
T000949,C01139,S00666,07-12-2023 05:15,568.82,4090526261
T000950,C01079,S04549,28-05-2024 03:30,790.27,6302193527
T000951,C03288,S00361,27-03-2024 16:25,1840.01,5464874049
T000952,C02081,S03243,25-07-2024 21:04,450.77,2859256559
T000953,C01877,S03291,29-12-2023 03:30,452.47,7085867277
T000954,C02577,S04621,23-02-2025 02:48,1840.76,5248730970
T000955,C03651,S03765,11-07-2024 07:38,926.15,7294959561
T000956,C04197,S00722,05-02-2024 23:23,968.55,982876851
T000957,C01218,S04831,21-07-2025 01:16,1898.11,5179281269
T000958,C00978,S02633,22-11-2025 03:06,1278.38,9266366317
T000959,C04864,S00720,24-11-2023 02:45,711.23,5828317276
T000960,C03541,S04799,02-12-2023 07:47,991.83,5733176669
T000961,C03723,S03770,02-09-2025 18:25,1921.49,673761413
T000962,C02444,S02553,08-09-2024 04:25,948.33,4033517511
T000963,C00512,S00551,12-07-2024 10:19,894.47,9091775297
T000964,C00131,S01576,07-02-2024 02:48,1750.87,997514847
T000965,C03144,S04903,14-10-2025 15:17,1477.92,2916482219
T000966,C03559,S02852,10-02-2025 11:00,1862.38,5165563972
T000967,C04138,S00023,28-10-2025 01:27,1672.84,5718259356
T000968,C00879,S03495,07-10-2025 19:44,1606.6,9622828442
T000969,C01433,S04302,07-08-2024 21:18,1111.3,9713311377
T000970,C04904,S01725,31-07-2025 00:36,489.41,3554529401
T000971,C02523,S00163,29-04-2024 23:39,1722.53,2723495045
T000972,C01962,S01912,15-12-2023 13:54,1961.88,648378334
T000973,C04422,S00175,30-03-2024 12:16,1972.35,3089105109
T000974,C03508,S01557,13-03-2025 19:56,1406.36,415540079
T000975,C03525,S01783,30-10-2024 17:08,1444.77,3849519502
T000976,C02723,S01287,12-06-2025 13:35,1634.37,7540941555
T000977,C03954,S01787,10-09-2025 03:54,1571.39,3963608459
T000978,C03537,S00503,15-08-2025 05:26,1575.33,2134770659
T000979,C03461,S03575,18-03-2024 00:58,1116.6,6171414514
T000980,C00814,S03284,24-01-2024 11:39,527.27,447540335
T000981,C03803,S03234,17-10-2024 06:24,1639.26,3600786367
T000982,C04406,S03756,08-10-2024 15:19,1509.84,2887233773
T000983,C00149,S03928,02-05-2025 12:04,776.54,1568489622
T000984,C01445,S02781,27-07-2024 17:51,1802.17,8142290977
T000985,C01817,S04454,29-02-2024 09:47,1119.69,1023329909
T000986,C03133,S04030,23-07-2024 08:40,361.8,3672576658
T000987,C04655,S02096,31-05-2024 09:14,1450.61,3272203487
T000988,C01210,S00171,26-01-2024 12:53,400.82,9612314235
T000989,C04525,S04293,30-01-2025 01:24,952.36,3463484379
T000990,C01492,S03298,30-06-2025 23:26,343.42,8639753314
T000991,C04082,S04949,18-06-2024 14:06,1912.74,1147480340
T000992,C00461,S01926,27-07-2024 02:56,1438.06,5602834495
T000993,C03751,S03404,09-12-2024 02:29,1926.57,8843923121
T000994,C03833,S01581,22-06-2025 23:05,1690.66,6296400451
T000995,C02673,S03446,21-09-2024 20:35,1292.89,4708160495
T000996,C01439,S02206,05-08-2025 07:47,342.57,3052587972
T000997,C04908,S02711,10-04-2025 04:25,1878.39,3226335481
T000998,C03399,S01275,20-09-2025 09:17,1518.46,3342442880
T000999,C01816,S02758,10-01-2025 21:28,525.19,6114910477
T001000,C02575,S01295,05-01-2025 04:14,1111.05,2638202630
T001001,C00299,S01782,23-07-2025 06:25,1826.28,6649170345
T001002,C00137,S03453,13-08-2025 23:43,674.84,3758062566
T001003,C00551,S00542,19-05-2024 07:09,1863.65,7037445881
T001004,C02880,S00711,12-07-2024 14:00,1482.71,8280162927
T001005,C04220,S03778,21-07-2024 21:21,71.92,7549344801
T001006,C00119,S03769,23-05-2024 07:51,1057.87,9720442348
T001007,C00068,S02347,12-09-2025 21:51,937.51,7632166020
T001008,C03964,S03964,17-06-2024 01:59,1124.99,1358203642
T001009,C04276,S03814,31-10-2025 07:19,954.59,3629639398
T001010,C00185,S04575,21-03-2024 15:30,1827.58,6686823889
T001011,C01919,S03917,26-12-2024 19:30,1555.02,3894455866
T001012,C00954,S03919,05-09-2024 03:47,372.58,4232282348
T001013,C04372,S02525,14-07-2024 17:55,285.83,141341225
T001014,C03294,S03163,14-02-2024 13:08,1213.18,7388970244
T001015,C01515,S02871,27-10-2025 11:34,263.74,8756128696
T001016,C02496,S01058,28-04-2025 12:52,1002.81,5669235949
T001017,C04667,S02980,07-01-2024 08:05,1772.02,6753420330
T001018,C03686,S00205,30-05-2025 08:32,669.27,4452644471
T001019,C01123,S00255,08-12-2023 22:00,1820.35,1190845808
T001020,C03732,S02655,26-09-2024 23:26,111.26,7007246237
T001021,C03374,S00168,29-12-2024 17:03,1274.12,1252165946
T001022,C00336,S04676,24-02-2024 23:51,90.83,9518663573
T001023,C02372,S04903,04-03-2025 09:04,1555.13,2363560072
T001024,C00088,S00696,19-08-2025 14:31,1658.17,8994636030
T001025,C01507,S02136,24-12-2023 16:21,1183.54,7282856270
T001026,C03774,S04682,24-08-2025 17:13,1248.66,2651457826
T001027,C01261,S02752,06-09-2025 03:01,1267.32,67099336
T001028,C03268,S01377,23-01-2024 07:33,1495.59,7705230267
T001029,C01141,S03666,07-06-2025 00:13,733.38,218334136
T001030,C02317,S00037,17-05-2025 09:15,790.5,7453765579
T001031,C00615,S03251,22-05-2024 14:43,448.26,4310476810
T001032,C04195,S04193,03-08-2024 00:13,764.29,5986879757
T001033,C03506,S04932,23-12-2024 16:45,278.35,337436322
T001034,C03008,S02322,30-05-2025 14:16,788.46,6956414340
T001035,C03809,S02876,30-09-2024 18:41,355.65,3817667958
T001036,C02683,S02525,08-10-2025 19:32,459.21,7112088458
T001037,C00692,S04474,04-12-2023 08:48,428.67,4781737891
T001038,C01205,S02198,28-05-2024 06:16,1929.16,9797732735
T001039,C04332,S04319,14-10-2024 01:42,145.21,393448524
T001040,C00329,S02281,24-11-2023 12:28,310.01,8282089029
T001041,C02836,S02203,16-10-2024 04:28,1836.85,9517153636
T001042,C03341,S04677,10-09-2025 19:44,1215.06,80290583
T001043,C00683,S00499,20-06-2025 04:47,637.58,1424102484
T001044,C02666,S01407,12-02-2024 22:38,910.4,9809048348
T001045,C02175,S04526,25-08-2025 22:21,1492.01,7222360515
T001046,C01921,S01689,25-04-2025 03:39,814.94,1179078209
T001047,C01195,S01162,05-09-2024 02:29,1369.85,7878132379
T001048,C03964,S03589,24-04-2025 18:07,329.44,464790178
T001049,C02287,S01943,23-11-2023 15:44,1868.86,2397362018
T001050,C01407,S03034,05-10-2024 18:32,898.88,8271562578
T001051,C03979,S00748,16-08-2025 03:11,659.63,4496809998
T001052,C01684,S00284,23-04-2024 06:12,1191.74,2706499129
T001053,C02653,S01965,27-06-2024 03:42,642.29,4243327639
T001054,C03501,S01966,06-12-2024 06:25,1020.02,1448445353
T001055,C01141,S02373,17-02-2024 04:56,1125.72,8097220386
T001056,C00196,S00543,26-08-2024 17:33,107.14,6017996693
T001057,C02775,S01998,02-04-2025 12:10,1780.97,991547012
T001058,C03788,S02958,20-10-2024 13:15,186.12,3592420438
T001059,C02611,S00706,28-08-2024 19:17,1745.53,3223717243
T001060,C04212,S03217,22-01-2024 04:38,1071.28,2281474691
T001061,C03296,S00306,15-05-2025 09:49,916.24,9098824973
T001062,C04427,S00941,20-06-2024 21:27,826.64,6105076668
T001063,C04640,S02869,31-08-2024 05:11,1281.1,9923495936
T001064,C03272,S00328,12-03-2024 21:07,1469.95,304844709
T001065,C03145,S03273,10-11-2025 08:07,299.97,5323024109
T001066,C01591,S00490,24-10-2025 08:36,1644.09,4733150714
T001067,C01953,S01028,15-12-2023 01:05,1698.15,3740954722
T001068,C01473,S04536,28-10-2025 20:59,1317.78,8800331367
T001069,C01559,S00613,12-04-2024 17:40,1430.09,5065933475
T001070,C01031,S04482,08-05-2025 06:50,127.63,4483176839
T001071,C04287,S01736,07-05-2024 16:38,304.89,4003027633
T001072,C01737,S02941,09-07-2025 05:41,1300.8,2440431602
T001073,C04647,S04564,15-06-2025 14:30,1528.42,630754059
T001074,C03396,S02992,27-09-2025 06:54,1723.23,4632834512
T001075,C03108,S04496,12-03-2024 10:09,1461.56,1769414367
T001076,C00871,S00544,19-12-2024 14:36,1675.25,8391001461
T001077,C00503,S00948,20-04-2024 18:09,617.6,5437803997
T001078,C03499,S03558,04-01-2024 19:07,1179.2,3390058968
T001079,C00743,S04710,19-06-2024 05:43,1947.1,992978465
T001080,C02576,S04471,19-09-2025 12:17,855.21,3436811902
T001081,C00537,S00591,16-02-2025 20:31,1423.63,4153297052
T001082,C02136,S03407,22-03-2024 10:13,1633.16,4013737352
T001083,C00961,S04520,11-02-2024 09:04,896.51,5207659678
T001084,C03120,S00596,10-07-2025 12:33,1444.85,6060881202
T001085,C02206,S01218,23-01-2025 23:31,1765.9,7482036154
T001086,C02771,S03081,06-11-2025 23:53,614.37,2225720672
T001087,C02652,S04198,20-09-2025 05:48,793.14,7633481474
T001088,C00173,S03628,29-12-2023 20:21,737.55,3042486927
T001089,C02692,S04418,23-06-2025 03:56,92.99,1085716935
T001090,C01669,S02074,13-11-2024 06:49,1082.59,9960966377
T001091,C01416,S03157,23-02-2024 23:18,976.11,2158330055
T001092,C01425,S03374,16-08-2025 12:13,545.3,6213007154
T001093,C01286,S02789,05-09-2025 16:59,781.2,6196538140
T001094,C02479,S01523,18-11-2025 07:34,1952.61,3751969843
T001095,C00166,S01869,03-10-2025 01:40,717.79,1763574259
T001096,C03392,S02252,26-11-2023 07:22,1151.25,4261591280
T001097,C00031,S02907,30-04-2024 17:20,204.71,4245712707
T001098,C02343,S02902,27-06-2025 22:54,887.89,364764676
T001099,C04600,S02203,20-11-2025 20:54,1204.62,1173465996
T001100,C00529,S00114,29-01-2024 09:39,366.71,5955717117
T001101,C01413,S01547,13-06-2024 10:13,1322.79,6057566760
T001102,C03702,S00494,22-02-2025 09:13,1608.16,7993325521
T001103,C03726,S02285,28-04-2024 23:52,50.89,7106353550
T001104,C02655,S03030,09-11-2025 18:41,1351.51,548260213
T001105,C03340,S03619,09-05-2025 08:29,358.03,3527154566
T001106,C01949,S00190,17-04-2024 16:24,1215.67,5684204417
T001107,C01147,S01727,17-11-2025 02:18,1108.29,6946719750
T001108,C00099,S00042,20-04-2025 14:46,220.63,6050711737
T001109,C03443,S03632,16-12-2023 17:35,264.63,5730570023
T001110,C01910,S03234,21-12-2023 23:57,301.64,6495385477
T001111,C03879,S03685,10-04-2024 06:00,590.94,5895551672
T001112,C04535,S00621,19-01-2025 13:24,569.58,1354904182
T001113,C00424,S02197,27-12-2024 18:29,776.11,6899211436
T001114,C03863,S00956,12-04-2025 01:22,1791.68,354584940
T001115,C04428,S01520,21-01-2024 00:04,501.8,8586069010
T001116,C04236,S00614,07-12-2023 15:48,51.15,6494817189
T001117,C04188,S01273,30-09-2024 08:52,1360.43,3027450980
T001118,C03308,S04232,24-09-2025 22:58,102.57,5935667472
T001119,C04153,S01321,08-08-2025 13:57,1940.97,6348735575
T001120,C03373,S03032,17-03-2024 17:50,1205.85,5154947114
T001121,C00738,S04176,09-10-2025 18:39,964.27,8484899224
T001122,C03805,S03249,02-04-2024 21:04,1400.32,2864236628
T001123,C03511,S03169,31-01-2025 14:15,394.72,1752755662
T001124,C01508,S04300,30-04-2025 12:31,1141.33,7185053122
T001125,C02350,S00529,31-03-2024 09:48,1723.09,5182250175
T001126,C01666,S02600,06-03-2024 13:22,1118.87,7395815284
T001127,C00981,S03073,21-03-2024 22:45,359.43,9730838647
T001128,C02108,S02939,04-12-2023 18:14,933.3,5802676711
T001129,C03450,S00890,17-10-2024 17:59,1555.85,2677677187
T001130,C00939,S03771,04-02-2025 17:24,1237.31,521557590
T001131,C03049,S02797,20-05-2024 22:07,238.93,6829800876
T001132,C03069,S00405,25-10-2025 04:03,1759.65,5679643519
T001133,C04932,S04736,31-01-2025 00:30,1934.46,7492676508
T001134,C04694,S03982,28-11-2023 21:05,361.73,9716812143
T001135,C02483,S04567,10-12-2023 04:38,1288.71,2304618213
T001136,C03882,S04036,27-07-2025 04:55,1521.99,3896638417
T001137,C02194,S02936,21-08-2025 16:06,462.29,7082457189
T001138,C01371,S02247,14-02-2024 21:41,1596.6,5032550854
T001139,C03150,S00217,19-12-2024 08:38,374.44,3827020441
T001140,C01063,S03532,01-02-2025 05:32,1458.86,5666363932
T001141,C02514,S01500,05-12-2024 09:43,573.53,8113266425
T001142,C01814,S01190,10-04-2024 07:44,1787.31,9518045610
T001143,C02140,S03658,01-07-2025 22:43,156.46,8921653502
T001144,C04378,S03713,29-05-2025 07:25,915.14,5500359050
T001145,C01055,S03572,15-07-2025 23:45,1768.04,6707472221
T001146,C03347,S04470,09-11-2024 02:30,1156.56,9154721495
T001147,C02858,S04115,12-02-2024 23:00,520.8,2183692408
T001148,C00652,S04007,28-09-2025 08:09,175.55,4377268368
T001149,C01205,S04710,30-09-2024 13:02,1384.04,4248128280
T001150,C04575,S00370,17-06-2024 18:47,413.96,878977273
T001151,C02692,S02727,23-12-2024 20:31,908.59,3119978413
T001152,C02606,S04893,08-08-2025 22:25,94.41,5887540474
T001153,C00030,S04654,02-02-2025 21:39,847.2,3467800575
T001154,C01083,S04048,21-06-2025 15:15,1012.12,1887216761
T001155,C01235,S02080,05-12-2023 11:03,350.55,8467607844
T001156,C03141,S00930,29-06-2024 05:12,1526.13,9464959869
T001157,C00645,S04615,16-07-2025 06:32,159.68,4958286259
T001158,C00435,S02481,07-05-2025 20:59,162.76,6081026573
T001159,C03294,S00385,11-05-2025 21:51,1935.5,4784789400
T001160,C03973,S01190,29-07-2024 02:08,1872.41,2197992192
T001161,C00568,S03829,23-01-2025 03:45,873.66,6043222476
T001162,C04828,S03841,28-10-2025 05:26,1176.81,8739751174
T001163,C04352,S00431,17-04-2025 16:34,1847.48,5572631466
T001164,C02141,S03524,12-09-2024 02:02,1046.78,4179359700
T001165,C02119,S02908,08-09-2024 02:16,1884.25,5938062884
T001166,C01826,S03006,09-08-2024 18:01,749.9,9319897039
T001167,C04316,S01573,09-04-2025 23:55,1924.04,2451249718
T001168,C01216,S04344,01-03-2024 20:33,1988.5,3702377232
T001169,C00972,S00677,01-01-2024 17:39,1164.72,1810173374
T001170,C03012,S00995,05-03-2025 12:11,1455.37,6311451424
T001171,C04186,S00803,28-08-2024 09:20,250.55,37953942
T001172,C04283,S02666,31-07-2025 14:29,305.42,5500961361
T001173,C03340,S04113,04-11-2024 11:04,435.18,8435645747
T001174,C04531,S02713,10-05-2025 08:05,1650.57,6423955586
T001175,C00550,S00843,20-06-2025 16:13,1035.1,7285967585
T001176,C03835,S00722,30-08-2024 16:30,1668.24,7598278024
T001177,C01028,S00859,17-12-2023 19:11,1506.77,3732192511
T001178,C04977,S03275,20-09-2024 12:44,954.68,5042236042
T001179,C01552,S02805,05-07-2025 08:15,354.9,9135993803
T001180,C00415,S04834,18-07-2025 10:27,1729.47,7221775781
T001181,C03929,S03008,27-07-2025 18:54,801.07,1700886212
T001182,C00246,S04847,31-12-2024 14:58,1180.97,2612503049
T001183,C03877,S03566,26-06-2024 22:22,1609.39,9446832084
T001184,C02448,S02194,16-08-2025 19:21,1052.99,7639477435
T001185,C02802,S01312,04-07-2025 18:01,65.02,9005432304
T001186,C01796,S04650,12-06-2025 07:51,1225.32,4531202981
T001187,C00578,S03969,03-11-2025 23:05,354.16,267209729
T001188,C00645,S03943,07-11-2024 02:21,1192.05,8670208762
T001189,C00821,S00702,24-02-2025 16:12,96.13,7930435014
T001190,C02724,S01206,02-10-2025 13:14,1899.39,1461981001
T001191,C02513,S04515,09-07-2025 04:00,1793.63,4650615055
T001192,C03706,S00522,26-04-2025 12:49,613.7,3262968887
T001193,C03193,S04247,05-09-2025 12:29,1722.84,8228510245
T001194,C00033,S03539,04-12-2023 07:47,1824.69,7943011777
T001195,C00667,S01385,13-09-2025 18:11,593.99,7421234867
T001196,C00780,S01590,03-08-2025 17:58,1681.89,9873070962
T001197,C04609,S00951,10-05-2024 06:05,123.89,8505550639
T001198,C01076,S02707,27-11-2023 02:16,240.27,1404882474
T001199,C03927,S00740,09-07-2024 08:51,751.12,4131841917
T001200,C01436,S03463,13-12-2024 18:36,1596.43,2351584756
T001201,C04538,S01181,18-06-2024 19:05,79.79,4682607673
T001202,C01005,S01040,15-08-2025 09:34,1953.69,3271686814
T001203,C04449,S01818,14-04-2025 04:58,1420.61,9730034616
T001204,C00402,S04177,04-09-2025 00:21,430.8,6484627332
T001205,C00268,S03813,09-08-2025 15:13,1493.33,7648752266
T001206,C01063,S03775,07-09-2024 15:52,1006.08,5016149450
T001207,C04679,S01910,20-01-2024 01:17,195.18,4221691572
T001208,C01493,S02547,13-06-2025 02:47,765.13,3373752499
T001209,C01986,S02185,14-05-2024 15:54,720.54,2919937384
T001210,C04891,S02539,05-03-2024 12:46,1541.86,3979326529
T001211,C04102,S00914,08-04-2025 21:34,1393.27,5361139922
T001212,C03422,S03786,15-12-2023 20:13,632.6,3951661956
T001213,C00157,S01793,23-08-2024 04:32,581.2,7889411573
T001214,C03816,S02352,15-05-2025 20:06,1098.98,3272618812
T001215,C04621,S04815,02-04-2024 03:14,1953.05,6909871580
T001216,C01196,S00851,17-03-2025 04:31,341.9,2451438995
T001217,C00491,S01623,06-11-2025 23:47,670.52,1543106672
T001218,C04839,S04544,02-12-2024 12:45,1457.65,8894043334
T001219,C01794,S01405,12-04-2025 03:55,65.38,1077153538
T001220,C04292,S03002,24-02-2025 09:44,1415.96,9248433819
T001221,C03473,S01850,11-02-2024 12:43,125.05,1764035305
T001222,C03570,S00704,13-05-2024 02:42,1293.29,8251103888
T001223,C02979,S04239,22-04-2024 03:56,204.57,9673627259
T001224,C00092,S02947,26-07-2025 14:11,1229.42,8454734486
T001225,C02687,S04654,25-02-2024 01:55,764.11,3547009291
T001226,C00093,S01327,28-04-2024 06:44,1032.61,5723830304
T001227,C04433,S03182,23-01-2024 04:48,1411.07,7273674024
T001228,C04466,S02222,14-10-2024 16:33,1051.56,6633706856
T001229,C02746,S03744,03-08-2025 17:03,922.83,1359928592
T001230,C04557,S01395,16-05-2024 06:04,1322.86,7126009321
T001231,C00868,S00533,04-01-2025 02:44,837.86,7102062563
T001232,C01199,S03047,26-01-2024 13:01,715.11,9341839186
T001233,C01799,S03225,16-04-2025 09:36,627.57,7707873788
T001234,C01546,S02903,01-02-2024 06:35,962.16,2201865593
T001235,C01586,S04024,27-10-2024 17:43,326.09,1501701976
T001236,C02663,S02857,13-03-2024 20:07,1382.09,8370107553
T001237,C04832,S01411,10-03-2024 18:37,1569.29,1190716303
T001238,C00904,S03399,22-09-2025 21:09,1349.62,4399092232
T001239,C01422,S03116,31-03-2025 02:08,1688.96,4181968865
T001240,C03014,S03295,19-03-2025 23:14,1304.82,425962270
T001241,C00626,S04876,17-06-2025 07:54,520.59,8684727441
T001242,C01388,S00776,16-11-2025 15:16,1100.49,5934488759
T001243,C03332,S00995,26-01-2024 18:53,391.72,9185649964
T001244,C00590,S04455,30-09-2025 22:18,222.05,4125674233
T001245,C03738,S01409,18-04-2025 17:41,1634.6,4524260076
T001246,C00033,S04997,17-07-2024 15:43,186.93,2464048530
T001247,C03482,S04303,11-06-2025 13:49,1966.72,8423532109
T001248,C02429,S03194,27-10-2024 18:39,1171.75,6959564462
T001249,C01047,S01920,06-05-2025 18:36,1844.3,239999407
T001250,C03099,S01948,15-10-2024 10:07,745.92,7032560255
T001251,C04402,S03845,01-02-2025 17:47,582.45,1437194592
T001252,C01980,S01937,31-05-2025 06:11,1237.34,6287936550
T001253,C01418,S01082,20-08-2025 13:50,1062.9,8898820598
T001254,C00799,S04248,05-03-2025 18:16,139.78,6960518389
T001255,C01325,S04383,05-06-2025 09:34,850.65,7988313251
T001256,C00931,S00732,20-09-2024 23:16,623.67,5121677932
T001257,C04240,S02660,17-04-2024 21:23,1457.46,3940208899
T001258,C01571,S00574,02-02-2025 02:00,1339.26,9699222489
T001259,C03461,S00613,15-06-2025 21:08,434.18,2002234523
T001260,C02724,S04217,23-11-2023 07:45,1695.47,9972468302
T001261,C01448,S03992,13-02-2025 03:31,906.94,7440820144
T001262,C02777,S03914,26-12-2024 06:21,517.86,4779840249
T001263,C02567,S04247,01-02-2024 04:14,1219.06,4164374456
T001264,C00346,S04391,12-06-2024 10:46,898.95,1405987874
T001265,C04684,S01887,13-11-2025 11:19,990.24,9005786725
T001266,C02322,S01508,12-07-2025 07:42,1977.13,249024702
T001267,C03807,S02277,27-11-2024 18:56,1392.27,9227882399
T001268,C01864,S04817,28-11-2024 03:10,910.64,3394079861
T001269,C02472,S02464,27-12-2023 06:34,1848.89,1254395294
T001270,C01627,S01317,29-06-2024 14:30,376.72,4309767977
T001271,C02670,S02900,14-11-2024 11:18,1207.48,5094617181
T001272,C00445,S03239,27-07-2025 13:57,237.04,2453955092
T001273,C01446,S00689,28-05-2025 03:09,637.28,9848354181
T001274,C03344,S03013,16-10-2024 13:22,1891.67,4893242901
T001275,C00752,S04272,22-04-2024 09:35,920.48,1007156094
T001276,C00943,S03834,13-07-2025 12:59,1303.56,2651815325
T001277,C02738,S00095,21-07-2025 19:04,119.4,5145686951
T001278,C03666,S01329,12-09-2024 06:10,682.01,4988699153
T001279,C02330,S03342,17-05-2024 20:50,1589.35,3326850216
T001280,C04078,S03887,03-06-2025 07:50,1446.86,3879698893
T001281,C01067,S03719,19-01-2024 09:01,291.28,6227003241
T001282,C02933,S01041,31-12-2024 10:54,937.17,1868321271
T001283,C00420,S03182,21-10-2024 03:01,459.05,6640966473
T001284,C02812,S04411,28-11-2023 17:17,1488.81,4309367833
T001285,C04015,S03123,28-11-2023 14:08,1340.47,9585020827
T001286,C00109,S01968,19-12-2023 23:34,77.31,5576754475
T001287,C03017,S04357,27-10-2025 05:16,1415.01,5358663189
T001288,C04480,S02763,09-08-2024 14:36,973.53,5384341870
T001289,C04414,S04571,17-09-2025 10:12,1240.54,4076865245
T001290,C00515,S00786,01-11-2025 23:05,623.58,8087484149
T001291,C02513,S02657,07-02-2025 12:39,1238.77,2587452097
T001292,C01125,S02421,16-07-2024 12:36,375.1,6589053562
T001293,C03012,S04735,31-07-2025 21:50,1755.69,2145012011
T001294,C04975,S01391,14-12-2023 20:24,1361.24,8049225541
T001295,C00762,S00848,18-09-2024 13:17,1307.07,5953558613
T001296,C03034,S04671,03-01-2025 22:12,124.94,3583920844
T001297,C01469,S01274,15-10-2025 07:46,161.51,9653583294
T001298,C02500,S02164,27-05-2024 12:41,587.62,5900030593
T001299,C02237,S00197,20-09-2024 10:14,1529.63,7325365767
T001300,C03556,S03032,05-12-2024 21:14,1517.59,5704078213
T001301,C00002,S00671,02-10-2024 16:25,1933.46,2303817346
T001302,C02343,S00739,14-11-2024 19:11,1854.97,9407396664
T001303,C04559,S01869,27-03-2025 20:05,770.65,2826785753
T001304,C00669,S02434,17-10-2024 05:20,752.71,1408432765
T001305,C03267,S03952,24-12-2024 23:39,1170.18,83276843
T001306,C00782,S04299,31-08-2025 15:04,149.1,3567029733
T001307,C04509,S00522,22-04-2025 19:40,1878.29,920986690
T001308,C01612,S01973,22-12-2023 17:33,783.57,2449293287
T001309,C03306,S01837,26-01-2024 06:40,946.29,6630724526
T001310,C04521,S02378,07-02-2025 20:05,1476.53,928721915
T001311,C00179,S02135,22-07-2024 16:58,1109.07,6003208767
T001312,C04335,S04817,05-01-2025 12:51,1404.6,8606775269
T001313,C01306,S01032,28-03-2024 15:00,1924.79,8219747714
T001314,C02022,S03679,21-10-2024 19:46,1157.24,2196159384
T001315,C03505,S00621,18-02-2024 00:30,795.31,5009396056
T001316,C01794,S04772,13-03-2024 01:17,908.15,1846232409
T001317,C03958,S02862,28-10-2024 07:03,1375.53,5298842620
T001318,C04283,S04302,08-08-2024 13:27,169.43,1164745704
T001319,C00837,S00797,29-07-2024 10:58,1049.58,1009927366
T001320,C00356,S03404,24-08-2025 19:31,1530.88,9679533396
T001321,C01575,S01728,08-08-2025 03:05,1729.44,6220365156
T001322,C03165,S00779,06-08-2025 22:43,404.47,7782139607
T001323,C04028,S03462,24-04-2025 04:56,218.12,3226239097
T001324,C03316,S03191,13-10-2024 01:54,1530.51,6562990625
T001325,C00303,S03581,20-08-2024 17:55,1582.41,860651093
T001326,C01085,S02966,13-03-2025 22:19,333.91,6184860675
T001327,C03220,S04771,17-05-2025 03:33,1574.16,348562731
T001328,C00693,S01772,19-11-2024 10:26,1482.05,3238015289
T001329,C03850,S00099,19-08-2024 16:47,1570.81,237683852
T001330,C03828,S03516,03-06-2025 02:47,1408.84,7880646116
T001331,C04311,S04576,03-08-2025 21:13,1280.86,3340723237
T001332,C04499,S03632,16-02-2024 08:29,1732.78,3071120537
T001333,C01705,S03824,03-01-2025 08:04,1579.29,6955691231
T001334,C04560,S04021,20-10-2025 03:25,1597.06,8913362002
T001335,C02668,S01734,06-05-2025 14:10,1358.67,9571158733
T001336,C00351,S01206,29-01-2025 03:10,1063.04,3017364236
T001337,C04286,S01464,23-07-2025 06:17,109.43,1233493876
T001338,C02642,S02707,07-04-2024 17:55,1410.16,5410650381
T001339,C01470,S03019,30-04-2024 00:36,858.76,4256041939
T001340,C04897,S01456,25-05-2024 03:45,909.97,9057276387
T001341,C03463,S02055,16-08-2024 22:42,1324.75,1822508575
T001342,C03039,S00988,25-12-2024 20:07,1760.24,206954940
T001343,C03019,S03487,05-11-2025 19:06,1571.63,3112190571
T001344,C00537,S01278,23-01-2025 18:05,387.08,9822689095
T001345,C00887,S00651,03-09-2025 03:00,61.75,6337400263
T001346,C04729,S01213,30-06-2024 16:39,1165.91,5448580248
T001347,C03521,S02732,04-02-2025 23:28,612.06,712322647
T001348,C02925,S02677,15-06-2024 10:05,1100.11,6321582083
T001349,C00626,S02446,10-03-2024 22:02,1924.78,5757596636
T001350,C03336,S00791,30-09-2024 07:02,819.98,2161817389
T001351,C02111,S00011,15-09-2024 19:07,73.94,4522223602
T001352,C00610,S02303,15-03-2025 19:05,681.8,9599944071
T001353,C03805,S00901,23-12-2023 10:32,829.94,6596190377
T001354,C01629,S04532,27-06-2024 19:06,855.69,7796333903
T001355,C03068,S01861,26-07-2024 03:46,758.66,5751870634
T001356,C01497,S00344,12-09-2024 05:43,752.07,892204474
T001357,C00391,S02802,21-12-2023 03:53,1992.74,165975617
T001358,C04244,S03184,15-06-2025 00:59,1386.96,139003070
T001359,C04850,S03191,22-04-2024 14:34,173.89,9217906184
T001360,C02383,S02641,26-08-2025 12:17,737.4,8831485625
T001361,C02787,S02369,05-08-2024 06:44,1258.05,6789498797
T001362,C00188,S04614,18-04-2025 14:36,767.06,3638144169
T001363,C02361,S02558,19-02-2024 17:03,1960.7,1929289195
T001364,C04382,S03153,26-01-2024 03:54,1314.44,8186208883
T001365,C02705,S04616,27-04-2024 10:16,1342.1,8488915370
T001366,C02924,S01103,21-06-2025 12:16,994.72,5304059582
T001367,C04215,S02538,21-08-2024 09:52,1087.26,7933619933
T001368,C03987,S00723,27-11-2024 14:34,151.21,5836311171
T001369,C04337,S01659,18-12-2024 09:20,742.2,6299757870
T001370,C04037,S03839,08-03-2025 23:15,354.36,9750461902
T001371,C03642,S00017,25-06-2024 15:03,760.37,8504292834
T001372,C01895,S00575,22-06-2024 23:11,318.07,9986568392
T001373,C00840,S01883,01-09-2024 12:00,563.42,1248975307
T001374,C02478,S04442,18-04-2025 00:39,1133.36,1772865301
T001375,C04291,S01675,09-04-2025 13:44,1469.06,3498692828
T001376,C03211,S04770,21-09-2025 18:32,1096.27,3510186108
T001377,C04176,S02200,13-09-2024 21:16,718.74,5078596713
T001378,C01961,S04826,18-06-2024 21:42,830.27,4824848669
T001379,C01187,S02027,03-09-2025 05:59,91.89,105314624
T001380,C00395,S01121,22-04-2024 16:51,369.09,4964914091
T001381,C01272,S04998,03-03-2024 19:54,1260.64,303782947
T001382,C02694,S00516,20-07-2025 19:10,1842.92,1815334941
T001383,C01908,S04124,23-09-2025 05:49,1186.63,1644408436
T001384,C03503,S04091,13-09-2024 23:30,1697.41,972062856
T001385,C02227,S02601,11-06-2024 20:45,451.42,9631167564
T001386,C03903,S04114,04-08-2024 14:57,1287.63,2034485394
T001387,C02949,S00020,14-08-2025 03:57,318.73,569900903
T001388,C02081,S04967,18-08-2024 23:10,78.32,5325839245
T001389,C03147,S00613,27-04-2024 18:00,1042.14,9013894216
T001390,C03415,S00686,26-07-2025 02:19,237.77,7326420449
T001391,C04257,S02592,14-08-2024 08:10,1744.95,8220983863
T001392,C03292,S01315,25-09-2024 03:38,1218.9,4987634198
T001393,C04817,S04641,08-09-2024 02:02,212.64,7516467260
T001394,C00214,S02982,29-01-2024 07:48,433.77,6483275233
T001395,C02240,S01762,27-06-2024 12:56,1205.03,9338340415
T001396,C04304,S03183,06-03-2024 18:30,566.73,1116313960
T001397,C04150,S02546,16-10-2024 05:56,1491.5,2765087141
T001398,C04064,S04308,27-07-2024 13:56,79.54,6723383589
T001399,C01353,S04910,01-04-2024 01:19,700.99,1671681735
T001400,C02859,S02300,26-05-2025 06:37,498.19,142023811
T001401,C01174,S04363,05-03-2025 00:14,860.32,6080439191
T001402,C04495,S00044,24-03-2024 05:12,1051.59,2459024295
T001403,C04184,S04745,23-04-2025 17:06,1356.65,834968379
T001404,C01645,S04593,18-06-2024 06:50,1688.68,9265775153
T001405,C04939,S03612,06-05-2025 06:19,672.79,2651858056
T001406,C03688,S02855,04-07-2025 05:41,1765.34,822399408
T001407,C01496,S02164,30-07-2024 18:26,1317.21,8763677376
T001408,C03651,S04002,26-09-2025 19:22,525.03,9237531907
T001409,C02549,S01293,07-03-2025 02:26,287.06,3232929276
T001410,C00175,S02548,14-06-2025 01:15,540.78,3895542203
T001411,C01927,S03769,25-02-2024 23:54,404.44,4505230093
T001412,C04599,S03276,07-06-2024 08:03,917.34,336503425
T001413,C04711,S00409,17-08-2025 22:49,651.33,4272435545
T001414,C01196,S02167,16-07-2025 11:18,1352.84,3781073951
T001415,C00987,S00038,15-09-2024 22:34,789.66,3976515934
T001416,C03173,S02941,30-10-2024 20:14,1318.13,3727171547
T001417,C02828,S02280,17-12-2024 02:44,185.92,6681758766
T001418,C00791,S00621,13-10-2024 01:44,800.81,8856567080
T001419,C04909,S00419,05-08-2024 19:14,712.02,7257240483
T001420,C04904,S04162,31-08-2025 05:19,1527.41,976780996
T001421,C03693,S00569,08-10-2024 19:37,1891.99,5267771727
T001422,C02495,S04106,19-11-2024 12:18,783.02,8660136774
T001423,C02373,S03811,06-02-2024 19:36,365.16,8795570761
T001424,C02338,S02317,16-01-2025 05:55,1011.59,790902641
T001425,C01974,S04613,26-07-2024 18:18,195.01,4280091131
T001426,C02523,S01115,29-01-2024 01:33,79.6,5250404975
T001427,C02128,S00903,17-12-2024 02:14,890.96,4163402165
T001428,C02899,S03138,17-12-2024 17:32,1622.55,992437467
T001429,C03404,S00833,21-12-2023 02:32,1445.67,7419857202
T001430,C02444,S04379,27-07-2024 02:52,1959.38,703330568
T001431,C00472,S00900,27-06-2024 06:33,352.36,9983075794
T001432,C04168,S04359,02-12-2023 08:30,231.41,5763465030
T001433,C01425,S03548,27-09-2025 16:41,1783.42,1463894392
T001434,C04339,S00870,05-10-2025 01:02,134.06,5689021256
T001435,C04222,S01054,15-06-2025 23:21,210.86,5851388062
T001436,C04390,S00085,01-11-2025 23:05,930.22,605617454
T001437,C00737,S02613,28-07-2025 02:43,91.23,1659828618
T001438,C03632,S00873,05-12-2024 12:37,659.12,6016368177
T001439,C01327,S02382,10-12-2024 07:06,865.73,835645680
T001440,C02075,S01083,12-04-2024 03:23,1546.18,8936089302
T001441,C00879,S01708,01-03-2024 23:07,917.15,9801023481
T001442,C01793,S04359,21-11-2025 11:14,428.12,6877089199
T001443,C00349,S03588,30-03-2024 12:01,1496.86,5342433462
T001444,C03549,S02571,20-10-2025 01:04,587.39,5064970571
T001445,C03838,S03841,24-08-2025 13:19,1312.23,8283105776
T001446,C01806,S01638,25-04-2025 02:30,850.46,8969702382
T001447,C03995,S01160,12-01-2025 22:01,1566.18,9416687488
T001448,C02047,S02174,11-04-2024 22:42,984.14,7182858105
T001449,C00497,S04690,05-11-2025 03:14,873.44,4536620500
T001450,C04327,S03487,26-05-2024 15:40,52.14,7302155202
T001451,C00290,S01788,25-11-2023 05:40,585.31,1717622964
T001452,C00204,S00871,14-12-2023 00:05,1787.6,6494998223
T001453,C00030,S01567,06-06-2024 18:22,1346.55,9538549615
T001454,C02156,S03138,25-01-2024 15:56,1296.96,3252603338
T001455,C00904,S02907,26-10-2025 23:42,1272.13,6910596861
T001456,C03645,S03020,18-04-2024 13:19,1067.34,515604621
T001457,C02490,S00380,14-04-2024 20:57,1452.57,5238543379
T001458,C02185,S00375,20-05-2025 20:27,813.4,5725609462
T001459,C01966,S02375,13-12-2023 18:18,708.91,3098239005
T001460,C02820,S02490,30-12-2024 18:09,448.1,5940766508
T001461,C01158,S04249,27-02-2025 15:39,204.65,659213671
T001462,C02366,S01310,11-09-2025 17:05,1966.69,7570141522
T001463,C04630,S03107,30-08-2025 13:30,1837.38,2271819809
T001464,C00522,S00101,19-04-2024 09:21,669.03,8030030818
T001465,C02697,S01161,20-05-2024 02:10,235.03,5942921797
T001466,C03183,S02527,08-02-2025 13:53,1505.12,724018725
T001467,C00713,S04496,03-09-2025 20:35,269.28,7095114230
T001468,C02779,S00340,30-09-2024 14:29,1038.3,7905595537
T001469,C04069,S01493,31-05-2025 02:37,461.07,8514657143
T001470,C00641,S01412,18-02-2025 11:13,1397.19,8896829758
T001471,C00961,S03438,02-06-2025 14:28,1631.63,1000860751
T001472,C00756,S00359,30-03-2025 19:16,873.54,8167359414
T001473,C02435,S04194,20-11-2024 22:57,1055.58,878696054
T001474,C04985,S00548,03-09-2024 12:49,831.25,7116838442
T001475,C04978,S01282,07-03-2025 04:05,1928.94,7938812147
T001476,C03324,S02407,05-12-2023 01:32,1865.46,5153887355
T001477,C04261,S01528,16-06-2025 01:09,1363,2560205428
T001478,C02420,S03134,17-07-2025 06:59,1464.46,9922506634
T001479,C01726,S01490,05-11-2025 04:08,513.94,9107173347
T001480,C01732,S02023,14-08-2024 18:07,264.86,9822248451
T001481,C04485,S04004,16-01-2024 21:41,1804.92,9827612145
T001482,C02784,S04792,06-04-2025 07:41,1022.01,3333801698
T001483,C00758,S03429,29-05-2025 12:07,902.39,5813060182
T001484,C04409,S00638,06-06-2024 00:11,1590.24,8647101600
T001485,C00712,S03043,26-01-2025 15:47,1316.48,7070527748
T001486,C04947,S01005,14-05-2025 14:46,1597.97,9821117132
T001487,C04615,S03411,22-02-2024 16:42,1872.9,7439221960
T001488,C03501,S01278,15-06-2024 23:31,278.15,4614493023
T001489,C02994,S04892,29-07-2024 19:55,319.91,2128731106
T001490,C03909,S01346,18-04-2025 17:24,145.73,3325666591
T001491,C02695,S02556,16-04-2025 01:59,810.98,1230736200
T001492,C03350,S01705,20-10-2024 17:03,1397.42,3852674586
T001493,C00191,S04206,28-02-2024 21:21,1689.22,6106675389
T001494,C04886,S00105,11-04-2025 08:36,486.99,5202186632
T001495,C04677,S00906,23-03-2025 10:10,806.25,402429928
T001496,C02322,S04144,08-06-2025 22:37,1042.4,6340747353
T001497,C03619,S04209,31-12-2023 15:31,1375.94,4718578132
T001498,C04672,S01595,10-05-2024 20:58,314.02,2122214268
T001499,C01436,S01897,12-06-2025 05:17,1494.43,9914074950
T001500,C01238,S04791,23-03-2024 18:30,1550.66,7246542841
T001501,C00421,S04588,15-12-2024 01:08,1328.74,836298179
T001502,C00469,S04700,24-02-2025 19:12,701.37,57257642
T001503,C01031,S02927,26-05-2024 05:31,306.35,5518937874
T001504,C04237,S01328,19-08-2024 12:45,946.94,9447474254
T001505,C00915,S01436,22-09-2024 15:00,769.52,9460749554
T001506,C04216,S04942,11-12-2024 05:31,239.81,1860111403
T001507,C04142,S00210,21-06-2025 02:27,748.02,2730247796
T001508,C01780,S00467,06-10-2025 15:18,1298.29,5474284344
T001509,C03828,S03737,21-05-2024 21:29,694.16,5425464741
T001510,C00795,S03762,22-08-2024 00:09,1158.31,287685218
T001511,C03674,S03534,15-06-2024 05:55,1929.81,788286543
T001512,C03024,S00440,25-05-2024 22:02,696.4,191257432
T001513,C03051,S01661,07-03-2025 04:59,1889.75,5138744003
T001514,C01775,S03121,15-11-2025 09:37,77.13,8775797302
T001515,C03053,S03735,24-07-2024 19:35,801.96,735911227
T001516,C00274,S03100,29-12-2023 20:02,652.06,8164764596
T001517,C04676,S03297,28-06-2025 21:34,1597.3,4622233833
T001518,C03365,S03525,26-08-2025 01:04,306.84,4878532490
T001519,C00017,S03248,10-06-2024 21:54,255.46,6874863687
T001520,C02122,S04238,13-02-2024 09:40,1523.48,9038830245
T001521,C02130,S01968,11-08-2025 17:58,808.99,90624441
T001522,C03594,S03797,28-08-2025 19:07,1867.99,9178914244
T001523,C02291,S03923,04-10-2024 22:32,1330.72,2539937095
T001524,C00951,S04106,20-12-2024 05:15,1664.08,2687643072
T001525,C02341,S04544,04-09-2024 16:52,1004,67150700
T001526,C03845,S01246,01-02-2025 21:53,734.89,8261469208
T001527,C02464,S04529,17-07-2025 09:32,1482.06,2964669145
T001528,C02784,S04157,09-12-2023 12:44,1086.47,3451341103
T001529,C01740,S03645,04-12-2023 19:07,1631.79,9099909828
T001530,C04723,S00330,04-03-2025 02:23,1544.13,2105405909
T001531,C03560,S02599,11-01-2024 06:44,689.24,5471296404
T001532,C02858,S01887,11-12-2024 21:44,598.86,6028270005
T001533,C04292,S01638,15-04-2024 18:09,620.93,5689796511
T001534,C04140,S00776,20-10-2024 06:55,69.12,9314781265
T001535,C04288,S01136,12-04-2025 13:43,1219.2,3426352134
T001536,C01984,S03903,21-08-2025 04:47,1262.71,5440026916
T001537,C04716,S02456,19-08-2025 06:10,1887.04,910749043
T001538,C00790,S00807,08-06-2024 02:14,1323.3,4100666310
T001539,C02759,S03402,02-01-2024 19:18,352.97,8129439462
T001540,C02048,S03676,05-06-2025 05:19,1809.92,6740615798
T001541,C04844,S01816,29-09-2025 08:16,1881.2,929788059
T001542,C02777,S03473,14-05-2024 22:16,629.99,9184286163
T001543,C03857,S04173,21-06-2025 17:16,809.94,7746140632
T001544,C03294,S01916,28-02-2025 21:00,882.27,8132181951
T001545,C02207,S01645,04-10-2025 13:15,1082.93,776687694
T001546,C04636,S02305,25-02-2025 23:39,1352.56,2517107263
T001547,C02354,S02475,22-02-2025 05:55,884.42,2991504538
T001548,C01653,S02287,06-02-2024 17:55,1252.67,4976027661
T001549,C02193,S03831,22-03-2024 15:36,1777.81,6379826917
T001550,C03896,S01914,16-05-2024 07:19,1826.04,1637183855
T001551,C02671,S01007,16-11-2025 01:34,864.54,8911086491
T001552,C03608,S01698,30-08-2024 04:06,572.99,7632889017
T001553,C04659,S03890,26-11-2024 11:51,1635.38,1798643384
T001554,C04017,S02054,22-09-2025 13:29,577.27,3980547674
T001555,C04223,S04105,09-05-2024 13:04,1249.92,6449015243
T001556,C00851,S00756,17-10-2024 05:42,701.92,1294831237
T001557,C01717,S01389,25-08-2025 17:50,1934.11,8567418333
T001558,C00576,S03062,11-03-2025 17:45,839.39,2729731523
T001559,C02810,S04172,31-10-2025 16:38,1735.5,8474006535
T001560,C00726,S01565,02-12-2024 08:49,679.09,1771597127
T001561,C00905,S01412,15-12-2023 01:24,72.65,9874802345
T001562,C00207,S03209,30-06-2025 22:13,1543.15,2124295621
T001563,C04879,S00575,31-07-2024 07:22,1259.74,6956452793
T001564,C02576,S02051,01-01-2025 13:24,848.74,3860535312
T001565,C04462,S04733,09-04-2024 08:05,273.91,119092199
T001566,C02682,S00119,13-03-2024 09:05,1124.35,4384100749
T001567,C00643,S03366,13-07-2024 07:27,814.75,5468062292
T001568,C03096,S02393,14-02-2025 02:04,1834.88,8681810752
T001569,C01568,S04691,02-12-2024 00:09,1571.86,1458427801
T001570,C04113,S02811,13-05-2024 16:11,1229.12,1505674265
T001571,C02781,S03356,09-12-2024 22:48,1549.98,3185138736
T001572,C00328,S01217,01-04-2024 09:23,1472.68,4933888640
T001573,C03722,S04936,29-04-2024 23:46,434.63,3388501056
T001574,C01380,S04152,20-04-2025 11:59,214.55,2014381115
T001575,C04739,S03394,27-06-2025 11:25,1536.38,6725907729
T001576,C00687,S01246,10-07-2024 14:47,1512.23,986547683
T001577,C02313,S00145,20-03-2025 10:52,137.41,1456507832
T001578,C03942,S00214,22-03-2024 15:00,1086.62,2406165906
T001579,C03043,S00114,05-09-2024 13:18,496.63,8973300798
T001580,C03961,S03180,06-06-2024 17:46,181.36,5519002028
T001581,C02691,S01395,23-10-2025 10:02,537.4,2145417921
T001582,C02244,S00094,23-08-2025 14:54,788.46,8052354838
T001583,C00381,S02522,28-03-2025 00:03,838.71,7792814398
T001584,C00059,S04974,03-01-2025 17:19,1584.18,2475720526
T001585,C00756,S00378,08-08-2025 04:07,1087.32,7371570036
T001586,C01232,S04552,12-12-2024 04:34,909.16,8685983096
T001587,C00547,S01939,20-05-2025 00:10,81.12,5641489979
T001588,C04324,S03546,26-07-2024 03:54,1932.03,7806241476
T001589,C00936,S01783,25-06-2025 00:45,299.02,2845004064
T001590,C04487,S02873,23-01-2024 16:10,519.45,2632824564
T001591,C00969,S04272,19-01-2025 11:41,821.38,51087577
T001592,C03653,S04836,05-04-2025 12:18,1098.51,857756689
T001593,C02128,S00669,04-02-2024 22:31,987.93,5092825444
T001594,C01817,S00675,25-04-2025 23:32,769.98,6673158105
T001595,C03860,S00131,18-09-2025 11:00,266.88,6343000128
T001596,C03945,S00118,06-02-2024 19:33,1397.69,2440063782
T001597,C01943,S02686,25-09-2024 02:47,501.12,7851618714
T001598,C04096,S02171,12-09-2024 10:04,259.12,5616505065
T001599,C02781,S02291,16-09-2024 09:09,400.82,7148653619
T001600,C01539,S03192,12-04-2025 01:58,892.67,853102506
T001601,C02652,S02624,23-04-2024 01:52,695.06,3971378317
T001602,C01740,S04142,17-06-2024 10:53,721.94,6808720528
T001603,C01997,S03720,26-03-2024 09:27,1653.47,8165248368
T001604,C03925,S03007,30-03-2025 16:15,738.07,4393468874
T001605,C04620,S00030,07-03-2025 20:58,266.87,2695140284
T001606,C03649,S01399,31-12-2023 01:54,933.85,4599851202
T001607,C04992,S03615,09-11-2024 12:44,1519.68,8459443950
T001608,C03478,S00719,20-08-2025 20:22,1289.28,6822479144
T001609,C00835,S02107,03-09-2024 22:27,454.55,4449596783
T001610,C01982,S02594,25-01-2025 10:56,1236.11,697353765
T001611,C00999,S01074,19-08-2024 21:24,1872.65,6163368087
T001612,C01025,S04051,13-04-2025 20:33,1531.28,2586462480
T001613,C00332,S04484,17-08-2024 21:34,1101.13,966466601
T001614,C02809,S01732,20-06-2025 19:07,927.22,7901498210
T001615,C00138,S01394,30-03-2024 16:01,1349.97,3164417707
T001616,C03002,S01968,25-03-2024 03:07,257.36,6683013852
T001617,C02933,S02230,14-10-2025 10:06,1696.04,6197196674
T001618,C03283,S01226,15-07-2024 04:04,831.88,643996038
T001619,C02923,S02485,11-09-2024 18:53,1839.29,1049451873
T001620,C04269,S02361,09-06-2025 03:39,515.64,1861952302
T001621,C00605,S02745,02-02-2025 09:59,1309.39,1590449090
T001622,C00451,S02051,23-01-2025 12:59,1652.87,2736905150
T001623,C04734,S03468,08-02-2025 11:02,270.66,6234023726
T001624,C03514,S00105,06-02-2025 18:02,310.09,4813594603
T001625,C03366,S01382,21-09-2025 13:25,1874.13,1763738550
T001626,C03259,S02631,18-05-2025 06:19,1988.49,7152077054
T001627,C02363,S02521,09-03-2024 06:41,1440.63,6616440011
T001628,C00031,S00621,03-08-2025 01:01,1871.13,889769257
T001629,C02464,S02969,25-08-2025 12:38,751.76,6533440164
T001630,C01132,S04589,11-01-2025 15:02,1513.02,3224430806
T001631,C03363,S03116,14-12-2023 06:36,652.85,5951672668
T001632,C01023,S00508,11-03-2025 19:38,991.06,1831116655
T001633,C00495,S02224,11-05-2025 03:44,120.48,7557122186
T001634,C01467,S04680,28-06-2025 16:03,1814.87,4379376169
T001635,C03526,S01719,30-09-2024 07:28,89.49,8432486780
T001636,C03185,S03821,01-11-2024 11:05,518.62,5825532592
T001637,C00874,S01174,19-05-2024 22:25,1902.39,2394216704
T001638,C03285,S01112,15-07-2025 23:40,1385.97,3735829294
T001639,C00360,S00423,01-09-2024 10:21,1147.42,5411234939
T001640,C00211,S02429,06-09-2025 08:32,1240.99,3433648204
T001641,C00086,S00669,02-06-2025 16:11,124.38,1717919921
T001642,C01934,S04964,09-07-2025 00:39,1442.23,2468004263
T001643,C02584,S03918,28-01-2024 01:04,201.28,854099848
T001644,C03312,S04888,05-01-2025 18:49,1055.53,6784910094
T001645,C00935,S02223,12-11-2025 10:57,1737.04,6340795918
T001646,C01622,S04827,22-03-2024 21:23,1479.77,8476750658
T001647,C00505,S03423,23-01-2025 10:57,275.64,8052534227
T001648,C00937,S04847,06-01-2025 18:16,1945.04,8112576193
T001649,C04817,S04017,03-06-2024 12:02,1956.71,2948882899
T001650,C04428,S02079,02-03-2025 19:14,904.54,7496019209
T001651,C04343,S02507,19-03-2025 22:03,119.81,9532973151
T001652,C01298,S03181,22-02-2024 06:57,265.05,8554338615
T001653,C04010,S04858,01-01-2025 15:10,1776.01,7449663321
T001654,C02963,S04523,16-08-2025 14:32,179.36,2464626594
T001655,C02459,S01171,01-12-2023 08:32,504.16,1314848547
T001656,C03118,S01676,10-03-2024 03:41,633.29,967842324
T001657,C04847,S01551,15-01-2025 23:04,336.99,1354256522
T001658,C04566,S00584,19-06-2024 10:02,971.62,5929207036
T001659,C02427,S04676,12-07-2024 08:14,299.5,912993312
T001660,C04851,S02159,05-04-2025 11:38,938.89,3950347869
T001661,C02512,S02425,08-10-2025 00:55,449.33,5543767335
T001662,C03369,S04619,21-02-2025 10:33,1487.55,4768119854
T001663,C04473,S04450,26-09-2025 14:09,1945.19,6214434694
T001664,C03421,S00626,26-09-2024 12:24,1628.37,1470101781
T001665,C03755,S00484,25-02-2024 12:59,1414.04,869766854
T001666,C02874,S00555,08-05-2025 07:53,1262.68,5777879947
T001667,C03940,S03594,18-07-2024 16:28,1477.85,6171946966
T001668,C01193,S02911,12-03-2025 20:43,1124.81,5382511819
T001669,C03226,S04179,11-10-2024 19:50,1885.76,8733228247
T001670,C04409,S00035,09-11-2025 04:22,1108.28,4872776067
T001671,C03403,S02478,22-03-2024 03:55,79.49,2745113181
T001672,C04562,S00557,21-08-2024 19:54,436.77,590472778
T001673,C01503,S00587,22-06-2024 10:47,380.29,3213521826
T001674,C01245,S00613,27-12-2023 15:09,1212.93,6720163638
T001675,C01395,S04940,04-05-2024 12:09,1873.68,6433539106
T001676,C02011,S03157,08-05-2025 20:38,146.41,4530042900
T001677,C03003,S03065,04-11-2025 01:22,436.92,2335658658
T001678,C04897,S03006,10-01-2024 05:15,1226.59,679818537
T001679,C03890,S04146,12-09-2025 01:25,1359.57,4074406366
T001680,C00245,S04271,11-11-2024 12:52,1215.7,7929370957
T001681,C04917,S01309,01-03-2024 03:53,350.62,1347546500
T001682,C00753,S02075,07-04-2024 14:10,926.19,6827080811
T001683,C00541,S04114,21-04-2025 06:58,456.54,4838370266
T001684,C03120,S02672,26-03-2025 22:57,1224.54,1772477490
T001685,C02583,S04234,30-03-2025 13:38,993.94,4967290837
T001686,C04563,S00933,18-06-2025 17:07,1802.86,3611159762
T001687,C03935,S00350,26-08-2025 16:03,1539,6678420543
T001688,C04142,S03428,08-07-2025 10:27,1597.72,7846489393
T001689,C00157,S02118,25-04-2024 11:41,1663.87,8410822837
T001690,C03100,S00535,09-12-2023 23:17,503.49,5185728068
T001691,C00135,S04267,17-01-2025 14:55,759.69,2483600439
T001692,C03009,S04120,02-03-2024 11:55,1374.98,479501172
T001693,C04257,S00391,07-04-2024 22:32,612.06,92873954
T001694,C01903,S04976,15-06-2025 20:24,323.18,3507425959
T001695,C04166,S01216,25-11-2024 19:34,280.35,5742578303
T001696,C02805,S03467,03-07-2024 15:17,1511.69,3836017635
T001697,C03679,S00523,28-06-2025 17:45,1512.84,65768148
T001698,C01059,S02351,12-07-2025 13:27,1146.66,3909612519
T001699,C04979,S03692,23-11-2024 01:38,974.16,5308897613
T001700,C02323,S01958,03-02-2025 04:11,1722.99,4379067360
T001701,C01139,S03093,01-05-2024 13:05,54.89,3134621190
T001702,C04361,S03704,24-03-2024 01:17,1100.89,2803723073
T001703,C04423,S01014,28-11-2023 21:32,1963.88,7369079023
T001704,C00246,S00042,11-06-2025 05:45,1899.75,7912840735
T001705,C03701,S02246,13-06-2024 23:39,1731.24,5321792272
T001706,C04434,S04603,07-04-2025 05:00,782.52,2096412058
T001707,C04371,S00125,13-03-2024 09:04,1629.91,8722526755
T001708,C00390,S00245,23-10-2025 00:56,573.99,4296726645
T001709,C01053,S01551,02-08-2024 13:00,1850.72,1497496719
T001710,C00069,S04636,05-07-2024 17:31,1412.34,8648067388
T001711,C03198,S02258,15-11-2024 15:21,1653.76,4111195770
T001712,C01079,S00693,23-06-2025 09:38,1689.87,6068877286
T001713,C01451,S02587,05-06-2024 23:43,1935.35,6944084355
T001714,C01118,S00999,15-12-2023 10:15,1860.29,4163929391
T001715,C03655,S02277,21-10-2025 08:04,1066.6,2653390370
T001716,C01176,S00585,13-02-2024 09:54,470.03,8953339923
T001717,C02642,S02125,09-04-2024 15:52,65.87,2659533646
T001718,C04927,S03453,29-09-2025 11:02,1721.91,1258622014
T001719,C02745,S00082,01-02-2024 00:38,1179.21,4032309329
T001720,C02218,S00542,14-03-2025 23:35,1507.42,2463110950
T001721,C00761,S04713,04-10-2025 10:23,399.65,889318994
T001722,C01350,S00250,22-01-2024 11:18,278.48,2530354105
T001723,C04576,S03652,07-09-2025 08:31,778.27,9260921678
T001724,C00486,S04879,27-09-2024 03:30,1083.53,9823661332
T001725,C00057,S01496,09-05-2024 23:34,1421.96,8195484963
T001726,C02494,S01738,06-11-2024 20:08,485.4,2368750840
T001727,C04324,S01624,14-04-2025 10:06,1685.35,2866034381
T001728,C03879,S01405,12-04-2025 09:56,1758.78,9367930315
T001729,C04782,S03224,23-05-2025 11:07,481.63,4843974137
T001730,C00348,S03253,02-01-2025 17:12,1995.85,2403300532
T001731,C02175,S01730,23-10-2025 19:44,137.77,7624409286
T001732,C04462,S02460,21-07-2024 15:16,1329.76,4146279265
T001733,C02470,S00379,24-02-2025 06:41,1835.78,3920654124
T001734,C02447,S01362,11-09-2024 13:46,1060.92,6836623560
T001735,C01932,S03422,30-12-2023 20:56,949.84,1742642818
T001736,C02414,S04025,03-03-2025 22:12,597.24,2508885867
T001737,C03547,S03404,20-06-2024 03:04,1221.53,3041189613
T001738,C00128,S03114,22-05-2024 14:04,1050.78,6868412246
T001739,C03284,S02660,06-07-2025 04:00,1657.86,6656588946
T001740,C04431,S01618,01-04-2024 16:39,349.55,8316988340
T001741,C01214,S01328,09-11-2024 10:55,1889.42,4668914443
T001742,C03395,S01782,03-06-2024 09:39,486.99,2974859158
T001743,C00949,S04822,10-08-2024 01:28,1117.91,1220228117
T001744,C04809,S04918,22-04-2024 21:05,1406.28,9487925613
T001745,C03191,S01872,30-07-2025 13:23,689.57,9590318938
T001746,C02460,S04234,29-01-2025 12:26,162.7,2081871446
T001747,C01653,S03975,30-08-2025 15:27,1242.87,9839944353
T001748,C04699,S04170,01-10-2025 06:15,1009.53,6538845380
T001749,C02016,S02578,07-02-2024 05:34,1304.03,4389512782
T001750,C04651,S04641,28-03-2025 04:02,1896.4,7068705542
T001751,C03571,S03406,30-06-2025 18:15,170.38,7184492470
T001752,C02511,S00840,09-05-2025 15:12,1963.51,2581622104
T001753,C00297,S02145,31-12-2024 11:23,1236.16,3349124344
T001754,C00676,S04752,16-11-2025 10:23,1416.22,5204045601
T001755,C04305,S01747,25-05-2025 14:15,771.82,2461248104
T001756,C01120,S03965,27-02-2025 20:52,1803.32,3079790957
T001757,C04239,S02274,03-06-2025 01:49,184.79,3878241520
T001758,C01152,S02796,08-02-2025 00:18,1719.02,3208283814
T001759,C03854,S01495,22-01-2025 14:18,1404.01,2006746131
T001760,C04245,S02440,09-08-2024 04:52,463.14,4556438943
T001761,C00192,S04269,25-07-2025 22:05,422,6163641125
T001762,C02996,S04428,09-12-2023 22:31,1293.47,5711296009
T001763,C04070,S03766,07-03-2025 18:49,1633.89,7950278612
T001764,C00421,S00133,09-09-2024 02:38,290.95,4521493731
T001765,C00108,S04400,01-05-2025 01:48,791.86,6412870834
T001766,C04892,S00743,22-01-2024 11:28,595.58,2535828707
T001767,C04051,S02629,12-05-2025 02:57,1315.75,7265079258
T001768,C00534,S04066,28-07-2024 15:18,776.68,7880661446
T001769,C02526,S01892,01-10-2024 16:23,1470.67,7819892635
T001770,C00048,S02262,28-02-2025 20:40,1089.52,587236659
T001771,C03543,S04540,13-11-2024 03:33,500.24,1431812500
T001772,C04881,S02388,20-03-2025 16:37,691.73,4701753300
T001773,C02726,S01969,08-09-2025 11:38,288.61,567269034
T001774,C04709,S03619,12-03-2024 01:15,53.13,605216971
T001775,C00856,S00064,06-02-2024 15:43,1884.94,2926743311
T001776,C00705,S00872,18-06-2025 11:59,1168.04,5490076276
T001777,C01024,S00517,14-02-2024 17:46,356.52,3375155954
T001778,C01221,S01488,06-02-2024 10:47,538.02,4470680734
T001779,C03837,S04037,11-03-2024 09:03,1354.66,5302306361
T001780,C03078,S02087,02-06-2024 02:57,569.14,7728138742
T001781,C01496,S04967,25-11-2024 16:39,865.95,2032455744
T001782,C01809,S02668,27-07-2025 10:42,818.28,4278763802
T001783,C04318,S02251,01-12-2023 10:26,851.38,4182170723
T001784,C03157,S04224,04-04-2025 12:59,1826.23,5821108178
T001785,C02230,S04752,17-04-2025 13:52,1288.83,8469496833
T001786,C04263,S03630,03-12-2023 23:27,1785.31,8073083368
T001787,C03775,S00085,04-11-2025 06:56,574.23,8076586838
T001788,C01157,S02217,10-04-2025 04:00,1831.45,7611437719
T001789,C02533,S00833,02-04-2025 07:08,157,7095829908
T001790,C00035,S02666,12-02-2025 00:53,1854.07,9090995893
T001791,C03888,S03517,25-05-2025 04:24,475.91,6663141026
T001792,C01778,S01175,27-04-2024 13:33,285.03,5557237847
T001793,C04842,S02635,01-07-2024 20:56,280.4,2641163138
T001794,C03070,S01032,10-02-2024 23:05,1307.7,9828378855
T001795,C03491,S04024,29-11-2023 19:04,330.97,9933877578
T001796,C00796,S03002,01-09-2025 22:49,380.84,4707982979
T001797,C02839,S01750,03-11-2025 16:22,1501.46,4185363546
T001798,C02174,S03007,05-03-2025 04:23,777.11,9394555541
T001799,C02476,S00287,01-02-2024 07:34,846.66,4372902390
T001800,C04759,S04669,06-03-2025 02:45,1356.29,9031786769
T001801,C00373,S02690,04-04-2025 03:40,1597.64,4459903395
T001802,C02578,S02236,27-03-2025 07:47,1895.75,914629836
T001803,C01404,S03921,06-04-2025 08:45,65.67,9756423492
T001804,C03834,S00833,16-07-2025 09:46,128.75,5510258585
T001805,C00584,S00957,03-09-2024 10:20,457.47,8055529707
T001806,C02502,S04270,28-05-2025 05:40,618.98,9057176276
T001807,C02518,S03607,17-10-2025 09:36,151.79,2172854878
T001808,C02915,S00153,14-07-2025 05:07,1678.96,9668858291
T001809,C03268,S04438,11-08-2024 21:53,158.2,6699418676
T001810,C02790,S04079,08-07-2024 20:09,1639.13,7645540304
T001811,C02185,S03018,19-02-2024 01:27,1347.19,4612331024
T001812,C00362,S02920,08-10-2024 20:34,1168.1,3613197259
T001813,C04008,S03602,07-10-2024 10:29,1983.56,1257736829
T001814,C02460,S02833,12-10-2024 10:54,390.27,7662452361
T001815,C01394,S01976,05-04-2025 11:41,685.89,8673592729
T001816,C02221,S01734,05-10-2024 20:19,949.28,964064815
T001817,C01962,S00786,13-08-2025 03:03,1252.13,3877340949
T001818,C04253,S03649,15-08-2025 15:02,266.77,8130374265
T001819,C01770,S02750,10-10-2025 02:08,851.48,5158477739
T001820,C01664,S01266,01-12-2023 03:02,1278.66,5790786733
T001821,C01652,S01365,30-11-2024 10:46,1724.89,9672495156
T001822,C00606,S03404,07-03-2025 22:23,264.62,533276303
T001823,C01245,S00479,23-05-2024 05:48,890.8,9165234593
T001824,C03484,S01924,01-04-2025 18:34,1717.09,2623527049
T001825,C04241,S01637,17-02-2025 01:57,668.29,2231524462
T001826,C02803,S02530,25-06-2024 21:16,1651.67,7495236798
T001827,C04870,S04029,27-02-2024 21:03,917.95,8999265649
T001828,C01451,S00121,08-10-2025 03:45,885.85,4745222519
T001829,C04659,S02099,30-08-2024 14:27,975.1,8640036116
T001830,C01052,S04626,05-08-2025 18:00,89.2,4089043393
T001831,C03394,S01080,08-02-2025 23:38,727.46,5527263942
T001832,C01095,S04224,12-11-2024 13:54,1869.5,239292266
T001833,C01520,S01572,03-03-2024 00:31,1291.17,5861232860
T001834,C02358,S03298,11-01-2025 05:45,1082.2,2466641292
T001835,C00939,S01757,25-08-2025 06:03,740.81,7554735876
T001836,C00765,S01701,21-05-2024 02:43,1998.16,1352918106
T001837,C03514,S04745,22-10-2025 02:41,946.1,8293439410
T001838,C03021,S00959,08-09-2025 04:11,1796.25,5419526513
T001839,C02521,S00816,07-02-2024 21:54,1646.72,4411753141
T001840,C04378,S02076,17-10-2025 22:52,498.41,6963439708
T001841,C01783,S01913,16-03-2024 13:06,1744.81,1472185429
T001842,C03960,S01023,08-09-2025 05:48,1679.68,5714524899
T001843,C01903,S04145,09-07-2024 20:07,703.78,8367374878
T001844,C00932,S00993,14-05-2025 23:03,1072.42,740434792
T001845,C02990,S02481,16-10-2025 09:17,1038.15,7554810853
T001846,C01433,S02669,15-02-2025 15:29,609.27,8486534368
T001847,C02581,S02936,29-04-2024 02:55,158.54,554463462
T001848,C00996,S04430,12-04-2024 05:16,1656.9,4061577521
T001849,C03690,S02018,16-05-2025 02:01,846.53,8377372851
T001850,C01578,S04625,02-09-2024 16:10,1072.79,9310307583
T001851,C04451,S00001,07-10-2024 10:04,1362.34,3956484545
T001852,C00580,S04164,29-06-2025 07:02,1569.39,2837875886
T001853,C00831,S04044,21-07-2024 00:15,1359.31,9559834739
T001854,C03638,S03474,08-07-2025 09:36,851.84,9339406193
T001855,C00467,S00249,07-12-2023 15:37,1600.59,1426315204
T001856,C03426,S02825,08-11-2024 06:15,1203.46,2869466119
T001857,C03840,S04126,30-10-2024 01:21,1744.94,6544153507
T001858,C03531,S00765,22-02-2025 21:06,1051.52,9430248230
T001859,C04260,S02945,18-06-2024 14:11,1148.87,50853118
T001860,C04560,S04107,13-08-2025 13:27,1592.65,2281268221
T001861,C00345,S02309,13-12-2024 13:25,276.38,6819699165
T001862,C03900,S02539,19-09-2025 20:34,1217.23,220635853
T001863,C01660,S02189,27-05-2024 02:18,136.17,3946125524
T001864,C03118,S01748,19-04-2025 01:53,1655.84,5643956758
T001865,C03643,S00205,23-07-2025 05:09,1933.54,541434018
T001866,C01019,S00375,04-08-2024 12:35,947.84,3954332855
T001867,C00050,S02407,04-08-2025 08:50,902.71,8634758568
T001868,C02615,S02808,22-06-2024 02:14,414.27,786541995
T001869,C03829,S03176,19-02-2025 20:42,537.62,6532058113
T001870,C04074,S04897,29-02-2024 15:09,1341.86,7498776424
T001871,C00358,S00261,13-01-2025 10:50,1731.2,6023183624
T001872,C01641,S00516,16-06-2025 09:51,1850.1,4942577249
T001873,C02431,S00178,02-07-2025 03:43,779.59,4145660941
T001874,C03647,S02636,06-07-2025 07:00,186.92,4054061594
T001875,C04826,S03606,04-11-2024 12:17,951.53,256260773
T001876,C01000,S00919,28-09-2025 12:42,361.04,6906498108
T001877,C02541,S04900,17-05-2025 00:34,212.63,9559522544
T001878,C03563,S01100,27-05-2025 11:30,345.18,9911581149
T001879,C00512,S03838,02-08-2025 19:36,190.13,9371505068
T001880,C04386,S03998,21-03-2025 22:48,1733.88,7776994376
T001881,C02271,S04595,16-12-2024 18:47,409.42,4315969122
T001882,C02326,S01269,25-09-2024 06:36,1194.89,7535488337
T001883,C02178,S04673,19-03-2024 08:24,1364.47,6329743023
T001884,C01142,S02540,22-03-2025 09:47,1335.66,3720241292
T001885,C03519,S01883,29-11-2023 00:33,1643.89,7565135102
T001886,C00974,S04591,25-02-2025 20:39,479.21,366397886
T001887,C00211,S03433,30-05-2024 23:30,1210.88,5767383742
T001888,C00693,S04456,05-05-2024 05:43,642.44,2774667097
T001889,C04600,S02352,01-06-2025 07:15,1724.25,260353202
T001890,C04593,S03923,21-02-2025 14:13,403.89,8900199782
T001891,C00423,S04634,25-02-2025 12:05,1430.48,1769173829
T001892,C01161,S00239,17-01-2024 16:13,1697.55,6644331959
T001893,C01019,S00579,13-06-2024 07:38,911.1,4674360147
T001894,C01914,S03960,02-04-2024 12:48,121.23,4688600249
T001895,C03065,S01047,28-10-2024 03:22,1514.01,9065184398
T001896,C02155,S04282,22-05-2024 03:10,608.11,9754790734
T001897,C02224,S02465,28-01-2024 15:12,1191.2,1925662317
T001898,C00354,S04208,03-05-2024 10:17,220.11,2909494403
T001899,C02550,S00311,26-02-2024 07:49,1803.62,770440500
T001900,C00713,S01710,08-01-2024 11:45,136.12,3958393994
T001901,C04799,S03232,05-11-2025 02:01,1700.62,885002393
T001902,C00686,S00790,07-04-2025 01:59,1832.95,272725708
T001903,C03365,S04609,22-10-2025 12:00,1093.66,2640399813
T001904,C00519,S01438,30-01-2024 09:27,465.19,2541310745
T001905,C00525,S04055,09-12-2024 17:11,1452.69,3253074108
T001906,C01619,S01021,18-09-2025 15:21,1125.88,7707866534
T001907,C00365,S00374,03-04-2025 03:32,1719.04,5802999006
T001908,C04722,S00895,17-12-2024 05:43,735.17,7362438971
T001909,C02079,S03261,27-12-2024 15:44,296.62,4753391707
T001910,C04010,S04993,31-07-2024 16:42,1776.35,2188542513
T001911,C04571,S03114,23-06-2024 10:56,822.63,2616616095
T001912,C02167,S01698,15-06-2024 14:34,1740.02,8804547021
T001913,C04737,S01604,31-07-2024 09:11,602.68,1255257724
T001914,C02193,S01673,09-08-2025 10:35,1209.07,4083558992
T001915,C03529,S02605,26-08-2025 04:29,1891.62,1493163376
T001916,C04328,S04878,04-08-2025 08:18,1755.97,2759647601
T001917,C00050,S02155,30-04-2025 12:36,524.27,782152293
T001918,C02963,S01256,02-05-2025 19:00,1608.23,7189405155
T001919,C02408,S02766,24-12-2024 13:44,1090.75,162084864
T001920,C02542,S02562,09-03-2025 22:09,1154.87,9938134785
T001921,C03488,S03494,17-03-2025 22:56,1503,2211315075
T001922,C02926,S00512,22-08-2024 04:08,1657.05,6050152274
T001923,C01122,S01122,27-07-2025 14:20,229.02,2827119881
T001924,C03160,S04415,13-04-2025 01:47,1267.99,9335892660
T001925,C03284,S01500,13-11-2025 12:33,1231.04,640106795
T001926,C02965,S03497,05-07-2024 21:21,1181.22,2027575066
T001927,C03413,S02759,11-06-2025 15:36,824.21,4326795850
T001928,C04330,S00165,10-02-2024 18:22,289.76,9022653885
T001929,C01250,S01034,26-01-2025 23:24,1544.46,3008875740
T001930,C00189,S02385,18-07-2025 08:27,157.27,3062265483
T001931,C03161,S02212,21-10-2024 21:29,1322.79,1677545620
T001932,C03718,S04576,05-10-2024 05:28,64.16,6758503920
T001933,C02470,S00505,03-10-2024 21:30,1194.09,4584453509
T001934,C01806,S00769,29-07-2025 01:02,991.07,3319420708
T001935,C00807,S03241,20-10-2024 18:21,1212.55,6422892183
T001936,C02662,S01140,01-01-2025 09:29,940.27,5659152744
T001937,C01964,S03899,27-07-2025 08:54,963.03,29677725
T001938,C01546,S04780,21-06-2025 22:51,995.2,4801540374
T001939,C01715,S00441,15-02-2025 19:47,1811.1,7556329710
T001940,C03813,S04033,02-06-2025 01:53,922.72,1648416620
T001941,C04980,S00385,29-12-2024 00:21,1597.81,5355725463
T001942,C04235,S04546,19-10-2025 20:48,738.07,447976962
T001943,C02918,S02648,20-10-2025 21:37,341.9,780087122
T001944,C04798,S01740,31-12-2024 04:40,795.16,1832953831
T001945,C03887,S03409,18-07-2024 22:27,1965.55,6705390334
T001946,C03168,S01824,28-01-2024 06:03,1679.58,6407945044
T001947,C02279,S00326,15-09-2024 09:40,1973.5,4466995993
T001948,C03012,S04551,13-04-2024 20:15,81.98,241917444
T001949,C00689,S00222,13-09-2024 06:31,1364.85,6682113661
T001950,C03694,S04804,04-09-2024 11:48,778.01,1608017220
T001951,C04629,S00172,25-12-2023 20:21,216.03,7483730204
T001952,C00378,S03292,28-11-2023 04:59,1699.68,6149904194
T001953,C03568,S02933,03-04-2025 19:19,362.81,1883453060
T001954,C02676,S01814,03-05-2025 02:09,944.68,1348100186
T001955,C00595,S02501,08-07-2024 10:05,1870.51,1986723808
T001956,C00707,S04542,17-09-2024 02:02,1660.28,2838392305
T001957,C00393,S01438,26-08-2025 23:32,105.83,1752075699
T001958,C04837,S04546,18-12-2024 20:47,778.64,6490178804
T001959,C02236,S01402,22-09-2025 07:13,1155.42,1409679062
T001960,C03790,S03619,05-10-2024 10:41,1044.13,8626182221
T001961,C02662,S04917,16-02-2025 23:51,1538.5,1425230333
T001962,C02086,S00963,16-01-2025 09:50,860.09,4316485808
T001963,C04131,S03023,25-09-2025 20:01,1743.57,129501475
T001964,C04051,S01246,24-02-2025 15:41,1391.35,1779416073
T001965,C03939,S02937,10-08-2025 15:19,1426.7,5719934692
T001966,C02510,S04729,12-10-2024 23:21,1838.09,7745476889
T001967,C03627,S01229,31-12-2024 03:31,1057.26,9158393532
T001968,C01687,S01334,04-12-2023 08:32,1594.15,4736282597
T001969,C00592,S02276,03-07-2024 22:43,1119.55,3173883664
T001970,C02777,S03567,31-03-2024 06:41,1391.84,4078811089
T001971,C03430,S03136,04-07-2025 10:45,558.13,4982482325
T001972,C03408,S04601,25-08-2024 23:38,1415.63,8334054560
T001973,C04887,S04095,26-06-2024 23:53,1475.77,9330924181
T001974,C04840,S01929,13-10-2025 23:43,851.46,6511848427
T001975,C01502,S01155,17-03-2025 18:11,1820.27,608005402
T001976,C00901,S01317,30-08-2025 11:50,1856.02,1388608973
T001977,C02317,S02249,23-01-2024 05:00,113.82,6956549038
T001978,C04522,S04816,11-01-2025 00:20,518.44,9208637530
T001979,C00833,S02639,27-11-2024 17:55,846.14,4016972146
T001980,C01347,S02667,31-12-2024 00:34,559.13,5091205460
T001981,C00251,S00494,03-08-2025 01:54,1723.71,5145383338
T001982,C02100,S03319,01-10-2025 11:57,635.22,2946992733
T001983,C00388,S03810,08-08-2024 22:05,283.82,6231578893
T001984,C02390,S04908,22-01-2024 10:29,727.85,856361230
T001985,C03146,S04170,05-02-2024 21:39,1917.21,8811435744
T001986,C03276,S04542,04-06-2025 23:00,782.21,8836699730
T001987,C00026,S02211,03-02-2025 07:43,1098.54,7813086436
T001988,C03862,S04729,22-02-2025 07:30,602.99,5744730813
T001989,C01047,S03761,03-02-2024 04:51,77.76,9456276007
T001990,C01978,S04789,09-11-2024 08:51,1285.79,7383663155
T001991,C03703,S01980,16-06-2025 19:32,655,2319330191
T001992,C01355,S03314,08-04-2024 00:44,1441.65,6260880460
T001993,C01378,S00508,16-10-2025 03:05,1840.56,7328131943
T001994,C03209,S04360,24-02-2025 04:30,614.94,8595866051
T001995,C00183,S04475,30-11-2023 07:28,1211.44,8283935418
T001996,C02083,S02198,17-11-2025 22:26,1511.82,5667565167
T001997,C03866,S03604,15-04-2024 23:46,1735.53,5262770147
T001998,C02922,S00509,18-01-2025 01:13,311.15,1778273745
T001999,C01367,S03451,06-08-2025 11:11,541.49,7137024890
T002000,C02808,S04320,20-04-2025 09:51,1812.9,5171478909
T002001,C03358,S04938,07-07-2025 08:20,539.45,8977260709
T002002,C04053,S02737,25-09-2025 09:57,858.01,4463841442
T002003,C04564,S00894,30-05-2024 22:45,1251.72,8213894588
T002004,C03248,S02358,18-01-2024 20:15,1341.05,3989043607
T002005,C03991,S02840,18-06-2024 06:49,1470.09,2804337446
T002006,C02588,S02999,05-06-2025 13:16,1000.38,9911025313
T002007,C02029,S02919,20-04-2024 02:19,411.28,855028164
T002008,C04043,S02087,01-09-2024 12:59,1698.6,9811370650
T002009,C04681,S03263,21-03-2024 10:53,251.74,2782313883
T002010,C02271,S01527,13-04-2025 03:22,1429.36,2413778196
T002011,C01884,S03325,23-03-2024 18:40,1482.64,7515875257
T002012,C04982,S03006,01-12-2023 02:00,758.65,5795665192
T002013,C01853,S00035,13-07-2024 19:00,1171.2,246698261
T002014,C04699,S02779,28-12-2023 11:35,1934.12,2443345569
T002015,C03406,S01608,13-06-2024 10:58,1724.94,2909754160
T002016,C02469,S04182,17-06-2025 15:34,1417,9672236607
T002017,C01405,S02235,08-12-2024 19:07,1771.51,8717025254
T002018,C03566,S03501,27-07-2024 03:08,929.73,9424560354
T002019,C02361,S01327,24-11-2024 21:35,862.39,7006348459
T002020,C03344,S01210,08-01-2025 12:49,431.9,6722814845
T002021,C04305,S04384,17-08-2024 21:31,1298.53,314192989
T002022,C04979,S02537,15-11-2024 00:04,983.28,9679613417
T002023,C00625,S03833,04-12-2023 23:30,1702.96,2398968347
T002024,C01750,S02737,04-02-2025 17:09,1032.55,6396121221
T002025,C00582,S01183,27-10-2024 19:41,1939.07,8875463198
T002026,C03331,S02961,02-06-2025 16:31,424.77,3354635160
T002027,C04000,S00546,29-12-2024 21:40,454.33,84937401
T002028,C01609,S00352,01-07-2025 07:58,1134.18,2866926188
T002029,C04737,S04254,13-09-2025 19:40,79.69,2058403583
T002030,C04002,S00298,10-03-2024 03:25,1395.2,1098110504
T002031,C04122,S04600,05-05-2025 20:44,737.92,6243833988
T002032,C01173,S02804,14-01-2025 10:37,545.67,1342890645
T002033,C01498,S04395,23-11-2023 06:58,1984.43,8721924540
T002034,C01233,S02718,21-10-2024 10:06,1939.45,6595802334
T002035,C02654,S03920,16-08-2025 02:59,1726.88,9683523592
T002036,C04101,S03978,22-11-2024 02:19,1608.65,4696426297
T002037,C01519,S00104,11-11-2024 23:57,326.35,6557489313
T002038,C03735,S03766,21-05-2025 06:04,1705.72,272412496
T002039,C02305,S04396,27-12-2024 20:13,927.87,2127418002
T002040,C03630,S00485,17-07-2024 21:47,324.37,5160688504
T002041,C04755,S04295,19-07-2024 04:09,599.02,8462350651
T002042,C01844,S01411,19-07-2024 13:21,689.01,6012088154
T002043,C02286,S01169,12-11-2025 17:55,1001.59,624830686
T002044,C01362,S02077,27-01-2025 07:28,1154.01,3112741691
T002045,C03390,S03807,09-05-2025 15:19,827.86,9037713309
T002046,C00567,S04603,20-04-2025 07:19,1478.05,6607279846
T002047,C00075,S02598,25-05-2025 07:07,63.27,4620797934
T002048,C01562,S03424,11-03-2024 02:08,1368.58,1797102328
T002049,C01781,S01124,15-05-2025 23:35,736.03,1111385312
T002050,C00342,S01365,01-07-2024 22:14,384.48,9224807269
T002051,C00704,S00293,16-05-2024 08:19,716.96,5216077811
T002052,C03725,S04235,06-12-2024 15:29,1109.72,7757102355
T002053,C03752,S04649,02-09-2024 09:31,1617,5274604572
T002054,C04035,S02447,23-01-2025 20:09,1346.2,2717826919
T002055,C01016,S03259,13-09-2025 16:44,832.17,40344118
T002056,C02889,S00717,16-01-2025 05:24,1848,7596975180
T002057,C01637,S03925,22-02-2025 00:41,978.84,4037630501
T002058,C02882,S02687,11-04-2024 05:02,1554.1,2841908390
T002059,C04932,S03889,19-08-2025 03:53,1083.2,4185768470
T002060,C00081,S03429,04-02-2025 19:07,601.61,4593137070
T002061,C02754,S03423,22-02-2024 09:27,1549.91,702980908
T002062,C04487,S02673,06-01-2025 16:33,1676.78,5611737210
T002063,C00784,S02573,17-05-2024 01:57,1625.11,44598083
T002064,C00219,S04323,24-04-2025 21:16,1598.99,9445485977
T002065,C00627,S03292,09-10-2024 08:45,1526.63,2747879124
T002066,C03522,S04307,05-07-2024 00:34,1062.93,3782526237
T002067,C03861,S04792,24-02-2024 03:15,1967.14,5235570271
T002068,C03922,S02923,30-01-2024 23:20,734.61,638620817
T002069,C00728,S01072,27-06-2024 18:50,1232.94,3135283072
T002070,C01297,S02472,28-06-2025 06:07,661.29,680715204
T002071,C03103,S01902,24-08-2024 05:17,1061.52,2560549722
T002072,C02839,S00115,10-03-2025 05:22,1891.79,7003820773
T002073,C02207,S01805,18-05-2024 09:41,1712.85,6970943983
T002074,C02283,S02503,26-07-2024 01:32,1909.26,1129804590
T002075,C02513,S01908,19-07-2024 12:43,590.31,2502034825
T002076,C04591,S02871,16-09-2024 19:35,388.64,336098866
T002077,C02802,S02022,04-11-2024 18:23,774.39,2084768788
T002078,C01654,S00241,01-04-2024 03:16,670.83,8246790318
T002079,C03978,S00242,13-10-2024 12:39,346.42,1819612226
T002080,C04830,S03992,15-11-2024 05:58,1092.69,5326593869
T002081,C02650,S02120,24-05-2024 04:21,1779.28,4030137954
T002082,C00376,S01650,18-02-2025 05:02,1780.98,1004778272
T002083,C02134,S00213,26-08-2025 08:32,1520.18,5262386350
T002084,C00747,S04852,09-08-2024 11:01,1163.72,4396019100
T002085,C01981,S00988,29-10-2024 01:30,1947.5,6096385748
T002086,C01412,S02644,24-04-2025 18:54,1874.15,8830254362
T002087,C01424,S02809,06-05-2025 22:44,421.74,1530397665
T002088,C00707,S00849,06-10-2025 14:22,77.14,9749084663
T002089,C01351,S01101,10-04-2025 03:27,1209.88,4618039794
T002090,C04096,S02645,01-10-2025 02:12,1381.53,5799151512
T002091,C04178,S04672,05-07-2024 21:07,1335.41,6504589943
T002092,C00931,S01043,27-01-2025 21:39,1387.65,865110639
T002093,C03142,S00608,15-03-2025 08:50,1740.81,8652088055
T002094,C04412,S02994,08-03-2025 10:17,512.36,4088547465
T002095,C00608,S03771,16-05-2024 08:49,564.58,220006302
T002096,C00608,S02640,03-03-2025 08:47,1006.11,5746850856
T002097,C00129,S04703,22-04-2025 06:38,1937.19,5393523507
T002098,C04615,S01637,01-05-2025 01:03,386.03,437315736
T002099,C00047,S02499,15-11-2024 23:35,1852.29,3188098625
T002100,C00050,S02120,20-08-2025 06:43,594.09,7409127071
T002101,C03248,S00816,23-02-2025 06:04,1312.05,8196438064
T002102,C00614,S03423,05-12-2024 14:35,126.05,6596738587
T002103,C03166,S04214,29-05-2024 04:37,1494.94,3604388889
T002104,C01975,S02050,14-08-2025 07:09,1661.94,5699745154
T002105,C04029,S03730,25-11-2024 23:44,461.32,9633871531
T002106,C04160,S00640,07-05-2025 02:40,320.97,6720381393
T002107,C04191,S00587,16-10-2025 20:41,1174.56,5479342893
T002108,C04599,S01748,19-09-2024 11:11,1993.38,3169132768
T002109,C02608,S01051,31-07-2025 02:20,1586.82,9113988540
T002110,C01399,S01458,02-09-2025 00:50,1487.07,7198131052
T002111,C01325,S03102,10-01-2025 21:42,180.8,5316734272
T002112,C01941,S02289,16-08-2025 20:41,1195.55,507795300
T002113,C01309,S02083,20-06-2024 01:33,1934.18,5423073127
T002114,C01380,S01247,04-11-2025 19:28,1807.45,7084012407
T002115,C03101,S02506,04-04-2024 12:32,1210.27,7034495072
T002116,C01916,S04046,13-11-2025 13:08,574.7,6938572520
T002117,C02556,S00414,22-01-2025 08:12,652.24,5660473182
T002118,C04939,S02588,16-04-2025 08:02,184.78,7011298448
T002119,C01115,S01434,12-10-2025 01:23,1176.56,8876683970
T002120,C01277,S02333,08-02-2025 11:06,1194.45,2561809878
T002121,C00932,S00736,02-04-2024 09:22,1271.23,5637424005
T002122,C00438,S03347,11-07-2025 09:27,330.64,6754492751
T002123,C03185,S04466,06-10-2024 03:19,1993.03,9741187096
T002124,C00952,S01194,14-02-2024 14:49,1580.96,5425426549
T002125,C03766,S02437,25-04-2025 10:32,758.01,2883473361
T002126,C00769,S04527,05-12-2024 19:58,624.53,2914269234
T002127,C04905,S02913,19-10-2025 01:16,241.96,7438351726
T002128,C01371,S01305,22-06-2025 15:29,1175,294304155
T002129,C03477,S02071,28-12-2023 23:33,469.99,6145222059
T002130,C00293,S03223,03-10-2025 06:48,828.05,3754942065
T002131,C04450,S03972,29-04-2025 23:36,1634.54,2401897126
T002132,C03519,S02829,05-04-2025 13:06,501.06,7011401606
T002133,C04739,S00705,06-11-2024 01:29,804.77,7227126521
T002134,C04584,S03616,03-04-2024 04:34,1866.52,9696540228
T002135,C03066,S01952,03-03-2025 22:11,445.35,9278811175
T002136,C04077,S02400,29-05-2025 02:52,1506.44,9174151301
T002137,C00189,S00898,30-12-2023 00:08,959.28,8386999486
T002138,C00487,S02728,20-01-2025 19:24,818.43,3410507082
T002139,C00859,S03524,17-02-2025 22:21,1278.32,7343122882
T002140,C02742,S03170,18-02-2025 02:36,429.31,4072093431
T002141,C01770,S03952,15-07-2024 05:33,727.88,3863773819
T002142,C03436,S03092,25-11-2024 09:11,1582.19,8562909358
T002143,C02566,S01579,07-01-2025 16:03,426.29,2225704079
T002144,C01493,S02907,01-08-2024 10:19,822.56,8111502327
T002145,C04438,S03292,07-01-2024 03:21,350.44,1203786339
T002146,C02786,S04702,01-02-2024 15:23,399.62,6449475365
T002147,C01462,S00103,10-01-2025 11:26,1461.28,5452511848
T002148,C03873,S03933,06-04-2025 06:26,834.32,8186878530
T002149,C01159,S04006,17-02-2025 06:17,144.01,2246880806
T002150,C03556,S02112,02-09-2025 14:10,101.49,2046911536
T002151,C00077,S01393,13-10-2024 17:26,1407.68,9941908553
T002152,C00013,S02943,12-11-2024 10:57,509.09,9751440080
T002153,C02294,S00197,28-01-2024 10:30,272.88,2991991889
T002154,C00826,S02690,06-05-2025 23:19,678.14,2989568094
T002155,C02475,S02729,25-09-2024 10:25,1670.19,7386713532
T002156,C01082,S01254,28-07-2024 16:03,628.5,161139305
T002157,C04104,S03805,25-02-2025 03:25,748.26,3695318562
T002158,C01862,S04222,29-01-2024 22:41,1183.69,9873445708
T002159,C00047,S01413,26-04-2024 17:46,341.5,2067732202
T002160,C00417,S01644,20-10-2024 11:39,835.55,5617310317
T002161,C02218,S03688,31-08-2025 04:09,1646.17,5781087988
T002162,C00885,S02135,19-06-2025 08:37,1441.49,3276643223
T002163,C04168,S02098,27-11-2024 20:09,1709.11,1424336260
T002164,C00250,S00514,05-08-2025 23:59,1099.97,7407698006
T002165,C04182,S02105,10-04-2024 05:39,592.73,4714108940
T002166,C04447,S03177,11-11-2025 08:50,568.45,6017298905
T002167,C03637,S01162,22-12-2023 06:19,770.01,9110606451
T002168,C02941,S04464,05-06-2024 09:31,585.78,7150920397
T002169,C03530,S00843,20-05-2024 07:35,136.17,8419284719
T002170,C00589,S03211,14-01-2025 09:59,1052.63,2303236232
T002171,C00033,S03822,05-05-2025 19:08,588.17,3003932355
T002172,C00736,S03804,30-05-2025 18:11,1862.66,8877268631
T002173,C02366,S04774,15-10-2024 18:56,1475.07,6797310087
T002174,C04116,S01509,20-03-2024 06:45,754.37,5282882487
T002175,C01787,S01794,05-06-2024 01:36,569.51,7634358322
T002176,C04310,S00536,13-08-2024 13:25,1031.25,5333204506
T002177,C04950,S04807,23-12-2023 05:36,1477.88,6324228944
T002178,C01503,S02698,17-05-2025 18:12,1735.18,3104677806
T002179,C00488,S01167,12-06-2025 16:41,92.11,8318651179
T002180,C02731,S03691,03-07-2025 07:22,1332.75,4328992064
T002181,C01624,S00968,16-01-2025 08:50,561.11,9491220789
T002182,C04607,S01527,02-09-2025 00:34,949.71,6972129880
T002183,C03233,S04059,19-04-2025 01:14,1521.04,865142891
T002184,C04627,S03807,26-06-2025 16:16,1896.89,3005889098
T002185,C00012,S03524,14-07-2025 09:38,1837.25,7262402007
T002186,C01554,S04269,19-05-2025 13:21,216.62,4842645673
T002187,C04469,S00895,12-07-2024 03:32,1987.37,9453948960
T002188,C03764,S00739,30-07-2025 11:19,935.73,1638124300
T002189,C02689,S04025,15-02-2024 01:03,612.6,4098716598
T002190,C04301,S04537,01-01-2024 18:54,1377.47,8324249631
T002191,C02116,S02523,02-06-2025 09:29,391.52,1753937543
T002192,C03211,S00323,14-05-2025 23:08,423.69,3218316278
T002193,C01389,S04608,17-12-2023 01:49,1312.2,9702999033
T002194,C04705,S00562,31-03-2024 19:13,1732.55,6144926389
T002195,C01009,S00785,21-09-2024 14:54,1949.56,1766081640
T002196,C01469,S03242,18-11-2024 20:44,1759.16,1026085913
T002197,C00753,S04224,19-12-2024 19:57,712.5,5206759037
T002198,C00863,S00485,12-12-2023 09:02,1987.18,6810489082
T002199,C01720,S02297,09-03-2024 16:52,1684.9,691598506
T002200,C02427,S03847,07-02-2024 12:42,1565.32,8767448723
T002201,C02727,S01687,06-05-2024 15:04,799.12,2600788377
T002202,C00063,S02724,17-06-2024 13:26,289.36,1375404931
T002203,C01037,S04471,12-11-2024 09:39,1739.47,3310429446
T002204,C00240,S01353,07-07-2025 10:45,142.23,7727697575
T002205,C00408,S01383,05-05-2024 21:42,1807.91,7187089272
T002206,C00522,S00772,25-11-2023 11:01,1629.96,9239053227
T002207,C02484,S00916,06-12-2023 06:36,403.88,8472946413
T002208,C01014,S04850,23-01-2024 06:33,334.88,6471418104
T002209,C00250,S04229,17-09-2024 17:01,934.2,4733684760
T002210,C02146,S01291,27-04-2025 17:58,224.58,8832418582
T002211,C01540,S04976,07-01-2025 02:44,1739.64,8676279969
T002212,C00766,S01369,09-01-2025 17:49,644.48,3067589189
T002213,C04660,S03496,25-11-2024 18:13,901.65,4937936786
T002214,C01448,S02101,27-01-2024 00:50,855.64,4230178429
T002215,C00006,S01107,19-03-2025 06:22,1769.77,5611266219
T002216,C02840,S00060,01-06-2024 07:57,1040.82,6031569189
T002217,C03960,S03261,18-09-2024 08:35,1123.03,6139774380
T002218,C01796,S01690,20-12-2023 23:32,1377.31,7651769704
T002219,C00777,S03292,17-08-2025 16:40,1416.63,3938001775
T002220,C01724,S01902,03-08-2025 10:35,1983.13,4128986221
T002221,C03770,S02281,05-10-2024 16:47,1913.42,9315865386
T002222,C03535,S03159,15-02-2025 13:25,524.08,547725599
T002223,C01437,S04005,29-05-2025 02:26,1745.79,6554958945
T002224,C04686,S00610,31-12-2024 13:04,872.49,9330242138
T002225,C01555,S00482,22-04-2025 20:07,1913.86,5056938421
T002226,C01018,S01126,07-05-2024 21:17,330.74,9510256141
T002227,C02952,S04535,02-01-2025 15:02,1345.67,1680294522
T002228,C03026,S04534,30-04-2025 05:57,1076.81,3616635558
T002229,C00639,S04422,03-07-2025 18:12,411.39,7203303029
T002230,C02444,S04719,18-06-2025 13:59,952.97,1343257298
T002231,C04138,S02720,03-10-2024 22:12,1650.36,8566485981
T002232,C03060,S03414,20-06-2024 20:22,1854.75,4769388610
T002233,C04723,S02640,15-04-2024 12:17,1993.87,2496338158
T002234,C00223,S02558,12-09-2025 01:42,1996.56,6244067838
T002235,C00937,S02610,15-02-2024 17:06,327.12,5847477066
T002236,C03580,S00129,10-10-2025 09:04,1193.4,6262416944
T002237,C02583,S00839,10-04-2025 13:25,1974.53,2531418799
T002238,C03927,S04606,22-07-2024 18:57,940.55,1554684352
T002239,C03815,S01842,11-02-2024 17:31,1933.99,1465875567
T002240,C04877,S00203,09-03-2025 08:16,1389.35,1849775676
T002241,C03637,S03900,19-01-2024 15:57,724.17,3084070556
T002242,C04851,S04122,30-10-2025 03:35,898.2,2737231557
T002243,C02962,S03510,11-03-2024 23:00,275.57,7447519650
T002244,C04469,S01140,20-04-2025 18:40,1197.55,32959651
T002245,C00280,S00696,23-07-2024 23:55,477.43,4536751290
T002246,C04279,S03343,28-01-2024 16:53,1457.13,4955803849
T002247,C01963,S01342,06-11-2025 01:37,261.31,3578584546
T002248,C04569,S02220,28-10-2025 11:20,1775.27,5972328372
T002249,C01743,S02047,10-03-2024 09:57,682.5,8224921809
T002250,C02644,S01444,24-04-2025 15:36,371.41,3253389402
T002251,C01945,S01860,07-07-2024 18:17,560.55,2543496126
T002252,C01525,S00556,28-08-2024 09:20,661.02,9280307958
T002253,C00868,S00619,10-05-2025 17:06,867.84,1243029987
T002254,C01059,S00152,12-10-2025 00:20,348.14,5568783517
T002255,C04294,S03912,27-01-2025 22:58,1309.66,2964930714
T002256,C02467,S03640,22-06-2025 13:32,486.76,1559827213
T002257,C02702,S02048,21-10-2025 08:24,1146.09,9779556943
T002258,C01712,S03541,02-03-2024 20:35,1042,7044813136
T002259,C02848,S02533,25-01-2025 03:51,1340.16,2858806452
T002260,C02947,S02414,24-07-2024 06:44,1799.5,4129980961
T002261,C04167,S03991,15-04-2025 02:54,338.93,8954018534
T002262,C00662,S03565,02-01-2025 22:25,1662.83,7969670833
T002263,C02748,S00018,07-02-2024 23:35,1686.83,6094447062
T002264,C04076,S02887,08-09-2025 19:24,1872.2,3938219401
T002265,C02516,S04796,22-09-2025 06:14,1959.34,4052083739
T002266,C04028,S01243,13-04-2024 15:37,1572.25,4558390768
T002267,C04157,S02809,18-12-2024 17:28,1011.76,6499135463
T002268,C04154,S04978,25-07-2024 10:35,1355.16,1584636627
T002269,C04403,S01413,20-09-2024 10:19,405.4,1286911719
T002270,C02224,S00026,21-04-2024 12:01,991.26,8752171037
T002271,C00049,S04868,11-11-2024 05:47,1588.82,1155470000
T002272,C02785,S03331,17-05-2025 16:33,1493.29,5390811511
T002273,C03272,S02534,14-10-2025 10:32,503.12,7443616581
T002274,C03613,S03486,16-11-2025 20:49,1252.3,9989467083
T002275,C04796,S02835,07-10-2025 19:56,792.8,5845881882
T002276,C03076,S04165,03-01-2024 14:24,1059.52,6122750548
T002277,C04391,S00077,13-04-2024 15:28,1890.33,3802653043
T002278,C03897,S01153,27-06-2025 17:58,1275.9,922590595
T002279,C04307,S01779,19-03-2024 23:30,1151.92,5865495475
T002280,C02400,S01747,06-10-2025 01:28,1666.15,1494586997
T002281,C04407,S04840,30-04-2024 05:54,128.38,8479044730
T002282,C02040,S04110,26-11-2024 20:54,1499.61,4589484121
T002283,C01649,S00037,10-02-2025 15:55,1231.98,6083847192
T002284,C02212,S02064,19-09-2024 08:53,1598.15,4490219824
T002285,C02565,S03321,23-07-2024 02:16,1607.93,3106218317
T002286,C00580,S04453,14-10-2025 19:06,604.9,6370718147
T002287,C02885,S01626,06-07-2025 17:00,1619.29,6849237209
T002288,C02666,S02965,29-03-2025 04:07,550.92,3006730137
T002289,C02514,S01525,27-09-2025 19:39,1435.57,155379149
T002290,C04835,S02418,11-06-2024 08:32,1031.33,7143842028
T002291,C02870,S02688,19-05-2025 13:30,1927.55,6308956578
T002292,C01551,S02936,13-07-2025 23:07,1759.63,5349639047
T002293,C04764,S01556,08-01-2025 07:04,364.75,8839738172
T002294,C01690,S03058,24-12-2023 02:55,1578.69,219462210
T002295,C01565,S02151,16-10-2024 07:07,1777.72,1198625904
T002296,C00231,S02016,16-11-2025 00:33,384.78,2704724080
T002297,C04222,S01411,09-10-2025 16:58,394.93,2895790419
T002298,C02633,S03456,25-07-2025 11:29,96.63,8503163678
T002299,C04650,S02871,12-05-2024 03:53,704.37,3538225091
T002300,C00399,S04929,15-01-2025 23:18,624.12,296420237
T002301,C01316,S01607,26-06-2024 00:12,1715.98,8401137594
T002302,C01623,S00085,29-04-2024 15:54,71.52,8595446526
T002303,C02277,S00465,27-03-2024 03:50,708.16,7933342205
T002304,C04254,S01880,29-12-2023 04:21,662.83,7426702475
T002305,C04137,S03497,03-02-2024 12:56,1358.15,5612408586
T002306,C01637,S02802,16-04-2024 05:06,1837.91,7173536374
T002307,C01508,S04948,19-05-2025 14:54,1119.65,8767811001
T002308,C02058,S02535,15-01-2025 22:57,1056.81,5505933969
T002309,C02972,S01040,23-08-2024 23:38,1527.31,1997582980
T002310,C03032,S03698,13-11-2024 07:11,539.47,3397515196
T002311,C00860,S02342,05-01-2025 21:40,1948.26,7934591972
T002312,C01789,S00126,07-10-2025 03:36,635.54,2413687165
T002313,C02527,S02397,17-01-2025 20:44,584.43,6837744148
T002314,C02406,S04829,22-04-2024 04:07,74.5,9127649355
T002315,C04191,S00447,20-03-2025 21:09,922.18,6282325740
T002316,C02535,S02111,11-10-2025 23:03,622.93,3861333711
T002317,C02345,S03944,21-03-2024 05:45,1348.41,6205098944
T002318,C03187,S03174,09-02-2024 12:19,747.82,6793352308
T002319,C00990,S02983,14-10-2025 01:18,1062.86,2777665149
T002320,C00276,S04576,25-04-2024 19:06,1963.58,9677855392
T002321,C00447,S01530,26-08-2024 03:16,1050.49,1721915779
T002322,C02448,S03666,06-02-2024 15:33,1108.38,6052750175
T002323,C02306,S00200,19-07-2024 18:21,502.55,8095766737
T002324,C01302,S02896,20-06-2025 05:11,1668.46,5178643963
T002325,C04237,S01345,30-05-2024 10:14,1138.48,9159893517
T002326,C04878,S01743,23-11-2024 17:40,1862.82,8143980986
T002327,C00849,S01709,17-10-2024 09:41,1972.86,4865068891
T002328,C03599,S01241,11-06-2024 20:36,1817.89,4927350151
T002329,C00285,S04315,21-06-2024 23:39,129.81,1434894261
T002330,C00741,S01614,14-11-2025 02:30,1379.49,414592002
T002331,C00194,S04607,28-05-2024 22:12,543.75,7806668658
T002332,C04325,S00306,09-10-2024 04:01,122.17,1458053709
T002333,C01593,S00279,12-06-2025 08:20,53.62,6425241077
T002334,C03553,S03354,04-03-2024 21:23,386.72,6692179655
T002335,C01662,S03814,14-10-2024 22:46,1972.16,945517482
T002336,C04386,S00380,28-04-2024 21:34,1577.96,5209713099
T002337,C03925,S02566,15-03-2025 13:03,883.82,2052045339
T002338,C00135,S03570,05-11-2024 07:46,958.68,5260204027
T002339,C04175,S04699,01-01-2024 10:39,1650.62,8858543868
T002340,C00597,S03523,26-07-2025 13:22,878.57,9962679473
T002341,C01710,S00329,01-03-2025 16:21,1195.19,2047496484
T002342,C01544,S03778,14-03-2025 12:21,1791.87,7138785593
T002343,C03106,S01287,30-10-2024 08:41,1482.87,4270087951
T002344,C01652,S01559,24-10-2025 16:31,437.88,486361432
T002345,C02646,S01423,01-02-2024 23:04,387.68,3612908048
T002346,C04632,S03225,16-02-2024 09:33,1329.31,2546263245
T002347,C02551,S00135,04-03-2025 02:07,539.65,6942218495
T002348,C04909,S02241,07-05-2025 20:04,93.01,497640521
T002349,C01703,S03513,08-10-2024 08:25,789.55,6513892131
T002350,C01800,S00259,02-01-2025 17:25,1249.68,2334041533
T002351,C01846,S01897,10-04-2025 14:26,1926.59,2856824834
T002352,C01262,S03480,09-01-2025 06:20,1592.21,6123611627
T002353,C01535,S04478,13-06-2025 14:28,580.94,4574585103
T002354,C00895,S00022,18-08-2024 04:15,218.01,9349164906
T002355,C02316,S01065,23-07-2025 22:48,995.83,7972279224
T002356,C02888,S03348,28-04-2024 05:43,223.82,1435300636
T002357,C01312,S02264,17-06-2024 09:36,961.79,9695340253
T002358,C00186,S02497,20-07-2025 20:26,1478.18,4307158883
T002359,C03352,S04094,03-12-2024 05:55,1835.69,1607620173
T002360,C02672,S02692,04-08-2025 06:28,324.73,8624733871
T002361,C00775,S01535,11-06-2025 15:16,1851.71,6986697522
T002362,C04027,S01695,11-11-2024 14:00,1659.91,1134996165
T002363,C02037,S00760,01-03-2025 18:11,1048.65,945950088
T002364,C01755,S03780,27-01-2024 13:28,1466.87,2312770293
T002365,C03320,S04269,08-07-2025 13:06,197.08,3397301437
T002366,C02370,S00437,27-03-2025 00:10,1912.34,5462136907
T002367,C02666,S02976,18-11-2024 17:24,100.78,7510367417
T002368,C03787,S04468,11-02-2025 21:03,1950.75,2834846691
T002369,C01756,S00278,03-05-2025 04:19,1646.35,4739635711
T002370,C02967,S03459,17-07-2024 18:09,255.18,2676819232
T002371,C00758,S03035,26-06-2024 16:10,1993.9,6046372443
T002372,C02564,S01931,21-10-2024 03:35,1066.36,9883890445
T002373,C03856,S00394,26-04-2024 01:27,286.06,911276511
T002374,C00192,S00695,03-03-2025 05:37,1114.97,7444132223
T002375,C02095,S04613,12-01-2025 03:31,932.54,1553280569
T002376,C01230,S00433,05-03-2025 20:36,382.82,8109855249
T002377,C00276,S04454,23-04-2024 18:42,973.52,703690639
T002378,C02979,S03680,18-09-2025 09:55,1689.84,7294522446
T002379,C04368,S04932,12-05-2024 19:19,1934.2,3597548146
T002380,C01139,S03887,06-07-2024 19:40,1962.92,815084404
T002381,C04891,S04110,09-04-2024 03:06,395.93,1690771994
T002382,C04362,S00820,22-03-2024 05:29,1351.38,9820944945
T002383,C02026,S04911,30-11-2024 17:34,1198.66,7476810125
T002384,C01419,S01870,05-10-2024 03:40,737.37,7368892459
T002385,C01585,S02280,20-09-2024 15:18,204.68,1029052219
T002386,C04821,S04990,21-04-2024 21:27,530.01,1880268320
T002387,C03938,S03649,03-12-2023 08:18,670.5,7458624171
T002388,C01755,S00067,05-09-2025 12:08,358.63,453628183
T002389,C03259,S04877,20-12-2024 21:06,147.51,7536991900
T002390,C02905,S00109,28-05-2024 11:05,1824.45,3466205649
T002391,C04692,S01277,23-09-2024 13:17,1299.84,2347680551
T002392,C03638,S00789,10-07-2025 04:50,879.18,2759077518
T002393,C03165,S01446,16-05-2024 02:48,877.98,9980132621
T002394,C04525,S00836,12-12-2024 21:20,1865.5,2488940866
T002395,C03117,S01421,07-06-2025 09:13,1283.95,9536417897
T002396,C03863,S03581,25-04-2024 05:04,1442.89,19627156
T002397,C02271,S01030,02-02-2025 16:03,1081.05,2997856798
T002398,C03411,S00252,22-03-2024 07:28,859.26,7616986628
T002399,C02553,S02895,14-05-2024 19:07,117.94,396668148
T002400,C03335,S01811,17-09-2024 01:21,969.28,3932869834
T002401,C04201,S04978,07-09-2024 09:01,1300.3,7879670111
T002402,C03524,S03233,15-01-2025 10:57,1891.43,1900044610
T002403,C00149,S00905,05-03-2025 19:39,1981.81,9161503467
T002404,C04671,S00212,26-04-2024 21:08,1043.35,3033345551
T002405,C00667,S04959,25-03-2025 05:06,605.34,9513293726
T002406,C00558,S04016,13-07-2025 06:35,563.47,7732699935
T002407,C03663,S01565,11-11-2024 14:21,735.28,5105775397
T002408,C04957,S00170,14-01-2025 04:25,894.64,9233896793
T002409,C00067,S03582,04-02-2024 03:06,1028.85,11900685
T002410,C01591,S02538,19-02-2025 02:22,239.75,88707253
T002411,C04622,S01342,18-03-2024 03:32,951.2,2656728757
T002412,C04056,S03146,11-02-2025 00:43,1954.68,9480025373
T002413,C00039,S03669,02-12-2024 06:52,803.3,6162915921
T002414,C03149,S00902,12-11-2024 17:18,212.17,9881966636
T002415,C03301,S03810,30-10-2024 09:49,679.43,1397923420
T002416,C02435,S04896,08-03-2025 05:39,753.68,1983494930
T002417,C04091,S01924,05-11-2025 18:08,846.97,8369014709
T002418,C03484,S00254,03-11-2025 04:48,1879.02,9160134120
T002419,C00014,S01670,07-10-2025 21:19,861.06,7124008815
T002420,C04609,S00689,16-05-2024 09:01,1502.2,5454623371
T002421,C04905,S03987,05-12-2024 15:39,860.75,2352786045
T002422,C03079,S04996,11-05-2024 20:09,1804.25,672420137
T002423,C00649,S04576,02-03-2024 00:28,1057.15,2529398862
T002424,C01406,S03378,11-07-2024 05:12,1409.3,7786775876
T002425,C01211,S00191,03-01-2025 15:42,1229.72,9916218391
T002426,C03776,S02668,12-01-2024 05:20,222.29,202351363
T002427,C00848,S01130,16-04-2025 13:29,1826.8,4211776783
T002428,C01951,S01901,13-08-2024 11:14,1627.86,5828673715
T002429,C04512,S00971,16-11-2024 00:44,1438.2,7528868986
T002430,C01521,S00256,13-07-2025 20:19,501.92,5592749224
T002431,C03393,S02014,08-11-2024 00:38,1737.25,8501095330
T002432,C04677,S02074,22-03-2024 12:30,381.18,496304590
T002433,C01710,S02030,04-09-2024 13:35,1175.06,6503433714
T002434,C02664,S02201,10-01-2024 11:23,1299.71,9462692184
T002435,C02875,S01670,25-12-2024 03:03,1483.53,9819612449
T002436,C01710,S04909,25-11-2023 09:03,1453.97,1361413690
T002437,C02222,S03392,21-01-2025 23:48,1641.96,7235178547
T002438,C03611,S01611,29-06-2024 20:35,682.64,7998322632
T002439,C03128,S03242,28-11-2024 22:24,1167.5,6966223417
T002440,C04775,S04059,12-09-2025 01:33,1925.91,4980378547
T002441,C03112,S01785,18-02-2025 00:29,663.95,1910197706
T002442,C00379,S00866,20-01-2025 08:34,1599.12,2499596189
T002443,C03726,S04119,28-10-2025 17:10,178.75,6392861669
T002444,C00273,S02421,14-07-2025 04:21,1789.93,4581556971
T002445,C01543,S00478,27-02-2024 12:16,627.64,9361120142
T002446,C03656,S04562,10-02-2024 05:49,1371.7,3039941379
T002447,C01412,S02290,09-12-2024 18:18,1592.56,8762690371
T002448,C02657,S00450,25-01-2024 21:25,671.1,1077877485
T002449,C01141,S04128,02-09-2024 09:08,1880.6,8435419371
T002450,C01021,S03496,21-11-2024 14:20,1182.97,1597102408
T002451,C03565,S02078,31-07-2025 22:17,1097.23,6698087062
T002452,C02410,S03773,31-07-2025 19:40,1654.88,6595102185
T002453,C00725,S02245,10-05-2024 09:51,1201.61,7968090702
T002454,C01605,S04272,27-07-2025 14:55,622.27,3708501261
T002455,C04932,S04467,26-02-2025 01:58,825.25,2753099230
T002456,C01045,S03165,01-04-2024 05:58,428.85,5017114465
T002457,C04354,S04966,21-02-2025 18:26,60.25,767726204
T002458,C00763,S00434,10-05-2024 07:45,788.01,1598454814
T002459,C03558,S00647,02-12-2024 07:42,355.32,7457520207
T002460,C00646,S03210,24-08-2025 16:33,1679.17,2410426072
T002461,C02527,S00781,12-11-2024 12:22,697.18,7274359477
T002462,C01843,S03042,23-06-2024 05:09,1042.33,4267649455
T002463,C04920,S04712,03-08-2024 17:18,1483.05,6746800741
T002464,C01754,S02839,23-12-2023 15:50,1854.89,5749982332
T002465,C03642,S04802,02-11-2025 20:21,156.81,3422343016
T002466,C00838,S00930,29-09-2025 04:32,575.04,8761159472
T002467,C04941,S04006,27-08-2025 15:40,79.58,823908920
T002468,C00437,S03484,03-02-2025 05:51,500.35,1498479407
T002469,C02212,S01449,17-07-2024 10:13,1803.79,9798730118
T002470,C01261,S04829,27-09-2025 11:53,292.68,9891637013
T002471,C04058,S00094,15-03-2024 20:43,697.48,1748984005
T002472,C01621,S02040,20-05-2025 03:48,1313.53,7176570297
T002473,C00040,S02040,11-09-2024 04:54,1751.59,605442375
T002474,C02687,S03775,26-04-2024 00:28,138.94,1457322964
T002475,C00171,S02146,26-05-2024 22:36,373.99,4199306689
T002476,C01832,S04461,20-07-2024 23:52,1218,5515330470
T002477,C02609,S04877,17-04-2025 00:51,1614.69,8821964607
T002478,C04670,S01086,12-10-2024 03:41,258.13,3867982690
T002479,C00800,S02485,08-10-2025 20:59,326.62,7316497105
T002480,C02221,S01696,18-11-2024 14:44,1560.45,9818449016
T002481,C04943,S02293,09-12-2024 15:29,767.72,3617766112
T002482,C00173,S03122,14-07-2025 23:45,1957.66,6246079295
T002483,C01354,S00606,15-12-2024 00:35,373.34,8515132590
T002484,C02411,S01605,15-01-2024 16:51,639.23,354819135
T002485,C00436,S03553,24-02-2024 13:48,449.39,6048658598
T002486,C04045,S00238,30-05-2025 15:11,1754.51,1260537365
T002487,C01514,S01128,09-03-2024 23:47,665.32,94345722
T002488,C04717,S03193,30-12-2024 03:45,623.41,4120279817
T002489,C04825,S04583,25-10-2025 06:22,176.14,9774067558
T002490,C01174,S03132,07-03-2024 16:59,415.92,657044968
T002491,C04571,S03953,14-01-2025 05:06,1074.38,228674180
T002492,C01010,S00374,06-09-2024 18:15,1442.94,4206956488
T002493,C01958,S04504,15-07-2025 21:23,1006.65,2844354701
T002494,C03751,S04459,29-10-2025 06:28,1808.95,1612231792
T002495,C01756,S03344,26-06-2024 03:13,257.88,547706345
T002496,C00561,S03289,29-11-2024 20:28,1607.32,8964768008
T002497,C02985,S04864,24-06-2025 17:12,868.5,7249079075
T002498,C01146,S04289,11-01-2024 13:26,422.94,9327817542
T002499,C00853,S02135,26-08-2025 04:50,1756.49,2371977042
T002500,C01642,S01499,16-01-2024 17:37,961.04,7676955406
T002501,C02043,S02031,07-03-2024 21:19,1042.01,3584400176
T002502,C02639,S04289,28-12-2023 23:28,574.16,585886852
T002503,C04632,S03609,18-07-2025 08:16,1029.07,4053846154
T002504,C01789,S00028,17-09-2024 13:37,693.13,8819787783
T002505,C04816,S02399,18-08-2025 18:54,1900.17,8277058014
T002506,C00043,S03265,01-09-2024 18:44,982.43,1217205009
T002507,C02401,S01396,08-03-2024 12:46,1346.59,5768590997
T002508,C02486,S01742,01-07-2024 11:33,217.69,5369720083
T002509,C00749,S02122,19-12-2023 18:28,1274.73,1003537742
T002510,C00644,S01590,21-01-2024 17:19,1853.58,2613935257
T002511,C04334,S01598,02-04-2025 16:23,1518.67,1966655136
T002512,C03826,S00014,26-01-2024 02:28,962.58,3985626495
T002513,C00427,S04542,26-04-2025 12:30,1268.17,4701481383
T002514,C02293,S03741,08-01-2025 00:39,1570.32,2358424458
T002515,C00533,S01224,01-10-2024 00:52,949.13,637923703
T002516,C00623,S04430,27-08-2024 19:21,1886.78,6671252558
T002517,C00756,S01652,30-10-2024 09:32,950.91,6041256638
T002518,C03130,S02475,08-02-2024 10:09,353.47,4358976398
T002519,C01456,S02405,26-10-2025 16:44,744.61,4333662122
T002520,C02199,S01591,13-01-2024 05:27,1338.37,7179928592
T002521,C01885,S04317,29-10-2025 12:33,789.87,4509275799
T002522,C00692,S03874,10-03-2024 14:23,1963.27,7248248897
T002523,C03872,S02211,21-12-2023 17:29,1026.31,8733510844
T002524,C02646,S00571,18-07-2024 02:35,1681.9,5120623805
T002525,C01639,S01071,22-10-2025 14:54,1973.28,8200641255
T002526,C04817,S02016,13-07-2025 01:21,1125.97,1279149199
T002527,C04026,S02888,12-08-2024 18:35,1910.76,3129632629
T002528,C00131,S01513,24-07-2025 02:48,858.05,7303497691
T002529,C01537,S02120,06-10-2025 00:14,1481.72,6121253486
T002530,C01272,S01191,26-05-2025 23:29,978.77,836926992
T002531,C04461,S04831,07-09-2024 08:23,1265.6,997993654
T002532,C00549,S03019,13-08-2024 10:40,1391.94,87201580
T002533,C03917,S00700,19-11-2024 08:05,1785.23,9876836357
T002534,C01190,S01329,24-03-2025 09:05,1153.37,3647124552
T002535,C00835,S04492,26-09-2024 03:55,955.64,7108808217
T002536,C04064,S00358,22-04-2024 23:35,1689.53,9417631702
T002537,C01150,S04192,10-02-2024 15:14,720.04,9391533794
T002538,C03083,S04808,05-08-2024 06:46,1392.02,4247891026
T002539,C00315,S01058,18-06-2024 14:32,212.68,5191088930
T002540,C00132,S01930,31-01-2024 21:13,1899.07,5718152659
T002541,C04088,S02540,14-02-2024 08:16,1524.72,9289267545
T002542,C03198,S04600,22-05-2024 11:06,443.54,1175656645
T002543,C01767,S00820,01-05-2025 19:18,1824.86,9760492910
T002544,C04915,S03133,10-09-2024 16:04,203.79,9942641976
T002545,C02320,S02212,13-03-2025 17:32,1359.97,842790621
T002546,C02890,S02080,02-09-2025 01:16,300.64,7016028171
T002547,C00476,S01831,19-11-2024 03:02,591.5,6150833235
T002548,C00943,S01702,30-08-2024 15:05,60.64,2976779449
T002549,C04734,S03197,03-06-2024 04:35,288.55,9641187128
T002550,C02072,S01541,12-02-2025 00:05,536.84,5197250920
T002551,C04899,S01574,03-02-2025 11:10,982.01,5221641925
T002552,C02193,S00099,19-03-2024 04:19,1486.57,2077042328
T002553,C01276,S03397,24-11-2024 16:42,1670.9,8197642327
T002554,C00680,S03373,01-01-2024 06:39,833.58,2368116628
T002555,C01632,S00720,27-07-2025 10:59,158.12,115124137
T002556,C03504,S01950,20-07-2025 15:20,812.34,8974522657
T002557,C01261,S03860,23-11-2024 11:46,1047.1,5687075668
T002558,C02689,S01026,14-01-2024 23:34,1783.56,9767192578
T002559,C01002,S01535,07-08-2025 06:06,1836.48,2007754012
T002560,C02532,S01856,19-01-2025 12:28,1288.79,4433007424
T002561,C02702,S02395,02-03-2024 17:29,1875.35,8446614059
T002562,C01657,S03248,09-04-2024 07:26,672.85,5295974147
T002563,C04182,S03126,23-04-2025 07:52,1826.9,5582959259
T002564,C02485,S02966,08-02-2024 20:11,906.49,4291451994
T002565,C04551,S02450,20-08-2024 15:58,1500.25,9939951770
T002566,C02529,S02612,30-06-2024 17:11,1137.52,448237157
T002567,C01816,S03676,27-02-2024 14:22,1273.1,3829522396
T002568,C01333,S02492,17-09-2024 00:56,944.17,1093299451
T002569,C04582,S00507,08-11-2024 13:56,1262.15,9550595576
T002570,C02719,S03789,14-04-2025 20:30,1738.54,4592236472
T002571,C03695,S04001,28-11-2023 08:04,1439.29,288321187
T002572,C01982,S03352,17-04-2025 11:25,902.88,5057241193
T002573,C01564,S00905,11-10-2025 14:58,1388.01,8156724235
T002574,C03083,S00363,16-06-2024 02:46,167.59,4461419164
T002575,C03032,S01763,28-10-2025 21:15,1005.35,6372195377
T002576,C02022,S04235,08-05-2025 15:49,318.73,5718554531
T002577,C04637,S01482,20-02-2024 21:06,1412.68,970249019
T002578,C04545,S00698,10-08-2024 07:02,827.25,1937312621
T002579,C02796,S03374,08-06-2025 03:36,1658.13,4418179303
T002580,C03569,S01570,20-02-2024 06:17,1973.24,3969061720
T002581,C03121,S03700,26-12-2024 02:48,467.31,2736535171
T002582,C04194,S01846,13-10-2025 07:03,1664.6,2019101133
T002583,C01723,S01087,22-02-2025 03:57,1297.4,6488800385
T002584,C00433,S00496,31-12-2024 10:11,153.43,122110908
T002585,C03288,S00494,01-10-2025 02:44,844.21,9731510969
T002586,C04092,S01167,25-10-2025 23:07,1284.41,5184793963
T002587,C02042,S00590,19-02-2025 22:59,507.42,804934212
T002588,C01694,S02300,14-10-2025 19:10,649.75,641034621
T002589,C04915,S03648,20-06-2024 04:25,184.19,7309674821
T002590,C03701,S01257,06-03-2024 23:01,1831.81,4767365544
T002591,C00547,S03247,27-06-2025 16:13,741.87,1982299370
T002592,C01594,S00990,15-12-2023 13:51,1839.13,7058266824
T002593,C03249,S00444,04-01-2024 14:21,1793.72,8626565820
T002594,C00075,S01696,12-05-2024 16:00,1909.53,2232029899
T002595,C04908,S02025,30-05-2024 18:17,334.75,4021380783
T002596,C01765,S03705,21-06-2024 06:18,1513.44,6550839981
T002597,C03167,S04613,12-09-2024 11:03,924.34,8888167940
T002598,C02747,S04985,28-03-2024 20:14,1872.03,5026746697
T002599,C00558,S02287,30-11-2024 16:46,1648.34,7933235440
T002600,C03525,S02723,31-08-2025 20:47,1581.11,5692016649
T002601,C01420,S02850,23-05-2024 06:36,447.1,9710468892
T002602,C00567,S02189,30-03-2024 12:59,185.93,611423978
T002603,C01706,S02252,01-10-2024 02:17,201.53,3532018450
T002604,C00637,S03457,10-12-2024 04:38,673.7,8081356805
T002605,C03392,S04761,02-12-2024 19:37,1259,2634309236
T002606,C00190,S00881,13-09-2025 07:02,1158.44,3124565505
T002607,C03625,S00840,29-05-2024 21:47,1516.73,5342803771
T002608,C04500,S00277,09-11-2024 19:20,587.64,4116865448
T002609,C00835,S02992,15-06-2025 21:28,553.57,9809544973
T002610,C01004,S00656,15-07-2025 09:26,1510.35,9904118073
T002611,C02821,S01295,04-04-2024 05:07,1085.71,9777036549
T002612,C03776,S00934,13-05-2025 22:15,1136.5,4067407090
T002613,C04561,S03172,03-05-2024 09:41,258.9,2870363961
T002614,C03606,S00745,14-11-2025 04:47,1982.71,7311056229
T002615,C03510,S04109,19-11-2024 16:21,1604.95,6942206383
T002616,C03825,S00263,12-03-2025 12:42,1302.43,1637580332
T002617,C02567,S02133,23-12-2023 06:47,1393.2,7273694463
T002618,C01070,S03007,20-05-2024 04:01,55,7542811366
T002619,C00601,S03921,26-07-2025 02:23,718.3,5431881405
T002620,C01567,S04018,21-07-2024 23:49,451.77,5193902880
T002621,C04856,S02745,16-12-2023 03:56,564.32,9312341509
T002622,C01090,S00067,13-11-2024 10:07,1400.26,9735280457
T002623,C02463,S03271,02-09-2025 09:24,496.01,5982434149
T002624,C00586,S03010,12-06-2025 01:35,585.69,9333693698
T002625,C04009,S00979,01-10-2025 23:44,1323.81,7517262008
T002626,C03979,S03219,16-01-2025 12:28,1918.92,6335861784
T002627,C01828,S01629,11-04-2024 20:47,1777.49,462605694
T002628,C00798,S02168,13-11-2025 12:33,1314.29,5617799430
T002629,C02554,S01165,21-03-2024 00:03,869.22,2888534337
T002630,C01928,S00118,16-03-2025 06:51,1924.34,8761199798
T002631,C01626,S01360,15-03-2024 21:42,789.24,5996847146
T002632,C00275,S00019,16-11-2025 05:08,1817.48,507532612
T002633,C02051,S01950,11-08-2024 13:00,1001.97,9092948320
T002634,C04804,S01648,29-06-2025 02:51,1171.07,983661048
T002635,C01268,S04873,25-05-2024 23:26,1005.21,1663279812
T002636,C00883,S01812,02-11-2025 02:21,1557.89,7135624732
T002637,C01140,S00590,24-06-2024 18:38,299.3,8530643604
T002638,C04608,S01993,22-03-2024 02:55,1612.29,7018597129
T002639,C00851,S02812,03-08-2024 15:17,955.76,4013380448
T002640,C02398,S04683,26-02-2025 23:52,442.14,8635345298
T002641,C00903,S03310,28-06-2025 18:46,1631.89,9740940203
T002642,C01646,S01846,13-05-2025 12:41,1755.78,8743148845
T002643,C02596,S00643,22-10-2025 14:25,1010.37,7620458230
T002644,C03517,S03698,16-04-2024 13:34,1532.72,794017007
T002645,C01171,S00644,21-02-2025 06:15,1438.32,5068474623
T002646,C03671,S03231,11-06-2024 17:14,586.15,9452575103
T002647,C00122,S01396,19-02-2025 02:32,1224.58,8979809882
T002648,C02296,S03239,03-01-2025 01:58,1088.92,7899212475
T002649,C00054,S03330,20-06-2024 12:17,1928.6,2798967198
T002650,C00809,S04143,25-09-2024 16:18,1327.53,2969712018
T002651,C02372,S02839,26-07-2025 04:35,841.25,3991411855
T002652,C01986,S04863,25-09-2024 09:18,808.82,7576123467
T002653,C01566,S03757,08-01-2024 11:15,355.4,5495971829
T002654,C02645,S03649,21-05-2024 09:58,1433.67,3949841661
T002655,C02319,S04268,24-08-2025 22:10,1827.01,7240740745
T002656,C04562,S01086,21-09-2024 12:07,925.78,790251067
T002657,C04461,S03708,12-08-2025 05:24,792.74,2434764038
T002658,C01628,S03339,24-11-2024 17:54,1441.6,3817212033
T002659,C04822,S04532,14-07-2025 22:23,957.26,3094695079
T002660,C03799,S00189,13-09-2024 19:38,1023.57,4692017965
T002661,C00311,S01599,25-02-2025 15:12,186.6,5919115808
T002662,C04713,S04185,25-07-2025 03:00,496.89,2083354464
T002663,C03950,S02823,24-05-2024 15:09,1640.42,1840372871
T002664,C00992,S04450,30-07-2024 05:37,1788.79,2122969224
T002665,C02823,S03159,02-06-2025 03:49,490.94,9107138757
T002666,C04536,S01790,05-08-2025 00:37,1504.71,7632497003
T002667,C02426,S02186,23-10-2025 15:12,1026.55,4537940315
T002668,C03586,S01458,02-03-2024 00:17,1764.51,6002734065
T002669,C03625,S03850,01-01-2024 04:32,1680.62,622706690
T002670,C04477,S02314,29-03-2024 05:57,1798.71,5657146739
T002671,C02712,S01790,02-08-2025 23:17,143.01,6305036150
T002672,C04965,S01206,14-02-2025 07:43,1431.19,7496902699
T002673,C04864,S03609,19-03-2024 04:48,930.28,2426168916
T002674,C04797,S02643,19-04-2024 15:32,984.06,1868095320
T002675,C03092,S04951,05-11-2024 22:02,1645.19,1778861089
T002676,C02400,S02805,12-11-2025 20:27,1379.02,392465441
T002677,C01622,S04719,28-05-2025 01:51,674.95,998614167
T002678,C04403,S01397,18-04-2024 20:10,275.4,3467913921
T002679,C01435,S02561,09-03-2025 00:30,1360.11,5935824780
T002680,C01117,S00652,13-09-2025 06:55,898.53,3458416994
T002681,C01616,S01568,11-08-2024 11:42,852.23,4677897587
T002682,C02299,S00755,20-08-2025 04:06,1376.89,6166348526
T002683,C02998,S03632,13-12-2024 16:31,1030.73,5320930700
T002684,C02764,S01870,19-11-2024 18:30,825.84,5219102196
T002685,C04083,S03277,25-02-2025 09:19,1802,2343771573
T002686,C04858,S00956,28-06-2024 09:06,1098.86,8127721990
T002687,C02091,S04757,06-01-2024 08:44,401.81,3252507606
T002688,C00471,S02649,15-10-2024 10:38,1457.1,6896624000
T002689,C02198,S04430,08-02-2025 20:59,1424.25,2017386825
T002690,C02114,S01019,09-06-2025 21:01,1762.3,3474476447
T002691,C04937,S03533,08-04-2025 07:00,838.5,3188580140
T002692,C04679,S03230,08-12-2024 15:14,1395.62,9125091144
T002693,C00836,S02795,13-07-2024 08:21,1338.31,7283485079
T002694,C00078,S03815,11-08-2024 08:57,922.93,3762223846
T002695,C03186,S04073,15-04-2024 09:47,51.79,4927091740
T002696,C02923,S01815,24-08-2025 05:39,703.65,663210169
T002697,C03363,S04683,28-06-2025 14:34,1173.87,4110786774
T002698,C02729,S01811,29-09-2024 01:12,1908.5,8857945973
T002699,C02571,S03573,06-12-2023 10:11,492.75,2121222047
T002700,C00194,S02852,18-07-2024 15:06,1610.96,7103610966
T002701,C01688,S03153,06-03-2025 04:55,1773.01,7782382150
T002702,C00033,S04028,29-01-2025 07:54,1636.07,1341765739
T002703,C03701,S00793,08-09-2024 23:32,328.08,6600308983
T002704,C03798,S00653,02-08-2024 05:42,70.19,7406892266
T002705,C02088,S03031,16-06-2024 03:16,183.59,1351310536
T002706,C02840,S02561,30-12-2023 14:12,297.57,9955298613
T002707,C04021,S01199,16-10-2025 08:17,186.49,7005958200
T002708,C01808,S01695,19-10-2025 04:55,385.56,8663199894
T002709,C01339,S02048,09-04-2024 00:20,1981.18,9343898563
T002710,C03025,S04044,11-10-2025 06:51,119.29,9114321531
T002711,C04075,S00039,08-12-2023 18:38,110.34,2244348380
T002712,C04412,S00595,13-05-2025 01:27,1283.66,7869779915
T002713,C04185,S04281,19-02-2025 11:15,998.98,2135882014
T002714,C02303,S04376,15-04-2025 22:00,1414.47,4946676778
T002715,C02628,S00744,16-01-2024 15:41,324.71,1571003899
T002716,C03013,S01435,18-07-2024 15:56,1383.8,150774240
T002717,C03137,S03762,23-08-2025 05:34,117.1,2656177840
T002718,C02444,S03410,25-06-2025 13:17,102.31,8612579718
T002719,C02718,S00788,12-12-2024 15:29,1522.55,8176320464
T002720,C01242,S01990,22-03-2024 05:17,69.34,1338977685
T002721,C04163,S04554,26-05-2025 17:43,584.21,894418623
T002722,C04735,S00108,29-06-2025 03:54,1451.77,4898999060
T002723,C03974,S03178,03-03-2024 08:39,565.56,9538428897
T002724,C03813,S03137,16-02-2024 18:35,1964.13,9203098201
T002725,C03147,S00152,23-05-2025 03:00,1218.28,3397416196
T002726,C02407,S03134,09-04-2025 04:24,1279.51,8076575847
T002727,C00728,S04195,08-06-2024 08:31,1364.75,249968230
T002728,C03425,S02496,14-02-2024 19:47,239.51,6428079860
T002729,C03641,S02077,02-07-2024 05:40,1475.59,5719445911
T002730,C04689,S00051,25-02-2024 19:15,1858.13,1561860926
T002731,C01578,S02251,04-10-2025 06:07,1456.53,6590839688
T002732,C03557,S02430,26-03-2024 15:22,417.06,4820008069
T002733,C04484,S03627,31-12-2024 13:46,1185.73,7653575609
T002734,C03508,S02852,12-11-2025 00:02,857.78,3753293562
T002735,C03734,S04856,27-05-2024 13:23,1924.02,3682722070
T002736,C04967,S00667,02-02-2024 13:23,629.17,3233990649
T002737,C04863,S03996,14-11-2025 06:18,1552.03,1179951302
T002738,C03912,S01229,27-08-2024 01:50,475.48,5667079007
T002739,C02226,S04742,23-03-2024 14:44,1178.8,3714654082
T002740,C00304,S01096,17-10-2025 07:48,485.44,4956305702
T002741,C01665,S02554,28-03-2024 07:53,1125.54,8155395382
T002742,C02006,S04604,08-06-2025 16:49,1794.64,3477367169
T002743,C02388,S02503,23-12-2024 14:26,1081.36,6695115782
T002744,C01107,S00924,24-10-2024 03:06,289.03,9717276199
T002745,C02951,S01844,28-03-2024 05:54,1867.29,7186896804
T002746,C04919,S03731,29-12-2024 05:47,652.23,5582100180
T002747,C00442,S02730,07-12-2023 10:58,911.41,8946982580
T002748,C02516,S01541,23-03-2024 11:30,360.76,6844385326
T002749,C04153,S02518,21-06-2025 18:38,576.72,4300470783
T002750,C02826,S03331,06-09-2024 14:14,1633.72,8220255337
T002751,C03652,S03407,28-01-2024 14:48,1791.32,2973133650
T002752,C00362,S00266,15-07-2025 23:03,1701.76,3451047685
T002753,C04424,S03638,09-08-2024 03:38,759.42,3367265694
T002754,C03814,S00862,10-02-2024 23:35,963.92,5476756506
T002755,C04789,S03697,11-12-2023 17:27,1916.63,958465024
T002756,C04170,S02374,01-06-2025 01:17,81.36,3794979690
T002757,C02898,S01757,26-12-2023 05:19,1123.8,4060403105
T002758,C00501,S03878,11-01-2025 09:45,89.85,4417515962
T002759,C04268,S02283,09-02-2025 00:57,1919.08,6752369616
T002760,C01719,S04983,25-10-2025 07:07,1212.14,1132485284
T002761,C02262,S04382,27-05-2025 13:50,339.54,4728817118
T002762,C02254,S04268,09-10-2025 20:45,1439.64,3263417176
T002763,C04980,S04955,15-04-2025 18:53,874.94,6242989167
T002764,C02113,S00824,17-06-2025 15:57,1136.59,2955880132
T002765,C00229,S03669,21-10-2025 11:58,722.09,1696432081
T002766,C01984,S04791,03-01-2024 23:59,91.58,1773257341
T002767,C02812,S04370,06-05-2025 03:05,1132.61,7591160769
T002768,C04634,S04956,07-06-2025 21:38,1750.58,4942976204
T002769,C04755,S01425,06-07-2024 13:47,1414.25,4896852583
T002770,C00773,S02028,01-05-2024 16:46,698.64,5847385966
T002771,C00482,S00443,11-12-2023 23:00,243.18,1428225083
T002772,C03437,S02647,03-03-2024 23:42,1196.33,6069228201
T002773,C03809,S03832,04-10-2025 01:02,1320.59,9588872775
T002774,C03686,S04132,20-03-2025 04:59,577.24,1281311199
T002775,C02604,S04334,04-09-2025 11:08,1368.18,5984556007
T002776,C03338,S00528,16-01-2024 17:40,1489.02,5990719861
T002777,C04109,S00331,01-04-2025 20:56,1994.67,3765391067
T002778,C04632,S03015,19-12-2023 23:44,1914.55,8841107603
T002779,C00868,S03795,24-11-2024 15:02,377.9,3982068000
T002780,C04432,S01042,11-11-2025 16:14,1337.16,7703198754
T002781,C03465,S00048,21-08-2025 05:50,1283.28,4857107122
T002782,C04106,S02662,26-06-2024 09:35,603.58,8540066538
T002783,C03475,S03333,27-01-2025 06:09,1856.02,4475918296
T002784,C03838,S03054,27-12-2023 04:39,1285.22,5092797171
T002785,C03290,S00645,14-04-2025 00:00,948.61,1289426704
T002786,C03898,S02060,28-09-2025 21:20,1250.39,2666857347
T002787,C03103,S00855,21-08-2024 23:25,1197.92,3595320524
T002788,C01208,S04288,02-04-2024 23:16,1514.87,475688569
T002789,C02267,S03663,22-05-2024 15:18,583.75,2804146418
T002790,C01397,S02738,01-03-2025 11:53,1893.53,5407121013
T002791,C01835,S04598,16-07-2025 21:06,251.58,7398720011
T002792,C01450,S00235,18-11-2024 11:00,1694.65,4249555513
T002793,C02257,S00907,20-07-2025 01:19,1423.7,4279879527
T002794,C02463,S00697,21-08-2025 11:32,466.99,9112285666
T002795,C02052,S03584,05-07-2025 01:19,483.28,6110822691
T002796,C00208,S02453,12-02-2024 15:42,1153.22,5659980248
T002797,C02994,S04796,24-10-2024 11:06,569.59,4391163633
T002798,C03929,S02093,22-09-2024 20:27,1190.79,4440168342
T002799,C00858,S03649,10-04-2024 11:41,1190.59,8161808917
T002800,C01759,S01042,30-10-2025 00:08,864.48,6642987883
T002801,C03804,S03068,07-05-2024 08:44,296.09,5873811425
T002802,C01537,S01124,25-01-2024 18:10,73.09,6661146687
T002803,C02756,S04426,22-03-2025 16:31,776.56,9297304362
T002804,C04442,S04231,12-10-2024 05:41,162.73,1170840454
T002805,C00035,S04159,12-11-2024 13:20,1907.02,5267275685
T002806,C02068,S00233,14-02-2024 12:00,448,8086719521
T002807,C02726,S00678,02-11-2024 16:01,1545.28,356628934
T002808,C03132,S01438,12-06-2025 02:22,1304,947978404
T002809,C01735,S02872,28-11-2023 18:24,818.33,1206094175
T002810,C02249,S04414,22-07-2024 21:57,1361.14,1170514354
T002811,C04563,S00821,24-11-2024 12:03,336.4,669539942
T002812,C01362,S04741,14-09-2024 18:47,1543.02,7347541686
T002813,C02697,S03195,25-12-2023 20:50,1454.78,9098447123
T002814,C00054,S04045,11-09-2025 04:40,1539.58,4618170662
T002815,C01472,S03758,29-09-2025 17:07,1577.74,6512717897
T002816,C04755,S04305,29-10-2025 01:18,1348.39,5104492963
T002817,C00737,S03239,15-06-2024 17:44,828.89,8269550790
T002818,C02820,S00213,06-03-2025 15:34,1620.12,7766301381
T002819,C02945,S01156,23-09-2024 04:06,179.88,5311195673
T002820,C04498,S02397,21-06-2025 09:24,508.47,6120231568
T002821,C01345,S00685,09-07-2024 15:13,1197.37,9939986950
T002822,C00615,S00595,11-02-2025 18:53,1775.87,1509727517
T002823,C03746,S03064,03-03-2025 08:41,1309.61,7905635734
T002824,C02403,S04017,16-05-2025 16:20,888.82,3108725241
T002825,C00417,S02597,21-12-2024 20:23,828.45,6573539581
T002826,C00971,S04824,18-12-2023 22:29,1313.29,3583266759
T002827,C01630,S02647,16-05-2025 17:13,554.39,9389840150
T002828,C01768,S03817,25-11-2024 09:57,908.34,9665656456
T002829,C03964,S04420,05-06-2025 13:51,1087.06,9724657118
T002830,C00702,S01829,07-08-2024 02:20,1267.31,9075445281
T002831,C01285,S02531,15-11-2025 06:22,1765.23,9183089864
T002832,C02906,S03551,11-04-2024 02:38,1385.79,1781290652
T002833,C01428,S04758,21-02-2024 12:32,860.83,7701970231
T002834,C04210,S02423,15-02-2025 17:10,1047.66,9018845297
T002835,C02626,S00765,22-08-2024 16:58,201.84,8373738425
T002836,C03640,S04745,03-04-2024 23:25,321.77,379043338
T002837,C01896,S04400,07-03-2025 06:48,303.34,8704128307
T002838,C04060,S03309,27-10-2024 13:34,1279.78,1189835887
T002839,C04140,S04541,19-11-2024 02:22,1510.98,1855056054
T002840,C01621,S00615,19-02-2025 03:06,1246.11,8775575551
T002841,C02140,S03555,19-05-2025 02:24,461.37,5559685797
T002842,C02569,S01687,27-11-2024 19:40,143.25,3426157257
T002843,C02297,S03568,13-10-2025 06:12,636.25,7727369075
T002844,C02558,S00343,17-08-2024 07:21,94.42,8414245802
T002845,C02579,S04971,26-05-2024 05:52,1864.8,690864305
T002846,C04703,S02928,17-04-2024 17:23,1526.04,9173526766
T002847,C01831,S03849,01-09-2025 23:52,1669.34,7505342800
T002848,C03918,S03508,26-09-2024 14:14,821.42,2031196236
T002849,C01058,S03137,11-05-2025 08:49,623.71,8629899014
T002850,C04031,S00850,25-12-2023 17:21,317.95,6228596597
T002851,C03368,S02540,28-04-2024 04:37,1155.84,9315998868
T002852,C02861,S03107,31-12-2023 09:15,347.81,6877247078
T002853,C02240,S02996,21-03-2025 00:44,1549.23,2021813223
T002854,C01741,S04019,14-02-2024 04:27,139.36,6470595264
T002855,C03835,S00673,13-03-2025 01:33,810.2,22362777
T002856,C04252,S01751,30-12-2023 20:52,1810.4,8233357883
T002857,C01816,S00423,18-05-2025 17:19,439.83,4189179870
T002858,C01448,S02338,16-02-2024 04:13,922.95,1908101953
T002859,C00130,S01616,18-03-2025 19:45,1919.27,7366742482
T002860,C03236,S01052,14-10-2025 15:25,1565.3,3904427940
T002861,C03928,S01090,17-08-2024 16:50,335.92,491522842
T002862,C03201,S00273,16-06-2024 20:11,913.15,6866195738
T002863,C04714,S03791,11-01-2025 13:23,1262.53,4037101173
T002864,C01825,S04984,30-08-2025 15:50,1102.86,3884171260
T002865,C00201,S02214,20-04-2024 08:32,627.86,9852876776
T002866,C03020,S02280,16-02-2025 05:03,1985.99,1780092080
T002867,C03075,S02066,09-12-2024 15:13,1415.9,267968732
T002868,C00002,S04868,18-08-2024 12:16,496.27,3547056126
T002869,C01303,S03589,29-04-2024 00:13,571.64,3917695907
T002870,C04583,S04978,19-02-2024 02:39,1092.62,9015681482
T002871,C00537,S01490,03-04-2024 13:51,699.83,2995220892
T002872,C03883,S00425,30-11-2024 02:44,1831.52,4329069994
T002873,C01213,S04128,05-12-2024 11:08,996.03,7896459973
T002874,C00370,S02109,08-04-2025 00:34,715.1,4060963592
T002875,C03291,S03982,18-01-2024 03:18,778.65,1617457105
T002876,C02918,S01797,27-05-2024 02:15,62.06,1263935784
T002877,C01807,S02078,20-09-2025 03:15,72.23,2804786027
T002878,C00187,S02154,23-01-2024 02:39,313.4,8971082338
T002879,C00659,S01292,06-08-2025 03:28,282.5,1218692557
T002880,C04713,S04509,10-12-2023 15:34,1088.03,2467131145
T002881,C04005,S02547,18-06-2024 07:56,1157.46,9303428445
T002882,C00657,S01127,08-07-2025 00:24,1815.97,9040451791
T002883,C02565,S03155,29-03-2024 11:19,671.64,6349817472
T002884,C00906,S03386,30-06-2025 06:32,1912.93,9052025357
T002885,C03744,S01787,16-09-2024 09:46,890.24,2926081274
T002886,C01903,S02716,16-03-2024 03:23,263.95,2239759778
T002887,C01357,S04383,26-03-2024 11:09,266.87,6514737918
T002888,C03923,S03230,11-10-2024 07:40,695.15,7337827904
T002889,C01878,S04266,07-01-2024 23:01,118.59,8228752312
T002890,C03008,S00801,24-01-2024 09:13,784.36,139823572
T002891,C03268,S03284,07-06-2024 05:00,421.5,5125852453
T002892,C04277,S04752,10-07-2025 08:21,669.46,2844117164
T002893,C03307,S03526,23-06-2024 12:26,707.3,8298087074
T002894,C01652,S03983,24-10-2025 09:17,693.29,6475565585
T002895,C01894,S02123,07-02-2024 05:53,845.53,2810891729
T002896,C04639,S01911,01-01-2025 09:31,1014.95,1948781556
T002897,C03363,S00262,03-06-2025 13:47,1552.05,558161388
T002898,C02520,S00215,18-06-2024 19:43,863.69,7448572618
T002899,C01855,S02372,21-05-2025 19:14,751.8,4314566855
T002900,C03615,S01658,26-02-2024 19:51,886.32,1157954719
T002901,C02066,S02466,24-09-2024 11:01,724.54,5753068580
T002902,C03385,S02443,04-11-2025 17:10,710.66,6329061402
T002903,C04717,S00965,27-10-2024 16:23,454.17,1821627684
T002904,C02975,S04626,24-04-2025 18:16,1732.89,6855233526
T002905,C04024,S00759,18-09-2025 05:15,910.55,4620119353
T002906,C01962,S02562,09-06-2025 03:29,770.63,3830686711
T002907,C01428,S02605,16-05-2025 04:50,1357.01,8126500979
T002908,C01273,S03308,28-12-2024 07:49,1730.26,9867449942
T002909,C01539,S02255,19-02-2025 08:40,1641.51,3290996086
T002910,C04987,S00876,12-01-2024 05:42,1899.38,1818645366
T002911,C03469,S03971,19-01-2025 09:34,1024.46,2504553548
T002912,C02967,S03427,31-10-2025 14:04,406.12,3103899387
T002913,C04931,S03317,16-11-2024 04:47,931.52,2485365662
T002914,C00734,S02900,11-04-2024 02:32,1587.41,4099941347
T002915,C03946,S02517,13-01-2024 01:53,849.23,2556517321
T002916,C03725,S04984,30-08-2024 15:41,777.19,175714099
T002917,C02049,S01563,14-11-2025 14:18,568.08,9365054578
T002918,C01427,S03529,05-07-2024 10:30,744.39,8537267092
T002919,C02883,S03252,29-04-2025 05:07,351.55,922411408
T002920,C02572,S00094,26-09-2025 04:19,237.63,2629198073
T002921,C00507,S03035,17-05-2024 05:04,748.69,5845128031
T002922,C02029,S04619,17-11-2025 02:20,628.68,1382206734
T002923,C01702,S02917,04-05-2025 18:12,259.51,9315104441
T002924,C00043,S03049,13-09-2024 15:42,1647.39,501632940
T002925,C02516,S00991,06-02-2024 03:00,248.22,6624512563
T002926,C01923,S02154,12-08-2025 19:56,1558.11,7503233419
T002927,C03456,S04926,13-05-2024 01:47,108.01,2528551784
T002928,C02716,S02985,30-11-2024 00:31,1903.79,528060741
T002929,C04877,S00041,16-02-2024 21:21,728.42,85506721
T002930,C02848,S01120,09-06-2024 07:36,1813.43,6455907493
T002931,C00891,S01155,13-04-2024 07:15,66.68,2133768187
T002932,C04672,S03754,08-06-2024 05:21,131.5,1560065473
T002933,C04897,S02311,08-01-2024 05:50,333.6,2657176468
T002934,C02289,S02806,26-03-2024 07:15,1653.83,6779910147
T002935,C02556,S01658,26-09-2024 08:05,306.65,5214511395
T002936,C03917,S03245,03-12-2023 07:37,498.38,2713877601
T002937,C03587,S04093,03-01-2024 23:50,92.16,4395632516
T002938,C01643,S03400,25-08-2024 03:16,507.51,4438302135
T002939,C00789,S03659,30-11-2023 10:07,862.8,2526207447
T002940,C02800,S02323,12-12-2023 19:15,1761.42,1053726979
T002941,C02644,S04512,14-03-2025 00:54,1671.22,2621209579
T002942,C01197,S02678,03-01-2025 22:35,826.24,3550722698
T002943,C00156,S03516,28-08-2024 06:40,602.76,6031059711
T002944,C01749,S02221,15-07-2024 14:32,1750.2,2302157142
T002945,C03621,S03666,20-05-2024 09:04,1749.89,1120950105
T002946,C04182,S01280,06-04-2025 07:04,1933.19,9732104203
T002947,C03519,S03263,26-11-2024 13:12,419.74,4195987244
T002948,C03925,S03403,23-03-2024 22:58,1434.61,1733042718
T002949,C00860,S04141,14-03-2025 09:24,1957.87,2607132912
T002950,C04765,S00256,01-01-2025 13:24,371.56,4659593070
T002951,C04033,S02004,19-12-2023 07:10,241.35,5849164952
T002952,C04306,S00366,27-08-2024 03:04,953.37,7185149371
T002953,C01596,S02964,30-12-2023 01:33,158.59,9880154645
T002954,C00503,S04449,25-03-2025 19:32,713.87,6497250464
T002955,C03452,S03704,21-03-2025 05:22,503.3,317173353
T002956,C03349,S03243,25-09-2024 03:30,550.46,3000637277
T002957,C00473,S03475,11-07-2024 18:36,225.02,6422596184
T002958,C00378,S00108,21-01-2025 09:22,1193.77,9927152072
T002959,C04264,S04072,26-09-2025 22:40,1197.39,8937071629
T002960,C00789,S00845,17-09-2025 01:25,357.95,698630506
T002961,C03091,S03352,05-08-2024 19:43,1606.29,1439353733
T002962,C03154,S04398,26-04-2025 09:53,895.76,5889996251
T002963,C03573,S04758,25-11-2023 04:24,1042.06,7949475020
T002964,C03355,S03167,30-10-2025 22:37,415.16,4428202710
T002965,C02162,S01357,01-03-2025 18:29,1140.77,670264432
T002966,C01020,S03669,21-01-2024 22:54,1417.53,2756334507
T002967,C02014,S00445,21-07-2024 17:29,607.14,1658055977
T002968,C02036,S02801,24-06-2025 20:10,1651.36,1283377192
T002969,C00570,S03245,11-11-2024 11:22,1079.92,1381374235
T002970,C00435,S03494,07-07-2024 23:01,1426.86,3415473284
T002971,C01671,S03629,27-12-2023 02:24,1915.37,9348567000
T002972,C04815,S01906,07-01-2024 13:21,334.41,6316492608
T002973,C04618,S04465,20-05-2025 05:21,1952.17,2033156449
T002974,C02436,S02153,03-07-2024 05:59,1347.16,4964262997
T002975,C01804,S00526,19-09-2024 21:18,1573.99,9475808489
T002976,C01796,S02590,21-04-2025 11:35,1504.87,662238522
T002977,C03778,S01197,23-02-2025 23:57,388.97,4197730370
T002978,C00529,S03044,04-04-2025 19:06,590.86,3925833159
T002979,C01156,S03811,16-08-2024 09:19,1754.96,9189962138
T002980,C04097,S04149,17-02-2024 09:12,1451.78,6893032302
T002981,C01326,S00610,22-10-2024 23:01,561.97,3364760860
T002982,C04562,S00719,11-01-2025 01:11,1972.17,4465602135
T002983,C01932,S03215,08-10-2025 06:21,1284.2,6005392613
T002984,C04754,S00541,18-12-2023 20:48,1560.83,8621193722
T002985,C01857,S01098,21-10-2025 06:29,1735.61,9807386598
T002986,C00258,S02328,17-08-2024 00:45,1421.72,2680167869
T002987,C04794,S00133,17-05-2024 17:40,228.34,5620333317
T002988,C03362,S01616,09-06-2025 07:05,1244.26,5011428087
T002989,C03251,S01447,08-10-2024 00:43,1340.22,2457476577
T002990,C00157,S03880,28-04-2025 13:52,408.43,6074237611
T002991,C03160,S03315,19-11-2025 23:35,293.07,490035809
T002992,C04965,S04238,10-07-2025 00:53,669.08,892302195
T002993,C00242,S02540,19-02-2025 10:08,1229.86,7223612936
T002994,C01912,S00757,08-05-2025 05:20,426.07,4405615431
T002995,C01329,S00105,10-10-2024 10:52,1439.63,854963891
T002996,C03136,S01774,05-01-2024 17:10,1473.09,1531981640
T002997,C01063,S00804,13-07-2024 00:51,367.59,1640973702
T002998,C03975,S02514,13-07-2024 10:46,896.3,8190488132
T002999,C04781,S01478,05-04-2024 07:12,455.9,9468831258
T003000,C01947,S03251,20-12-2024 16:43,959.81,7268814120
T003001,C03102,S03733,09-09-2025 20:24,1448.96,1729376555
T003002,C01361,S03342,21-10-2024 15:12,300.57,3293795826
T003003,C04235,S00171,26-08-2025 01:07,673.52,1178286669
T003004,C03389,S02385,13-08-2025 21:22,1695.63,6703253607
T003005,C04506,S03652,24-04-2024 23:29,1087.91,6614399061
T003006,C04973,S04185,30-03-2025 14:43,1017.88,4224221759
T003007,C01457,S02383,25-04-2025 02:46,1048.17,4378818865
T003008,C01598,S01810,23-12-2024 14:06,1253.06,8257809767
T003009,C00433,S01594,20-09-2024 17:30,1544.83,2320513608
T003010,C01471,S01814,17-07-2024 11:13,209.12,6049996465
T003011,C02897,S03055,14-01-2024 06:00,880.8,9844372747
T003012,C03437,S03238,24-01-2025 04:00,840.84,8436990812
T003013,C02201,S03670,14-01-2025 14:34,288.05,6192528678
T003014,C04552,S03411,05-05-2025 06:08,981.76,9468015349
T003015,C02815,S00450,20-04-2024 09:48,201.58,2664686852
T003016,C02696,S03446,22-04-2025 16:39,1470.49,3316354004
T003017,C03817,S04697,06-09-2024 01:04,907.66,1615824935
T003018,C02772,S02276,06-01-2024 17:14,79.57,304653101
T003019,C04858,S00435,07-11-2024 09:38,191.26,1034943782
T003020,C02173,S03056,06-12-2024 15:28,295.22,3220827073
T003021,C02244,S04222,17-08-2025 08:43,224.1,2550830683
T003022,C00516,S01412,18-09-2025 01:26,1398.01,4084687389
T003023,C02518,S02227,26-07-2024 12:04,647.34,3317889930
T003024,C02510,S03312,14-07-2025 17:09,1428.07,9646203584
T003025,C03724,S04400,14-10-2024 09:21,1540.76,3802989127
T003026,C00421,S04687,22-04-2024 03:39,1293.33,2442093449
T003027,C03028,S01418,28-06-2025 19:04,385.37,3124151993
T003028,C02197,S01790,11-05-2024 22:28,634.3,4359431293
T003029,C04640,S02003,10-01-2025 08:24,1269.77,7471902684
T003030,C04138,S03940,06-07-2024 06:37,256.22,4231872128
T003031,C01261,S01835,30-11-2023 00:01,193.26,4306162874
T003032,C00065,S03601,08-02-2024 00:19,1830.02,3172909478
T003033,C01367,S02334,16-04-2025 05:08,1846.88,541029489
T003034,C00057,S01393,23-12-2023 10:24,910.07,18397509
T003035,C03235,S00977,30-12-2024 17:37,1511.95,2232117261
T003036,C03414,S03797,27-10-2025 12:51,1013.4,7615166421
T003037,C00983,S00747,10-09-2025 03:56,1043.47,4696014969
T003038,C01733,S00569,12-06-2025 23:06,1298.06,1730571524
T003039,C01352,S01915,20-11-2024 01:17,251.14,1665420585
T003040,C04315,S02482,01-12-2024 17:56,1531.25,2760743369
T003041,C02748,S04986,16-03-2024 09:10,1961.83,1447853559
T003042,C04059,S00182,10-11-2025 11:03,183.71,3901155443
T003043,C02558,S00015,27-10-2024 22:18,1502.26,2821010997
T003044,C03861,S01189,20-09-2025 19:09,1224.07,2655755739
T003045,C04717,S01180,15-11-2024 12:51,1451.24,7999819757
T003046,C04718,S01000,10-02-2024 14:52,139.84,3544727669
T003047,C00606,S00114,09-12-2023 20:36,1920.28,2918099828
T003048,C02700,S01400,28-08-2024 14:34,299.18,4356651577
T003049,C02082,S04166,09-08-2025 04:25,1748.37,4032804514
T003050,C02833,S01722,14-01-2025 18:40,523.58,8978167326
T003051,C03840,S01941,08-12-2023 19:02,64.95,3438714832
T003052,C03529,S01620,16-11-2025 14:05,1436.27,8596643360
T003053,C03863,S00290,28-03-2024 09:29,1615.33,3688554420
T003054,C03740,S01480,30-07-2025 14:18,887.23,490835629
T003055,C01043,S02897,22-04-2024 12:38,1304.7,9087571960
T003056,C00689,S01002,11-12-2023 13:38,1466.83,5143377661
T003057,C04551,S04439,10-05-2024 13:38,231.53,9800497952
T003058,C03964,S01026,15-06-2025 23:15,130.01,4186473969
T003059,C02464,S01568,19-12-2024 19:22,1953.03,7860626069
T003060,C02019,S04538,23-08-2024 12:30,1450.73,3183232245
T003061,C04089,S04473,15-10-2024 06:52,1904.76,6378567638
T003062,C02491,S02823,07-02-2024 03:40,506.6,7259749582
T003063,C00508,S04382,20-11-2025 17:58,1219.4,6973729591
T003064,C03398,S02168,13-04-2025 22:30,1296.92,5231245701
T003065,C04294,S01297,04-06-2024 00:04,512.95,4993752873
T003066,C04640,S04301,09-05-2025 11:06,87.91,6078769453
T003067,C03089,S00562,26-10-2024 10:42,681.76,178587379
T003068,C00106,S01152,05-12-2023 23:13,1703.22,7281755597
T003069,C04427,S00766,17-02-2024 10:47,939.97,2731087828
T003070,C01898,S01377,19-02-2025 09:33,889.6,352365969
T003071,C04762,S02873,30-08-2024 22:04,1230.29,7185342454
T003072,C00241,S00825,09-11-2025 04:00,1811.94,5968471190
T003073,C02215,S03554,07-11-2025 14:43,1942.7,3215303039
T003074,C02840,S02088,28-11-2024 04:24,869.25,9307691841
T003075,C01501,S01317,24-05-2024 14:48,90.14,7570185870
T003076,C00386,S02813,24-01-2025 06:50,83.8,1076357873
T003077,C02848,S04162,16-09-2024 13:30,1055.61,88925440
T003078,C00972,S02083,28-11-2023 01:12,1754.19,7222683178
T003079,C02774,S00134,19-11-2025 11:03,614.55,7861706800
T003080,C04769,S04215,18-10-2025 19:57,1027.32,9673282700
T003081,C02514,S04737,01-10-2024 03:02,1413.41,7764197350
T003082,C04506,S00687,28-08-2025 09:23,997.24,4944331976
T003083,C04630,S04606,13-05-2024 02:38,758.83,2612244410
T003084,C02737,S03027,11-11-2025 12:15,927.27,7390602897
T003085,C04896,S03766,02-06-2025 03:36,910.21,6797547107
T003086,C04866,S02977,23-02-2025 16:40,1276.72,9024537628
T003087,C03195,S04545,09-10-2024 22:31,329.43,6825079236
T003088,C00884,S04921,16-05-2024 07:52,253.02,1334437882
T003089,C04532,S00969,04-04-2025 06:48,110.7,3478228879
T003090,C01318,S01039,10-09-2024 03:46,1174.72,9184777641
T003091,C04541,S04400,06-03-2024 11:17,1635.65,6234617330
T003092,C02226,S02667,31-12-2024 11:06,304.58,1099082704
T003093,C02303,S01308,27-02-2025 11:28,377.95,5071584440
T003094,C00407,S02102,04-02-2025 16:50,202.76,9393783192
T003095,C00735,S04727,29-08-2025 06:50,63.39,2995888179
T003096,C03128,S04151,27-06-2025 23:24,1313.93,9010163146
T003097,C02606,S02141,11-07-2025 20:13,361.78,5726595560
T003098,C01453,S02921,27-12-2023 09:52,1653.97,2485633571
T003099,C03235,S03541,09-04-2025 08:31,521.15,1239055449
T003100,C02426,S02290,03-11-2025 18:24,1481.63,2454702137
T003101,C01309,S04134,03-11-2025 01:16,457.65,4318658761
T003102,C03644,S02113,08-03-2024 15:23,536.49,6441813322
T003103,C03335,S03099,30-04-2024 03:45,168.72,1051820060
T003104,C02000,S04716,12-12-2024 21:09,362.4,6065091989
T003105,C03572,S00450,13-09-2024 16:06,1532.26,1112611330
T003106,C02570,S03759,15-03-2025 10:31,375.3,3221591775
T003107,C00494,S03424,21-09-2024 00:29,1160.84,5190797886
T003108,C02874,S01905,18-09-2024 05:47,1278.44,373265662
T003109,C00357,S03662,25-08-2025 04:27,1162.73,9234586579
T003110,C04860,S02965,02-11-2025 01:11,1873.6,7751320715
T003111,C02786,S00777,21-10-2025 23:00,622.18,900595839
T003112,C01542,S00776,28-07-2024 08:33,1299.44,7216476385
T003113,C01819,S04988,03-12-2023 06:39,1487.8,4908478088
T003114,C02402,S03690,06-05-2025 03:40,1401.03,7287217987
T003115,C03245,S02123,12-10-2024 06:46,1863.68,8991665078
T003116,C00743,S02308,10-12-2023 03:08,881.3,6807778751
T003117,C03135,S00824,19-06-2024 11:47,1259.96,8450549481
T003118,C02528,S01165,17-12-2024 20:19,1804.33,6881971445
T003119,C02887,S02148,26-12-2023 03:39,1755.15,6770370187
T003120,C02045,S02640,08-01-2024 07:55,647.71,1716091941
T003121,C00100,S03824,13-04-2025 18:42,723.63,2546165732
T003122,C02544,S02311,12-11-2025 06:35,1698.54,4189692611
T003123,C00087,S04571,20-10-2024 14:08,814.3,879746129
T003124,C03859,S00773,05-05-2024 02:33,400.94,5735567689
T003125,C03737,S03219,02-03-2024 09:19,827.79,3070001116
T003126,C04082,S02907,23-03-2025 18:55,840.94,567000524
T003127,C01977,S02362,08-09-2024 09:30,437.48,7983449924
T003128,C01396,S03409,26-04-2024 22:35,208.07,7176531854
T003129,C00226,S03396,13-01-2024 19:06,1949.76,9211045943
T003130,C00292,S03047,12-08-2025 10:08,1312.15,8534731437
T003131,C02657,S04357,26-09-2025 01:04,586.18,3818271572
T003132,C00186,S00834,01-02-2024 08:08,1547,8139558820
T003133,C00365,S04636,18-02-2024 16:01,71.45,3401092239
T003134,C00732,S00835,23-02-2024 08:26,1904.64,9605867972
T003135,C04884,S00891,22-04-2024 16:56,1548.41,5195965380
T003136,C03702,S03750,27-06-2024 14:54,1915.1,5584047441
T003137,C03438,S01315,06-07-2025 18:44,1947.37,1881635831
T003138,C01075,S01218,23-10-2024 13:43,1870.24,3210134272
T003139,C02299,S01224,29-09-2024 00:12,182.93,7240247625
T003140,C04487,S00774,19-06-2024 10:59,1063.68,4719897323
T003141,C04177,S02527,26-05-2025 17:39,119.59,2772612345
T003142,C04006,S01361,21-03-2025 11:51,1589.79,5636726710
T003143,C02098,S00005,02-05-2025 10:59,1992.9,1798356360
T003144,C02312,S01186,30-12-2024 15:49,1430.77,4197799674
T003145,C01051,S02171,03-10-2025 18:48,568.07,6711342185
T003146,C02904,S04202,04-12-2024 13:16,795.23,287186805
T003147,C03261,S01143,14-11-2025 15:28,872.72,6026373875
T003148,C04555,S03812,28-02-2025 11:27,1788.37,4939041905
T003149,C01598,S00442,11-06-2024 23:47,115.19,4603805693
T003150,C00781,S02493,06-12-2024 11:58,797.36,4495220532
T003151,C01463,S03918,23-09-2024 03:59,1783.23,4759671623
T003152,C04176,S04777,12-03-2024 21:30,1261.13,4524881981
T003153,C00503,S02186,30-03-2025 17:37,703.48,3891518851
T003154,C03125,S00938,01-07-2024 05:41,1454.86,482051926
T003155,C03010,S03858,29-10-2025 23:51,1712.33,6247863007
T003156,C04656,S01319,24-03-2024 11:48,121.85,6189201723
T003157,C03129,S04638,21-03-2024 11:24,530.88,257911545
T003158,C04194,S01399,10-03-2025 14:59,1312.92,2073320053
T003159,C03154,S00729,21-09-2024 23:17,1373.53,9734287079
T003160,C00776,S04640,02-02-2024 20:19,201.78,586168703
T003161,C01140,S03681,20-11-2024 21:52,991.44,4800545287
T003162,C00012,S00406,16-12-2024 22:44,1079.33,6004899814
T003163,C02907,S00680,17-09-2024 15:08,193.46,1606813355
T003164,C01499,S04661,04-05-2024 06:30,1477.52,5517711503
T003165,C02500,S03171,16-02-2025 05:42,508.42,4013945414
T003166,C01927,S00527,11-09-2025 02:30,1207.68,2476916764
T003167,C03218,S03930,12-06-2025 08:55,699.96,7470443307
T003168,C00891,S00188,04-02-2025 16:11,1737.4,3097942904
T003169,C00205,S02626,14-08-2024 03:54,1806.06,6392310969
T003170,C03987,S00162,01-02-2024 13:50,557.33,1355284991
T003171,C02273,S04720,06-01-2024 21:38,602.63,2559369126
T003172,C00014,S02015,01-03-2025 19:25,1843.66,6576548404
T003173,C00430,S02186,18-02-2024 07:13,627.85,6390277003
T003174,C04312,S02473,18-07-2025 11:36,1366.16,6759219977
T003175,C03858,S02305,25-09-2025 16:10,1289.78,4343192095
T003176,C03371,S00823,07-01-2025 00:01,1347.64,448595786
T003177,C01156,S04890,24-07-2025 19:05,186.31,860287589
T003178,C04494,S03207,25-12-2023 19:19,236.56,2883719728
T003179,C01856,S01198,23-12-2023 11:16,287.43,7882406880
T003180,C00552,S01821,07-09-2025 22:41,1023.25,9427558770
T003181,C02206,S04545,04-12-2024 05:07,1047.52,9054302087
T003182,C01548,S01709,22-09-2025 17:11,144.02,7234640368
T003183,C03947,S03089,29-06-2025 22:39,1397.31,6459820721
T003184,C02268,S01625,30-11-2023 00:06,1225.99,2581041751
T003185,C02010,S02517,11-10-2025 12:50,1750.5,3434777745
T003186,C01142,S02792,09-08-2024 19:17,1200.08,8328010543
T003187,C00559,S01247,25-05-2025 07:34,1181.68,7796832538
T003188,C00916,S04630,25-04-2024 07:47,1184.4,5938878940
T003189,C04161,S03448,09-02-2024 06:48,960.98,5352161126
T003190,C02078,S04031,31-03-2025 00:51,407.65,8386618512
T003191,C01945,S01664,02-06-2025 16:59,1107.21,6582227295
T003192,C01288,S01555,15-04-2024 18:33,1082.04,8784565321
T003193,C01502,S04711,10-08-2025 18:31,1359.5,4127802141
T003194,C03275,S01616,24-01-2025 18:03,614.95,7181032639
T003195,C03607,S01058,19-07-2024 02:31,1268.49,7085841339
T003196,C03831,S02049,30-10-2024 12:23,1536.43,7711271349
T003197,C03937,S02137,30-07-2025 22:47,495.15,9547637972
T003198,C00272,S01319,16-04-2025 10:53,663.59,7374529526
T003199,C02566,S02681,09-12-2024 23:46,1204.79,5877090142
T003200,C03368,S02109,15-08-2024 23:51,1981.93,3940387317
T003201,C01735,S00859,08-12-2023 07:24,1285.28,1830108786
T003202,C00304,S01054,16-08-2025 18:21,461.54,3535623866
T003203,C03577,S04106,28-03-2024 21:22,1655.04,6251039607
T003204,C04077,S02366,01-04-2025 07:08,631.82,1537540749
T003205,C03821,S02727,08-08-2025 10:06,1557.27,6913173007
T003206,C03120,S02545,28-04-2024 14:40,439.45,2322509102
T003207,C03182,S04965,06-12-2024 06:54,1074.06,6125425479
T003208,C01825,S01725,19-03-2024 02:43,1490.63,4975652226
T003209,C00826,S03210,23-07-2025 08:57,1928.53,5931301313
T003210,C03058,S03672,22-01-2025 20:51,857.83,129904844
T003211,C02718,S00851,13-08-2025 23:55,983.66,4669173994
T003212,C01564,S00211,15-08-2024 18:23,409.74,6504656619
T003213,C02262,S02659,18-10-2025 16:52,1442.3,1440314986
T003214,C04771,S02879,04-02-2024 14:04,1297.51,2532354295
T003215,C04599,S01009,14-01-2024 20:30,1371.32,5884165870
T003216,C04953,S04346,18-08-2025 03:02,1277.46,4479541115
T003217,C03606,S00541,25-10-2024 17:20,930.39,8926788942
T003218,C03144,S01625,09-07-2024 14:17,1121.8,6269400260
T003219,C02745,S00799,21-12-2023 18:26,975.92,139095552
T003220,C03898,S03801,23-10-2025 15:06,1053.97,3812054476
T003221,C01657,S03037,25-03-2024 09:03,946.62,1747162991
T003222,C01998,S03479,21-07-2024 11:26,647.06,8998697777
T003223,C02047,S00191,19-03-2025 04:41,1899.29,6443136664
T003224,C03216,S03672,04-03-2025 07:45,1814.62,2715307877
T003225,C00679,S00998,03-09-2024 05:29,1199.59,3880734289
T003226,C04957,S01989,31-07-2024 06:32,1596.98,1387940338
T003227,C03973,S00327,22-01-2025 13:01,1609.64,3229834917
T003228,C03428,S00748,18-03-2024 00:42,1761.2,6956077344
T003229,C01562,S00655,05-09-2024 09:58,1235.91,6172121631
T003230,C01192,S04862,11-03-2025 06:26,277.13,1114610998
T003231,C00949,S02507,16-05-2024 01:23,1187.05,2316543268
T003232,C02802,S00373,21-05-2024 23:59,151.64,1946946189
T003233,C01889,S01491,29-08-2024 21:42,1026.59,4336207659
T003234,C04611,S04545,06-01-2025 01:42,759.33,1575944024
T003235,C03267,S00284,17-08-2025 00:45,544.93,8002560644
T003236,C00317,S03201,06-11-2024 20:27,331.76,7391939030
T003237,C00759,S01710,19-07-2025 14:13,1275.38,6395499313
T003238,C02277,S02364,06-04-2025 05:21,525.7,6370111103
T003239,C01220,S03409,20-05-2025 03:21,1801.08,8507389037
T003240,C01930,S02455,12-11-2024 14:45,65.23,8200808270
T003241,C01329,S02893,28-02-2025 06:38,1119.32,6456073027
T003242,C01785,S03813,01-09-2024 15:46,1862.05,3051545238
T003243,C04501,S01167,02-10-2025 07:12,1612.7,9184194786
T003244,C04955,S02386,27-11-2023 06:16,874.19,9064762733
T003245,C02377,S00109,20-06-2024 14:28,818.56,8529224730
T003246,C00748,S04720,15-08-2025 12:14,1695.83,8625677719
T003247,C04058,S03619,14-05-2025 21:51,1741.28,6711372847
T003248,C03830,S02685,11-02-2025 18:12,675.06,8797160479
T003249,C02814,S01258,27-06-2024 01:12,1828.4,6631138980
T003250,C00795,S02091,31-03-2024 03:39,182.31,1081268082
T003251,C04231,S01918,06-09-2024 15:34,517.46,9046971238
T003252,C04248,S00244,28-06-2025 17:31,269.14,4819962233
T003253,C04743,S03344,04-02-2024 12:36,979.85,4765222462
T003254,C03289,S00479,17-01-2025 09:35,121.18,935313137
T003255,C00786,S01704,01-09-2024 07:30,1765.63,3638246195
T003256,C00987,S03532,25-07-2024 12:29,143.93,3170724641
T003257,C02932,S01673,16-04-2025 14:09,1943.21,5777186536
T003258,C01822,S00583,03-11-2024 04:32,1653.36,1126814358
T003259,C01286,S01542,09-06-2025 04:14,1905.11,2580702901
T003260,C02574,S02283,24-06-2024 21:48,1872.64,5818264474
T003261,C03082,S02954,01-04-2024 23:49,1273.91,2904815708
T003262,C01256,S01418,08-01-2025 05:49,712.66,7810789395
T003263,C02985,S00755,25-09-2024 02:07,1513.75,797016961
T003264,C02650,S03065,15-11-2024 06:38,1592.36,9627344507
T003265,C00428,S04410,28-03-2025 14:29,1601.42,4034561724
T003266,C01807,S04116,08-10-2024 11:22,151.35,1362235230
T003267,C04323,S03890,05-02-2024 06:31,350.52,9306564853
T003268,C04833,S03176,31-12-2024 19:38,505.3,2301622739
T003269,C00603,S02294,25-07-2025 15:23,1771.73,8634880645
T003270,C02898,S03565,08-05-2024 07:49,1994.77,4952620727
T003271,C03569,S04907,16-11-2025 19:45,1835.14,9701656215
T003272,C02565,S00572,18-09-2024 05:52,1866.18,1043905010
T003273,C00404,S04219,11-07-2024 03:16,624.02,9945932567
T003274,C01766,S03090,08-05-2024 09:16,1878.22,7039254964
T003275,C02456,S04435,04-04-2025 16:55,701.76,1876930518
T003276,C03933,S02699,26-08-2024 16:01,1248.82,112289734
T003277,C00106,S00976,14-04-2024 12:56,192.18,7672130338
T003278,C01519,S01557,15-09-2024 09:55,1838.9,3657470150
T003279,C03822,S04562,02-11-2024 22:32,1794.6,7761284640
T003280,C00919,S00108,15-04-2025 14:48,839.36,5667585251
T003281,C04595,S03303,07-07-2025 18:24,1950.63,3037409680
T003282,C04818,S01062,05-01-2024 07:58,1547.73,678062721
T003283,C00910,S03525,14-02-2024 22:33,589.38,7060154362
T003284,C00212,S03398,19-01-2025 04:49,1371.1,2467799207
T003285,C04295,S04987,06-04-2024 23:51,1979.2,7287988229
T003286,C02369,S02865,21-12-2023 17:28,929.12,6117381586
T003287,C04114,S04827,19-06-2024 22:59,903.39,1049026627
T003288,C03457,S01127,27-03-2024 20:00,1651,308008579
T003289,C04153,S02534,14-12-2023 15:35,1003.68,8588917459
T003290,C02664,S01434,10-06-2025 21:44,384.52,9211426616
T003291,C02192,S04181,13-10-2025 01:19,1069.72,7563867197
T003292,C03391,S04079,22-09-2025 09:56,747.69,5449457614
T003293,C02739,S03027,03-04-2025 06:10,599.94,5194322313
T003294,C02534,S02592,02-01-2025 14:43,1380.35,2254851000
T003295,C00684,S00536,03-12-2024 00:33,997.81,8416446939
T003296,C01700,S01463,05-07-2025 11:24,1422.8,9996181447
T003297,C00887,S02021,28-09-2025 02:16,724.82,4637135755
T003298,C01358,S00876,07-09-2024 09:32,1727.27,1493794555
T003299,C01929,S03286,03-11-2024 14:37,453.18,9286954349
T003300,C00805,S02085,07-01-2024 07:35,469.84,1960592475
T003301,C01414,S03436,23-12-2023 05:37,505.07,4460713338
T003302,C04662,S01964,10-04-2025 16:59,861.96,8203901487
T003303,C01744,S03685,06-08-2025 10:34,886.21,7333637959
T003304,C00839,S04124,10-05-2025 13:26,548.32,2735159290
T003305,C01316,S03969,11-07-2024 02:11,1390.6,872519880
T003306,C00247,S04366,21-08-2025 04:02,1669.56,4692615201
T003307,C03892,S00487,17-03-2025 13:52,1782.92,4423168666
T003308,C01945,S00462,07-01-2024 14:02,1092.82,6399726479
T003309,C00080,S04329,12-11-2024 22:19,882.95,41295661
T003310,C03987,S04881,08-03-2024 09:05,1374.89,7947789269
T003311,C00064,S01622,16-04-2024 11:57,1016.28,2741057694
T003312,C03834,S03254,18-10-2024 04:14,1124.49,7088385242
T003313,C02252,S04947,16-01-2025 09:22,180.19,6022256967
T003314,C04696,S01919,29-06-2025 17:36,492.97,6482349878
T003315,C04814,S01708,07-07-2024 07:16,418.19,4225430381
T003316,C02875,S04971,01-02-2024 20:32,1278.56,589044936
T003317,C01236,S03221,12-03-2024 08:20,1860.76,5032666267
T003318,C00390,S02134,05-12-2024 18:07,1823.35,2193176708
T003319,C04119,S03210,13-01-2024 14:55,693.96,6994453070
T003320,C00077,S00903,31-10-2024 13:51,530.28,3257340461
T003321,C03238,S02715,05-05-2024 06:54,723.36,4078223559
T003322,C00384,S02921,03-05-2025 02:15,413.59,1546144162
T003323,C01596,S01971,14-01-2024 23:59,1015.01,7388425043
T003324,C02171,S03682,30-10-2025 07:56,1248.59,7132180423
T003325,C03685,S04601,06-01-2024 08:12,1496.86,7102341416
T003326,C03076,S02682,04-07-2024 09:35,1042.96,3861978684
T003327,C00242,S04044,07-01-2025 11:28,1657.49,8298826340
T003328,C00505,S03557,30-08-2024 05:57,463.14,3811651812
T003329,C04505,S00233,21-12-2023 12:21,861.62,2848691387
T003330,C01557,S00781,02-09-2024 23:18,1343.01,1340014088
T003331,C02685,S02223,23-11-2024 01:10,1409,8027725471
T003332,C00239,S02925,06-12-2024 01:55,434.4,3373699354
T003333,C04672,S02416,07-09-2025 08:10,60.08,3720379853
T003334,C04067,S03496,21-09-2024 08:21,1319.45,8654623439
T003335,C03890,S03146,24-08-2024 23:52,1629.93,1061564729
T003336,C01569,S03861,23-09-2024 17:21,275.85,1159096257
T003337,C00434,S04176,07-03-2024 16:40,660.72,7447879725
T003338,C02837,S04305,14-07-2025 19:28,170.98,2742274109
T003339,C01262,S02960,05-06-2025 21:48,1301.73,9036099240
T003340,C03444,S04659,30-03-2024 07:49,439.94,4080754201
T003341,C04749,S02739,08-05-2024 01:50,1558.89,5414796886
T003342,C02400,S04461,29-10-2024 07:52,255.49,7252116209
T003343,C02166,S00378,29-02-2024 20:52,1735.27,7329858112
T003344,C02015,S02275,18-11-2025 20:02,1777.02,3044547731
T003345,C03766,S01373,15-10-2024 23:57,1155.99,4405479782
T003346,C01836,S02453,17-07-2024 17:47,818.92,501834436
T003347,C02650,S01935,23-10-2025 11:57,1281.81,365961192
T003348,C00673,S04575,20-02-2025 18:53,415.19,2126397133
T003349,C00017,S01989,02-08-2024 19:16,1028.32,7016985936
T003350,C02357,S02047,04-05-2025 10:39,468.88,5003274926
T003351,C03725,S04128,18-09-2025 01:52,1357,9866270242
T003352,C00136,S01701,29-11-2023 16:03,165.73,2233152513
T003353,C02565,S02150,19-11-2024 14:52,286.93,6220668418
T003354,C04183,S02247,04-12-2024 02:22,1114.52,2085833404
T003355,C01674,S04872,06-12-2023 16:11,225.93,8375003837
T003356,C00090,S01333,21-10-2024 13:25,1845.99,2863517412
T003357,C04783,S03233,09-12-2023 10:02,1410.02,2471570342
T003358,C02253,S03524,13-07-2025 22:21,637.08,2472730324
T003359,C02939,S00091,12-06-2024 00:12,532.36,2536237517
T003360,C02541,S03186,04-10-2024 12:17,790.19,4660570629
T003361,C03514,S03380,17-03-2025 12:20,782.42,7332424196
T003362,C02758,S02529,10-08-2025 17:10,99.26,4650914952
T003363,C01398,S00816,06-08-2025 03:05,954.25,8309481565
T003364,C01440,S00142,08-08-2025 04:52,407.46,551112252
T003365,C04344,S01241,31-03-2025 18:48,955.22,1609324516
T003366,C01339,S04586,01-06-2025 12:54,1966.55,6349468094
T003367,C00414,S03213,07-08-2024 14:08,1804.65,8562428531
T003368,C03453,S04833,27-02-2024 18:52,251.05,4283495855
T003369,C01282,S04641,14-08-2024 17:14,552.64,6165056416
T003370,C03568,S03489,17-04-2024 20:53,1415.36,9263600119
T003371,C04560,S01509,21-11-2024 23:12,823.72,3337718006
T003372,C03603,S01568,20-09-2024 08:14,1429.16,6116180026
T003373,C02128,S04652,03-07-2024 09:32,1873.54,3583157489
T003374,C00569,S01050,06-03-2025 10:29,402.16,6172539651
T003375,C00282,S00046,18-08-2025 11:28,140.82,9410549705
T003376,C04938,S01028,21-11-2024 19:55,413.71,6462282213
T003377,C00044,S04379,11-02-2025 08:30,1170.09,8575340028
T003378,C04135,S02059,28-07-2024 03:57,1878.33,4821997153
T003379,C01218,S04587,13-03-2024 14:04,1159.59,7030756849
T003380,C02321,S03200,22-04-2025 20:50,759.97,8771227772
T003381,C00320,S00408,26-04-2024 07:20,397.73,8324870690
T003382,C00277,S03409,15-04-2024 22:19,939.83,4890052175
T003383,C01287,S01470,27-02-2024 15:27,1273.23,5596540288
T003384,C00105,S01645,09-05-2024 07:21,1400.94,8615737289
T003385,C02077,S02076,10-10-2024 01:54,390.13,9191649871
T003386,C01330,S00151,13-08-2024 05:47,1380.71,3235059975
T003387,C03812,S02190,23-08-2025 16:20,353.82,4166971697
T003388,C03456,S02194,11-01-2024 05:40,906.41,760246410
T003389,C04754,S00820,23-03-2025 06:06,132.77,1661046013
T003390,C00562,S03976,02-10-2024 15:53,1217.26,7730683834
T003391,C01091,S01004,06-07-2025 08:37,621.79,4919693787
T003392,C04217,S00507,08-10-2025 13:05,469.31,9217492799
T003393,C01449,S04739,25-07-2024 21:27,880.98,2034948874
T003394,C00228,S00180,28-01-2025 22:16,1903.4,406025934
T003395,C03202,S01218,20-05-2025 07:30,336.18,1821767354
T003396,C02105,S02175,02-12-2024 16:43,331.84,5163217701
T003397,C01589,S03774,16-04-2025 02:53,480.61,6377270425
T003398,C03397,S03829,04-01-2024 15:32,1067.44,8894168071
T003399,C01456,S00982,14-11-2025 06:33,1647.32,9326551797
T003400,C00160,S02662,23-03-2025 10:55,1693.64,816634989
T003401,C02434,S00035,01-01-2025 05:43,630.24,6293025833
T003402,C04644,S00245,06-08-2025 01:47,181.35,3038069831
T003403,C03654,S02642,04-05-2024 14:06,811.85,2184150205
T003404,C00498,S01439,21-09-2025 02:34,1151.46,6079465551
T003405,C04798,S00194,28-04-2024 23:09,305.8,5888813274
T003406,C00994,S00152,01-06-2025 23:02,1754.67,7006387999
T003407,C02412,S02710,21-03-2025 19:48,243.66,3186823147
T003408,C00375,S01298,06-10-2024 15:50,759.73,2397564751
T003409,C00555,S00420,29-06-2024 05:12,390.32,1448635822
T003410,C03005,S01333,01-11-2025 03:33,625.17,6785121359
T003411,C00342,S03301,08-08-2025 01:02,1705.52,8518012425
T003412,C04323,S00065,07-03-2024 19:09,1744.63,1280402144
T003413,C04293,S02920,24-11-2023 09:56,78.67,4029414773
T003414,C04681,S02333,22-06-2024 15:22,1471.39,3373238228
T003415,C03221,S03029,16-12-2024 06:39,958.13,3428928573
T003416,C00641,S04429,23-09-2024 18:30,99.62,1386478685
T003417,C02986,S04347,13-11-2025 08:40,615.32,8290236308
T003418,C03772,S03941,01-11-2025 13:11,588.98,3378293833
T003419,C02257,S01647,17-05-2025 11:22,1943.38,6084264282
T003420,C03526,S02511,01-05-2024 11:47,1138.78,2630403921
T003421,C01895,S00067,22-12-2023 10:50,147.84,3189989146
T003422,C03682,S04203,11-06-2024 05:17,95.19,3354689581
T003423,C01870,S02883,02-12-2023 09:53,965.87,3606543710
T003424,C01669,S03802,13-02-2024 10:40,1857.9,9461395031
T003425,C00201,S00409,08-10-2025 01:13,1062.39,6880571571
T003426,C03885,S04744,28-08-2024 10:26,439.27,258795305
T003427,C00072,S02218,18-01-2025 17:52,1536.45,4950374973
T003428,C03146,S02238,30-12-2023 16:26,1893.09,1765358040
T003429,C02045,S01718,13-10-2024 09:06,1438.7,4798197702
T003430,C03196,S01059,21-02-2025 21:39,1434.25,4959252613
T003431,C04754,S03564,01-07-2025 19:08,1388.27,8255822320
T003432,C04613,S03812,21-12-2023 07:07,1243.39,6657395160
T003433,C01799,S00151,20-02-2024 10:08,792.92,1619865686
T003434,C02334,S04741,26-07-2024 15:26,293.75,7004514633
T003435,C03149,S03657,02-10-2025 05:11,605.21,3369976154
T003436,C04739,S01722,16-12-2023 11:34,1190.65,2065290394
T003437,C02382,S02278,20-04-2024 13:55,1678.19,9495811911
T003438,C01470,S00779,08-11-2024 13:19,113.23,1869124350
T003439,C01431,S00746,19-07-2024 00:05,802.24,7223518492
T003440,C04616,S03922,25-06-2024 22:49,299.88,8490391074
T003441,C01407,S00128,07-02-2025 06:16,1920.43,3921133881
T003442,C01712,S02267,31-12-2024 06:19,1304.89,8054129132
T003443,C03539,S01527,25-03-2024 02:09,1840.77,7054658244
T003444,C01616,S01361,18-07-2024 16:14,1918.45,1657176768
T003445,C00546,S00339,10-07-2024 03:36,732.02,7316471436
T003446,C02038,S01072,18-03-2024 00:06,1215.55,9645370993
T003447,C03130,S04046,30-09-2025 06:11,1769.98,3344512479
T003448,C00844,S04404,09-12-2023 16:51,221.39,1868574232
T003449,C04169,S04062,22-07-2024 16:16,1255.98,78389500
T003450,C04717,S03735,12-11-2024 03:23,381.91,4063632107
T003451,C03409,S04310,14-05-2024 12:23,580.1,8285958275
T003452,C01573,S03329,16-08-2025 02:12,532.38,2050229810
T003453,C04215,S01628,24-03-2025 13:07,1369.26,5695889247
T003454,C02851,S00087,16-12-2024 19:37,862.81,4489920212
T003455,C03583,S03790,17-10-2025 00:25,1935.58,7518622810
T003456,C02699,S02473,22-08-2025 04:59,1716.91,7558758899
T003457,C02749,S01961,03-03-2025 00:00,500.48,7103469836
T003458,C02806,S01201,29-06-2024 06:22,980.83,3129225166
T003459,C01453,S03052,14-08-2024 22:08,1383.42,7719963153
T003460,C03551,S03700,27-03-2025 21:57,285.18,771291585
T003461,C00895,S01828,15-06-2024 00:02,1470.92,327022538
T003462,C03708,S04510,28-05-2024 14:38,158.8,163839835
T003463,C01236,S03236,23-03-2024 00:27,1365.73,7237919775
T003464,C04099,S02759,21-08-2024 21:57,200.56,1792814596
T003465,C01102,S04879,30-07-2025 09:10,719.17,168138996
T003466,C00684,S01729,29-03-2025 16:22,1329.25,3789933329
T003467,C03080,S00418,03-04-2024 09:51,77.09,8542660457
T003468,C01574,S04038,20-11-2024 03:10,1473.63,7117714845
T003469,C02502,S01425,03-09-2025 23:46,1239.03,7808693346
T003470,C04122,S03367,16-06-2025 12:04,969,1395915747
T003471,C02352,S01542,02-11-2024 19:46,1671.76,5309460195
T003472,C00730,S02468,17-09-2025 06:36,110.02,626759466
T003473,C01640,S02413,07-05-2024 01:28,1202.35,8956252893
T003474,C04497,S03652,07-12-2024 03:53,1953.13,5527814887
T003475,C04324,S03503,28-11-2024 05:16,1079.71,1819360284
T003476,C04534,S01847,23-01-2025 12:37,1493.17,1180589712
T003477,C00128,S01220,24-08-2025 13:18,1538.09,9309951717
T003478,C04544,S00012,20-08-2025 15:52,583.36,5174989192
T003479,C04628,S01805,04-11-2024 15:08,1518.67,6065444514
T003480,C01401,S04449,05-11-2024 12:16,1844.86,4851350890
T003481,C00655,S04594,25-05-2024 07:56,206.03,7487038350
T003482,C02895,S04605,17-06-2024 23:14,1216.49,3769228016
T003483,C02506,S02307,09-09-2025 11:33,802.16,9730615974
T003484,C03069,S02535,23-10-2025 06:38,1967.08,1916927361
T003485,C03557,S00016,21-12-2024 17:32,1059.94,1054122390
T003486,C03952,S01489,22-01-2025 01:48,1528.26,3246973165
T003487,C04142,S02646,29-04-2024 17:16,179.28,3461998135
T003488,C04749,S04951,06-06-2025 19:40,1937.64,3005259693
T003489,C03505,S01708,14-01-2025 08:14,307.78,5640322053
T003490,C00614,S04603,01-10-2025 16:01,950.95,7727595383
T003491,C04061,S00872,03-11-2025 17:01,1730.71,8384352076
T003492,C00741,S02367,26-12-2024 06:00,1263.29,5665774604
T003493,C01122,S00833,08-09-2025 08:41,510.79,5046308247
T003494,C04728,S01022,01-05-2024 14:20,1180.46,2482234389
T003495,C00831,S00428,01-10-2024 12:37,876.38,1763433168
T003496,C04090,S03721,12-07-2024 22:45,847.95,7001989817
T003497,C01343,S02448,19-03-2024 02:27,1032.78,1065447468
T003498,C02599,S04299,27-08-2024 11:29,635.45,7169971703
T003499,C01955,S00057,18-07-2024 09:42,117.48,6815387790
T003500,C02830,S02620,27-12-2023 07:00,1749.4,8141785501
T003501,C02945,S02902,05-06-2024 00:19,297.61,3458676323
T003502,C00933,S00259,21-01-2025 22:21,260.42,1669163769
T003503,C02425,S01098,23-03-2024 14:58,1921.55,534618747
T003504,C04956,S04199,15-12-2024 10:32,429.08,4735604017
T003505,C02976,S00147,07-11-2025 20:25,557.39,8532812107
T003506,C02600,S04826,01-12-2023 04:50,911,9464733628
T003507,C04085,S01535,18-10-2024 07:39,524.58,6720666527
T003508,C01436,S03932,25-12-2023 16:30,162.39,3150878309
T003509,C02004,S01478,24-12-2023 07:44,1005.93,5172846124
T003510,C03479,S00076,11-08-2024 04:10,360.91,7369604371
T003511,C04831,S03179,05-03-2024 13:27,517.69,2849769773
T003512,C04118,S03269,06-11-2024 02:15,678.89,7566763230
T003513,C04315,S03063,20-03-2024 05:39,405.89,4849116449
T003514,C04027,S02480,19-11-2025 21:13,101.23,4697716377
T003515,C02977,S02026,20-11-2025 11:04,612.24,5562978141
T003516,C03390,S03726,22-06-2025 03:22,1078.03,4608878308
T003517,C02074,S04956,07-11-2025 04:14,1764.67,9147442577
T003518,C03699,S04696,28-08-2024 11:08,614.16,9327726034
T003519,C02148,S02403,15-07-2025 21:59,1146.91,9726947551
T003520,C03437,S00994,20-05-2024 09:51,1014.36,338347764
T003521,C03632,S04643,21-04-2025 02:18,1844.24,9188222049
T003522,C02816,S03784,18-04-2024 13:16,1121.86,3115589944
T003523,C02769,S03883,23-03-2024 10:04,976.44,9463444369
T003524,C04745,S01872,14-04-2025 01:22,966.33,5197034061
T003525,C00474,S02230,04-06-2025 05:42,1139.57,2563290478
T003526,C02023,S04290,26-04-2024 06:24,483.31,7496821824
T003527,C01131,S03920,28-01-2025 15:41,292.05,9105306677
T003528,C03254,S04996,05-12-2024 04:45,1118.7,9835757566
T003529,C02306,S00731,04-04-2024 09:02,349.32,116850008
T003530,C01668,S03195,06-06-2024 10:22,1922.94,8266665285
T003531,C02865,S02270,24-10-2025 21:13,537.53,3746518104
T003532,C00655,S03487,01-01-2025 02:35,57.4,6786164415
T003533,C01652,S02759,11-10-2025 20:07,1326.02,7293177817
T003534,C04658,S02645,27-09-2024 10:30,1664.54,6278723118
T003535,C01657,S04638,19-04-2024 03:57,265.33,5190794029
T003536,C02140,S00322,21-08-2025 22:33,117.95,5862243848
T003537,C04052,S01400,19-01-2025 20:45,629.06,2698418797
T003538,C00107,S04078,05-06-2024 05:50,850.31,2925675481
T003539,C01195,S02992,08-09-2024 08:49,913.57,140669128
T003540,C02512,S02149,19-07-2024 19:39,828.19,6210727437
T003541,C01945,S01611,10-01-2025 22:38,185.06,2307339894
T003542,C03024,S02638,11-02-2024 21:32,1552.12,4116553505
T003543,C00525,S01409,27-04-2025 15:53,1729.95,1973661745
T003544,C02873,S03612,26-04-2025 11:02,1647.86,27826216
T003545,C03533,S00444,11-08-2025 18:31,1371.06,76260982
T003546,C03091,S04246,13-04-2024 20:48,729.72,6474066951
T003547,C03469,S01817,16-09-2024 03:16,1101.65,8396986026
T003548,C04374,S04879,21-04-2024 14:04,1677.55,306355552
T003549,C00787,S03587,03-12-2023 12:22,1092.75,6845589116
T003550,C04135,S03433,03-04-2025 09:31,286.93,6406780097
T003551,C02219,S04252,19-09-2024 04:28,790.89,7366304120
T003552,C00931,S01511,11-07-2025 01:10,482.84,287225834
T003553,C04471,S04797,20-11-2025 23:16,1051.17,5716061572
T003554,C04636,S02672,09-03-2025 10:26,1173.42,2958213752
T003555,C02321,S03824,30-10-2025 02:40,1461.4,551459607
T003556,C01675,S03893,21-03-2025 20:19,253.67,8958120593
T003557,C04455,S02192,03-12-2024 13:15,1619,8722276484
T003558,C01577,S03292,25-05-2024 23:08,663.91,356031039
T003559,C03262,S01003,23-12-2024 22:55,574.08,9664016381
T003560,C03629,S04191,17-05-2024 19:16,1510.15,4978322295
T003561,C03063,S01752,08-07-2025 16:10,1754.72,1477208208
T003562,C01902,S04062,11-04-2025 09:08,1767.58,4912858501
T003563,C03976,S04015,09-01-2025 05:02,540.07,4546388069
T003564,C00331,S03096,02-06-2024 16:59,1262.32,705883208
T003565,C01285,S04595,22-07-2024 12:06,1890.11,4920244142
T003566,C03705,S00734,05-06-2024 11:45,640.42,2268167167
T003567,C02145,S02235,10-12-2024 12:13,187,45707067
T003568,C00702,S00088,16-10-2025 14:25,764.23,3512727824
T003569,C02586,S03186,18-12-2023 08:09,755.36,6060803158
T003570,C00996,S00473,05-05-2024 17:58,1589.64,6807320537
T003571,C04257,S00804,20-02-2024 20:37,1808.55,9137309069
T003572,C04415,S01647,10-09-2025 00:52,1488.6,595207811
T003573,C01057,S03983,27-03-2024 12:58,1482.31,2466945491
T003574,C00683,S03927,21-06-2025 03:29,399.06,41378086
T003575,C03599,S04199,28-11-2023 18:15,1422.53,8844104830
T003576,C02184,S03231,17-03-2024 10:52,962.21,9098484769
T003577,C04638,S04777,26-06-2025 02:05,1030.76,30257517
T003578,C04713,S02613,01-07-2024 22:26,1910.62,2028621426
T003579,C03945,S03819,31-05-2024 15:20,1640.24,9926749218
T003580,C03947,S02321,15-05-2024 19:32,251.35,6216761942
T003581,C04113,S02140,01-11-2024 09:39,137.09,1709035104
T003582,C02066,S03903,05-06-2025 20:40,157.63,2250631372
T003583,C04467,S04010,30-05-2025 19:41,732.94,2005568533
T003584,C00552,S00575,13-04-2024 12:16,1546.16,8746212316
T003585,C01512,S03911,20-06-2024 23:24,1886.67,5635167037
T003586,C02046,S02186,14-02-2025 16:37,772.8,347896906
T003587,C01129,S01298,25-01-2025 06:29,1543.08,5242232145
T003588,C01086,S00410,01-09-2024 04:28,691.71,6277794870
T003589,C03958,S02741,30-10-2025 02:00,1965.8,5500115854
T003590,C01136,S00351,08-11-2025 20:49,671.69,583161835
T003591,C00691,S02255,01-07-2024 08:59,1117.5,9619183802
T003592,C01442,S01915,21-08-2025 15:57,1509.73,4465733660
T003593,C01526,S03434,15-06-2024 01:23,831.57,902038038
T003594,C00743,S03139,09-03-2025 16:42,1088.82,8935748449
T003595,C01631,S02138,02-04-2024 15:04,1935.07,2990742280
T003596,C01774,S03818,27-11-2024 13:15,1406.62,8413884516
T003597,C00448,S02375,24-12-2023 15:48,1801.01,5501033588
T003598,C02048,S04823,12-02-2025 00:24,1152.27,321171748
T003599,C03252,S03925,15-12-2024 12:18,677.75,4541093096
T003600,C02931,S02976,23-01-2025 20:56,1440.73,2228755270
T003601,C01527,S04803,17-11-2025 00:37,947.61,5642002723
T003602,C03893,S02234,01-04-2025 15:14,449.21,2041710924
T003603,C02759,S04978,31-01-2025 07:01,1664.28,1798263707
T003604,C01782,S04758,20-12-2024 15:17,1759.71,1017580556
T003605,C01485,S00222,17-09-2024 15:27,1816.57,2857995558
T003606,C03787,S03156,03-03-2025 19:42,744.02,3879514951
T003607,C01593,S00887,02-03-2024 02:49,63.03,678203744
T003608,C00474,S04332,27-12-2024 06:47,418.25,1029092928
T003609,C03906,S04382,10-10-2025 18:57,1664.93,6360339492
T003610,C03865,S03982,15-10-2025 23:11,1866.57,4777993337
T003611,C01516,S00910,04-03-2025 16:38,391.8,1287209415
T003612,C02819,S02487,03-06-2025 22:20,67.67,1751254722
T003613,C00465,S04106,11-07-2024 17:38,1130.69,1551032107
T003614,C00819,S04755,25-04-2025 13:39,475.17,8730830348
T003615,C02200,S03383,21-05-2025 18:27,1365.13,3445456804
T003616,C00362,S01527,09-05-2025 04:08,1363.89,7964049102
T003617,C00150,S01798,12-05-2025 19:30,350.96,6706431047
T003618,C03529,S04129,22-04-2024 21:33,172.52,3956024613
T003619,C01108,S03020,04-05-2025 11:39,1495.5,9999940035
T003620,C03852,S02441,05-05-2025 10:16,694.33,4293522054
T003621,C03532,S00044,01-11-2025 10:53,1080.88,1880093125
T003622,C04064,S02284,27-08-2024 09:33,519.09,2347130318
T003623,C04885,S03682,30-10-2024 19:30,1627.22,3420694857
T003624,C03367,S03043,14-09-2024 12:03,1282.24,3372518231
T003625,C04670,S04380,06-04-2025 07:13,1668.59,7923706698
T003626,C00665,S02558,26-12-2024 02:54,1266.78,2902060807
T003627,C04287,S03010,21-06-2025 04:28,1935.91,2881143549
T003628,C04074,S00397,02-09-2025 02:33,540.02,5369372485
T003629,C02969,S00534,17-06-2024 13:36,1158.56,1037342218
T003630,C01672,S00243,22-02-2025 16:57,1529.58,2966038997
T003631,C00886,S04907,04-02-2024 23:21,1252.93,8720015673
T003632,C03693,S03475,10-09-2025 11:52,1237.7,7757410326
T003633,C01054,S02608,20-01-2024 13:25,648.68,2002966303
T003634,C03229,S01412,23-08-2024 02:10,1058.43,2795794760
T003635,C00577,S03922,25-08-2025 19:53,787.27,6221640081
T003636,C01407,S02938,05-08-2025 02:11,1972.4,2652523856
T003637,C00536,S02891,21-10-2025 09:33,1309.98,8598893290
T003638,C00360,S00757,06-08-2025 06:48,1963.45,2427425654
T003639,C01380,S04916,04-08-2024 01:25,407.5,4888342519
T003640,C04216,S02987,17-07-2024 11:24,894.81,6403846792
T003641,C04701,S02269,22-06-2024 03:21,1638.39,942570641
T003642,C02511,S00622,24-03-2025 00:05,1565.93,2950050646
T003643,C03374,S01304,17-12-2023 18:50,178.52,5104848229
T003644,C00221,S00714,10-09-2025 02:40,1830.19,3564889537
T003645,C01022,S01656,03-02-2024 17:27,893.42,4525614518
T003646,C02244,S02097,30-12-2024 13:45,801.73,6584600800
T003647,C04842,S00380,16-08-2024 17:55,198.86,6783580815
T003648,C01816,S02300,29-08-2025 23:58,967.31,4263112602
T003649,C02900,S04016,07-01-2024 22:53,1123.64,5570320528
T003650,C04991,S03768,29-06-2024 10:44,1183,4200589388
T003651,C00404,S03973,14-07-2025 11:20,631.99,4049347034
T003652,C00873,S00296,03-07-2024 08:42,622.49,3203609499
T003653,C00111,S02745,05-07-2025 10:15,1067.06,9519214147
T003654,C03869,S04791,05-10-2024 07:42,174.36,7019052179
T003655,C03031,S00034,19-05-2024 22:29,1967.8,8426101486
T003656,C01384,S01274,08-07-2024 17:43,760.43,6854131762
T003657,C01963,S03964,07-12-2023 00:00,1490.13,8817307511
T003658,C03380,S02676,05-12-2024 12:30,1058.03,8536930622
T003659,C04257,S04116,02-11-2025 22:42,1982.9,1234587747
T003660,C01779,S03725,03-01-2025 00:59,1429.84,2811174928
T003661,C03901,S02237,15-08-2024 19:54,966.29,4915025080
T003662,C00057,S03122,06-01-2025 19:12,1376.84,4315525533
T003663,C02662,S04879,01-12-2023 13:06,670.61,4667084408
T003664,C03496,S01062,24-04-2025 22:34,345.64,2021439814
T003665,C04963,S02515,23-09-2025 20:22,1269.67,3702683511
T003666,C00960,S00211,31-08-2024 00:40,1509.97,1317454335
T003667,C00061,S04967,16-09-2024 01:58,1733.99,5485352360
T003668,C04868,S03729,24-06-2024 04:27,1583.16,7300233679
T003669,C04461,S04056,14-10-2024 10:32,662.13,7865548927
T003670,C03267,S04560,07-06-2025 16:32,664.23,1637532683
T003671,C03495,S01349,25-09-2024 05:06,1173.99,2432718281
T003672,C00549,S04208,16-03-2025 21:01,665.2,3297143694
T003673,C00787,S01232,11-06-2024 20:38,1042.76,5619830711
T003674,C01324,S02589,18-07-2025 14:58,308.61,1132609021
T003675,C01045,S03672,26-02-2024 19:49,659.69,158983177
T003676,C00499,S01512,25-01-2024 08:14,1826.9,8324870558
T003677,C03669,S03540,05-10-2024 10:14,1959.68,5892752421
T003678,C03511,S04870,07-08-2024 08:53,577.85,1849484738
T003679,C01872,S03202,23-10-2025 11:48,1060.7,1807763883
T003680,C03560,S02524,02-04-2024 22:48,1758.31,5151291798
T003681,C00057,S03858,07-09-2025 02:20,1018.5,2021487315
T003682,C01067,S00273,23-07-2025 06:09,1287.21,6695208717
T003683,C00447,S04124,21-09-2025 14:58,943.02,9088667942
T003684,C00598,S02432,29-09-2025 06:49,579.71,5917174143
T003685,C00733,S03968,07-03-2025 04:50,1934.21,4499303136
T003686,C02446,S02748,08-12-2023 02:43,1949.75,5467118097
T003687,C02696,S03119,16-01-2024 03:52,213.32,6455858379
T003688,C04216,S01083,16-12-2023 17:47,1061.22,704081833
T003689,C03156,S04213,05-04-2025 21:05,392.79,6896240695
T003690,C02478,S01212,17-11-2025 19:29,1784.84,8771766723
T003691,C01419,S02048,11-12-2023 15:30,1124.31,9024677517
T003692,C00241,S02271,13-04-2024 15:33,1597.05,8986547961
T003693,C03914,S02068,11-01-2024 09:31,1721.48,9778885387
T003694,C03343,S04529,06-04-2025 23:06,1556.36,2728844428
T003695,C01068,S00348,03-04-2025 09:00,558.49,4663810106
T003696,C03504,S02550,18-09-2024 22:23,600.32,9673155035
T003697,C01999,S00827,28-06-2024 15:43,1485.06,8622504563
T003698,C02194,S04349,21-06-2025 10:56,60.95,6390385157
T003699,C00778,S02325,04-11-2024 10:28,50.85,2378274333
T003700,C00966,S01175,25-03-2025 17:29,740.71,4038409191
T003701,C02124,S02465,19-08-2025 03:57,1567.92,8509555739
T003702,C04325,S03609,20-01-2025 09:09,961.18,6019629119
T003703,C00011,S01194,17-10-2024 05:04,721.82,5013544240
T003704,C03103,S04658,23-10-2024 21:12,67.9,2191684279
T003705,C04674,S04564,20-10-2024 09:12,624.38,1989594582
T003706,C00423,S04428,05-09-2025 21:37,409.39,1279433695
T003707,C03176,S02383,20-06-2025 18:01,428.97,3474631569
T003708,C03072,S00931,16-07-2024 01:04,1926.97,4245492558
T003709,C04273,S03365,25-03-2024 10:41,335.03,9887709236
T003710,C01663,S01507,31-01-2025 20:07,1031.07,1722492606
T003711,C03780,S01241,16-08-2024 15:03,1154.92,6110592401
T003712,C02613,S00907,18-08-2025 23:42,1356.19,6255296617
T003713,C00152,S03188,05-12-2023 04:57,1706.07,4284290580
T003714,C01619,S04014,28-12-2023 13:02,1893.47,8217562084
T003715,C00638,S01317,06-11-2025 22:42,1671.98,3906094005
T003716,C04293,S00257,30-07-2024 16:08,732.56,1585961575
T003717,C04898,S03410,27-10-2025 09:37,601.25,1199371542
T003718,C02851,S03465,22-03-2024 15:34,291.97,8115930007
T003719,C03742,S04576,29-07-2024 01:38,66.35,8522156085
T003720,C04017,S00563,28-01-2024 18:10,948.96,1257403037
T003721,C03705,S04726,21-03-2025 02:04,105.21,5675398431
T003722,C00393,S04160,18-02-2025 15:25,1431.11,768613719
T003723,C01071,S03163,11-07-2025 00:36,1264.73,1955934493
T003724,C02012,S03585,27-12-2023 04:56,1524.02,9407709356
T003725,C02762,S01679,14-12-2023 22:07,983.59,2987819492
T003726,C03683,S00826,06-06-2025 17:02,1637.39,7977350104
T003727,C02454,S01307,30-11-2023 19:44,1633.06,3495038153
T003728,C01077,S01022,19-01-2025 01:34,1432.14,4823209374
T003729,C03682,S03469,30-04-2024 09:56,1099.54,3634609929
T003730,C01617,S01973,31-08-2025 04:20,1425.74,4082828591
T003731,C04235,S01580,25-09-2024 04:10,1967.3,7722727401
T003732,C03645,S03678,12-09-2024 01:50,1703.9,7834538223
T003733,C04272,S01614,15-12-2023 12:12,1738.12,4545364859
T003734,C03272,S00507,04-04-2025 07:59,833.57,3735417364
T003735,C01250,S03014,15-12-2024 02:41,1728.18,891820723
T003736,C04580,S02764,23-10-2025 08:24,676.62,5819364657
T003737,C04043,S02243,01-02-2025 15:00,1750.64,7795109813
T003738,C01621,S00371,22-12-2023 21:55,772.29,1844027571
T003739,C02508,S01671,22-03-2024 11:13,273.07,2896296654
T003740,C02036,S02282,27-06-2025 19:10,947.67,5264930095
T003741,C02862,S01343,20-05-2025 03:07,398.19,197401193
T003742,C02006,S00554,07-09-2025 05:44,426.16,2277524600
T003743,C04994,S03635,04-09-2024 09:38,1379.96,612861376
T003744,C04409,S00551,03-09-2025 15:46,449.88,882739036
T003745,C03212,S01780,14-11-2024 21:21,1832.26,3345848878
T003746,C02355,S04836,06-10-2025 12:21,551.53,238380066
T003747,C03187,S01992,30-03-2025 06:42,832.99,9915756607
T003748,C03533,S03730,21-10-2025 22:10,633.35,6506261655
T003749,C02818,S01244,22-06-2025 21:04,204.41,7953533699
T003750,C01172,S01943,06-05-2024 19:45,774.86,1923030515
T003751,C00419,S02540,19-04-2024 10:32,273.36,9184144164
T003752,C04212,S04428,25-05-2024 22:55,1552.33,6480382329
T003753,C00445,S00412,24-12-2023 18:51,295.57,217064144
T003754,C02459,S03058,30-04-2025 11:01,1166.19,2267049116
T003755,C00755,S02923,22-06-2024 19:31,1397.29,435173491
T003756,C00988,S04286,15-02-2025 19:06,835.48,4905810859
T003757,C02357,S02636,05-03-2025 00:57,1857.29,138618360
T003758,C03066,S03300,19-08-2024 05:46,333.52,9840759908
T003759,C01054,S01750,15-07-2025 03:38,1493.18,6639518383
T003760,C04624,S04977,07-11-2024 09:54,149.7,3822114498
T003761,C02219,S03702,13-09-2024 08:34,1041.08,3171210596
T003762,C03781,S01338,16-03-2025 09:22,1383.94,6224521780
T003763,C02158,S04089,22-10-2025 08:27,1172.77,8929903251
T003764,C04074,S02378,27-02-2025 20:40,497.78,417769204
T003765,C02409,S02299,15-10-2024 09:57,726.12,4041425521
T003766,C00788,S01143,31-01-2024 05:16,839.71,5290890712
T003767,C04317,S01649,10-04-2024 21:39,1993.84,6938444793
T003768,C00783,S02394,31-03-2024 07:32,459.58,3051306481
T003769,C04298,S04991,12-05-2024 18:04,1964.78,8291744449
T003770,C04928,S03965,11-05-2025 20:05,562.68,7758177812
T003771,C03260,S01178,04-09-2024 02:43,422.54,4780629609
T003772,C02039,S03811,23-05-2024 14:53,1243.83,4933789715
T003773,C04669,S00619,07-05-2024 18:53,210.11,5564761469
T003774,C02560,S03921,13-11-2025 21:46,181.05,8187664969
T003775,C02918,S02309,06-06-2025 12:55,241.91,2062010970
T003776,C03596,S04834,31-03-2024 09:20,857.49,1588604826
T003777,C04375,S02729,19-04-2024 08:36,1973,8894798122
T003778,C04504,S01718,26-09-2024 02:10,344.9,125758068
T003779,C01438,S00918,31-12-2023 14:26,145.62,4828584529
T003780,C04977,S01239,16-02-2024 13:33,1474.76,8741535739
T003781,C02574,S02341,22-06-2025 03:46,975.82,4486769100
T003782,C04356,S04642,21-02-2025 21:45,1481.38,4824984294
T003783,C00654,S01515,15-07-2024 17:18,1339.6,7751223870
T003784,C04646,S04822,01-06-2025 21:18,1722.13,4013335455
T003785,C00990,S03869,21-09-2025 07:53,376.12,4568828830
T003786,C01437,S00198,12-03-2024 21:04,389.73,5077150080
T003787,C01254,S02503,15-07-2025 08:46,1526.53,6846658884
T003788,C03125,S01749,22-06-2024 03:20,257.95,7096972091
T003789,C01098,S04752,21-12-2023 06:46,718.48,386432026
T003790,C03481,S03105,24-12-2023 15:11,1299.07,6390256661
T003791,C01059,S02702,04-02-2025 23:48,945.41,1087575251
T003792,C04954,S01188,28-01-2024 12:11,793.94,3555788775
T003793,C01216,S01580,26-04-2024 10:49,584.46,1579504649
T003794,C01438,S04671,21-05-2025 21:06,56.28,8632988398
T003795,C00266,S03514,31-12-2023 21:37,865.25,8702352348
T003796,C01119,S03326,02-08-2024 21:02,1835.66,2845460709
T003797,C04905,S01907,23-05-2025 23:45,1275.88,1971360319
T003798,C02195,S01325,11-05-2024 22:09,808.24,5006218101
T003799,C02336,S02980,28-01-2025 16:22,171.77,5571204422
T003800,C01390,S04444,10-05-2025 09:40,64.33,587169793
T003801,C03650,S01843,26-10-2024 19:31,1390.39,3051150237
T003802,C01929,S02135,07-02-2025 13:51,1413.82,4742505861
T003803,C01250,S00443,02-07-2024 12:41,1418.16,8654592674
T003804,C02158,S00948,22-04-2025 20:57,1458.39,9147921894
T003805,C00288,S03698,08-06-2024 04:56,216.2,7497603424
T003806,C00811,S01581,03-06-2024 21:28,1604.74,1121942467
T003807,C02383,S03786,10-01-2024 08:11,719.75,6686921609
T003808,C04860,S04513,09-02-2025 07:14,588.67,1328174971
T003809,C00501,S01708,17-12-2024 05:51,116.46,8733647820
T003810,C02604,S02175,09-06-2025 04:45,1516.59,7708489441
T003811,C00958,S02479,18-12-2024 11:19,1623.52,919143682
T003812,C04034,S00332,27-11-2024 22:32,1674.16,6656610935
T003813,C00249,S02186,08-05-2024 17:45,681.26,8989203518
T003814,C02307,S04761,11-03-2025 22:01,70.08,4691342051
T003815,C01053,S01250,16-08-2025 13:10,1683.64,4998592664
T003816,C04727,S00394,04-07-2024 09:50,1976.31,3010259093
T003817,C03174,S01021,27-10-2025 17:44,1765.11,6482350598
T003818,C04012,S03391,06-04-2025 13:35,1717.2,321829356
T003819,C02740,S00704,01-01-2024 09:50,1178.43,3079790172
T003820,C01404,S01598,10-06-2024 20:08,809.83,9421888396
T003821,C02735,S04133,30-01-2024 06:16,1636.59,1224384140
T003822,C04296,S00653,05-08-2024 18:32,1817.05,9053498663
T003823,C03910,S01159,30-01-2024 13:12,173.57,2147496577
T003824,C04673,S02192,21-09-2025 16:06,1404.46,230386109
T003825,C03783,S03539,12-10-2024 01:20,137.76,5954201342
T003826,C01412,S00461,14-05-2024 07:57,711.35,624508884
T003827,C01362,S02997,18-11-2024 16:51,494.55,5799715434
T003828,C00784,S02471,22-06-2025 19:48,893.35,2589420210
T003829,C03114,S03654,27-04-2024 23:44,873.54,6016268283
T003830,C02878,S03749,10-09-2025 11:46,1326.95,1073325555
T003831,C03500,S01773,07-06-2025 01:29,1496.35,3783890504
T003832,C03606,S02969,17-05-2025 16:29,1424.14,1497921962
T003833,C03017,S03907,25-07-2025 21:44,1086.85,3897557188
T003834,C03726,S02328,14-10-2024 00:09,1521.54,491574371
T003835,C02206,S02600,25-12-2023 12:14,1639.85,4217386104
T003836,C01715,S04671,29-12-2023 19:18,1058.87,611949048
T003837,C00448,S03088,21-10-2024 13:33,783.04,4315257216
T003838,C03409,S00483,21-01-2025 15:35,286.01,8704037921
T003839,C04497,S00622,13-01-2025 05:25,1932.93,8772351134
T003840,C02694,S03446,15-01-2025 05:41,1642.65,5498389035
T003841,C00131,S02262,03-02-2024 01:57,1110.22,8859372415
T003842,C04367,S03558,13-12-2024 16:12,1844.36,3727663910
T003843,C00469,S01905,16-10-2024 19:58,1595.82,9557123715
T003844,C04083,S01149,10-04-2024 01:00,1873.45,8085959378
T003845,C00061,S04624,06-06-2025 07:40,1484.09,3726630188
T003846,C02695,S00806,28-10-2024 16:11,904.81,176477536
T003847,C02757,S04983,01-01-2024 08:18,1568.42,24808054
T003848,C01863,S04265,24-03-2024 19:09,183.49,7397364188
T003849,C03699,S03247,19-03-2024 20:03,1283.02,9828614903
T003850,C01697,S00462,22-09-2025 09:15,608.23,6887622044
T003851,C02879,S00264,09-08-2024 02:20,1499.43,3426918984
T003852,C00079,S02907,15-02-2025 12:59,476.92,6189042674
T003853,C04555,S00562,03-10-2025 22:15,1886.48,1705443207
T003854,C04854,S04197,16-07-2024 09:17,1210.98,2495331453
T003855,C00637,S02441,02-03-2024 09:26,1948.97,3792304892
T003856,C03943,S00367,10-05-2025 15:42,1369.25,2040192602
T003857,C03240,S00396,31-10-2025 15:59,527.88,3608500415
T003858,C01879,S00801,22-10-2024 05:56,1068.46,9753676158
T003859,C04112,S03143,30-07-2024 06:58,497.17,2618322739
T003860,C03504,S04417,09-06-2025 21:29,1796.69,2972693958
T003861,C03901,S00221,28-04-2025 09:41,1829.98,5358489271
T003862,C03183,S02895,30-12-2023 09:57,1418.42,1804270228
T003863,C03236,S00160,20-02-2025 22:25,855.88,7279256365
T003864,C03290,S00820,29-09-2024 02:51,1924.67,3471468287
T003865,C01632,S01705,28-06-2025 09:44,1681.88,9643389196
T003866,C02662,S00834,22-02-2024 10:21,54.12,748633361
T003867,C02393,S02286,02-08-2025 16:33,1041.53,6243408074
T003868,C02922,S01493,10-07-2025 14:33,1356.89,6077943536
T003869,C04901,S01760,24-08-2025 15:50,1687.76,3641316236
T003870,C01120,S01273,23-01-2025 04:34,641.55,6036012148
T003871,C03006,S01142,14-06-2024 20:04,1367.23,2499066731
T003872,C02450,S00568,25-08-2024 16:00,218.74,3239316003
T003873,C03805,S03833,23-09-2025 08:26,356.35,6950280077
T003874,C00867,S00854,10-02-2024 07:48,1595.32,9299061003
T003875,C02761,S02143,30-08-2024 00:31,961.06,4540403674
T003876,C03417,S04667,10-08-2024 17:27,699.13,149748745
T003877,C04005,S00651,02-08-2024 22:43,1175.09,9148460166
T003878,C02084,S03176,05-12-2024 00:00,1994.15,8804986285
T003879,C04034,S00395,16-09-2024 21:17,590.6,2784274893
T003880,C00134,S01745,03-01-2024 02:52,264.49,5967180776
T003881,C01074,S01066,22-09-2024 23:00,542.42,3657762013
T003882,C04601,S01703,29-03-2025 10:30,1664.97,3725045622
T003883,C01559,S04981,28-02-2024 05:38,424.55,3999237131
T003884,C02533,S03308,31-12-2024 07:18,1790.67,2053139806
T003885,C03388,S03341,26-06-2024 23:47,143.34,4677447449
T003886,C02051,S03808,18-10-2024 20:13,1487.65,5423221965
T003887,C04095,S02460,25-11-2023 10:59,1637.62,7491734132
T003888,C01207,S00315,06-09-2024 02:53,1284.13,9631278616
T003889,C00222,S02842,13-10-2024 15:36,474.33,2226669917
T003890,C04544,S01897,06-02-2025 02:47,1692.24,5784705209
T003891,C01446,S04424,19-11-2024 05:24,1397.17,403831736
T003892,C04530,S02393,21-07-2025 08:00,867.91,9891769112
T003893,C00735,S04859,26-04-2025 05:17,90.6,9596150324
T003894,C00980,S00658,11-05-2024 00:09,1638.32,6157177728
T003895,C00079,S01671,16-04-2025 04:42,278.29,198742313
T003896,C03906,S01079,09-07-2025 20:37,740.4,8033080132
T003897,C01983,S03861,04-11-2025 00:57,982.85,270087900
T003898,C00656,S03789,03-01-2025 05:58,453.44,4145712781
T003899,C01631,S03779,15-02-2025 11:24,1491.18,3316152545
T003900,C01501,S03828,19-09-2024 03:35,1302.74,4401323208
T003901,C00785,S01561,18-01-2024 10:27,340.62,9811750431
T003902,C02826,S00893,25-11-2023 07:56,112.69,7298971593
T003903,C00296,S01854,15-10-2024 11:05,829.67,6581498266
T003904,C03698,S01805,04-06-2025 00:03,958.72,1098006918
T003905,C03871,S01416,30-08-2024 00:52,627.64,2197016617
T003906,C02785,S03314,16-08-2025 08:35,1672.92,2446829665
T003907,C01582,S01758,09-10-2024 18:51,1744.94,642154237
T003908,C03900,S02692,12-05-2025 05:00,196.22,656835983
T003909,C01370,S03041,09-09-2024 20:53,1923.54,3483992494
T003910,C02783,S03819,01-03-2024 02:22,1427.33,4093153341
T003911,C02522,S02543,10-04-2024 16:07,958.76,4776163096
T003912,C04055,S03281,29-02-2024 06:08,1921.88,1233537168
T003913,C04707,S00531,19-02-2025 21:21,1464.69,5636953264
T003914,C03343,S04086,04-10-2024 16:00,1225.48,3449811433
T003915,C04867,S02251,15-03-2024 11:12,993.82,6661237504
T003916,C04818,S04090,06-09-2024 01:55,485.49,6127256216
T003917,C04997,S01627,13-05-2024 04:20,874.49,1575955918
T003918,C02174,S01836,12-01-2025 00:46,976.5,3864026675
T003919,C04242,S01373,03-08-2024 03:25,777.62,2950055645
T003920,C02316,S02659,01-10-2025 20:49,618.45,8370829845
T003921,C01653,S02744,10-01-2024 09:00,822.05,899330305
T003922,C00475,S03311,28-03-2025 18:47,927.92,7701275449
T003923,C02853,S03732,30-01-2024 02:25,1796.67,7576752550
T003924,C04463,S01693,12-10-2024 13:31,1245.01,9009885029
T003925,C02456,S03682,14-10-2024 14:22,1064.28,7947110778
T003926,C03421,S01735,22-01-2024 06:59,282.26,8648641304
T003927,C00086,S00843,10-10-2025 01:35,523.7,8526558252
T003928,C00849,S00237,16-10-2025 07:48,557.76,3175115220
T003929,C00158,S00026,14-08-2024 17:14,1363.24,6167240012
T003930,C02023,S01332,18-11-2025 17:43,1014.09,9329678377
T003931,C00978,S02982,18-09-2024 10:17,525.95,9382559752
T003932,C04283,S00440,11-10-2025 00:59,148.81,5953189663
T003933,C02454,S03841,26-06-2025 03:28,260.87,1349329113
T003934,C03779,S03994,05-04-2025 07:12,815.36,300868004
T003935,C04521,S01697,10-05-2024 14:51,126.52,9487804062
T003936,C03167,S04769,18-01-2025 07:24,1912.21,3933099013
T003937,C01660,S00646,12-07-2025 19:44,491.43,5646010878
T003938,C03159,S02591,22-06-2024 19:08,280.65,5758272084
T003939,C03940,S00581,18-08-2025 21:20,128.33,9268170421
T003940,C00342,S01948,30-11-2024 00:02,380.95,9258265908
T003941,C03444,S02239,06-10-2025 05:20,1679.74,7879632955
T003942,C00822,S02350,02-08-2025 18:24,1245.94,597878423
T003943,C00951,S02659,12-08-2025 21:29,998.81,1485816916
T003944,C01947,S01204,12-01-2024 22:52,326.08,3022499350
T003945,C01203,S01539,05-02-2025 06:31,222.12,3476631795
T003946,C02282,S02854,26-05-2025 01:02,314.28,9322409623
T003947,C04596,S03915,02-04-2024 00:55,832.78,8478350977
T003948,C02911,S03601,13-02-2024 14:45,639.36,8234433857
T003949,C01313,S03106,08-03-2024 15:06,837.94,7227196334
T003950,C00902,S04774,28-10-2024 11:41,1330.97,1752405523
T003951,C01380,S04502,02-08-2025 16:51,1488.96,7345305766
T003952,C02385,S00401,22-10-2024 02:50,149.94,4091320460
T003953,C00606,S04348,25-08-2024 11:39,1307.84,6822487090
T003954,C01196,S03185,15-05-2025 21:03,372.75,6228159163
T003955,C02877,S04882,25-11-2023 15:41,1543.79,2964757678
T003956,C03788,S03478,10-08-2024 18:46,182,3998021499
T003957,C01922,S02380,15-06-2025 14:00,1511.88,975242054
T003958,C01220,S02553,08-05-2025 17:33,1832.55,5141276003
T003959,C03468,S04504,26-07-2025 16:54,1244.82,8289256083
T003960,C04919,S02226,24-07-2024 15:59,805.27,6580096260
T003961,C02416,S04015,10-11-2024 07:57,1142.63,5250347503
T003962,C01309,S00974,15-09-2024 18:51,198.3,2525340895
T003963,C03297,S03710,05-02-2024 12:22,372.97,5478613441
T003964,C03643,S00046,21-11-2024 16:03,1327.07,6660441096
T003965,C02363,S03459,11-02-2025 20:22,1154.14,4369748946
T003966,C03704,S02876,12-01-2025 14:45,1710.22,5668170371
T003967,C03505,S04942,20-04-2024 14:56,1254.15,2795358372
T003968,C02913,S02905,10-09-2025 07:52,292.87,1680556172
T003969,C03584,S03752,03-05-2025 13:15,1584.93,5096131259
T003970,C02027,S00964,29-12-2024 05:45,275.12,5028379528
T003971,C03977,S04982,11-11-2024 11:42,1908.49,2116901007
T003972,C04339,S02638,21-12-2024 12:21,327.44,4226299858
T003973,C01012,S03266,27-07-2025 21:24,1845.67,1548441760
T003974,C00425,S02946,27-10-2025 14:45,726.53,3631827197
T003975,C02390,S03545,14-08-2025 11:55,1288.46,825885432
T003976,C04265,S02644,15-02-2025 19:44,842.44,9971847962
T003977,C04708,S02145,03-11-2024 12:25,1954.71,4434536013
T003978,C00111,S04702,21-03-2024 08:29,149.82,6362500532
T003979,C02106,S02531,11-07-2025 22:52,884.37,7589536538
T003980,C01462,S02286,18-12-2024 03:09,120.77,8292148463
T003981,C01023,S02526,14-11-2024 21:20,1746,469516954
T003982,C01817,S04956,11-07-2025 17:31,1178.71,9952225199
T003983,C04581,S00663,21-11-2024 07:42,1242.62,350803239
T003984,C01637,S04095,10-04-2024 03:25,951.06,4501977022
T003985,C00006,S04224,26-05-2025 22:17,983.16,1008920348
T003986,C01683,S02609,20-05-2025 15:18,647.78,5800482540
T003987,C03118,S04272,17-05-2024 11:27,539.26,6585308853
T003988,C04906,S02674,20-02-2024 17:08,980.04,3351101011
T003989,C02685,S03357,15-10-2025 21:36,846.91,2537461696
T003990,C00806,S02892,21-04-2024 08:10,226.72,7585188624
T003991,C02969,S00178,01-04-2025 18:51,1882.74,9181616437
T003992,C01424,S00870,02-07-2024 20:00,1275.84,7442995863
T003993,C01393,S00414,22-02-2025 16:19,1427.18,4821788237
T003994,C03206,S03492,17-10-2024 05:49,102.42,8840945530
T003995,C02763,S00760,21-12-2024 08:56,1701.45,6867249825
T003996,C01463,S03478,07-05-2024 16:22,1377.49,3747600854
T003997,C03052,S01972,24-06-2024 21:09,612.31,2207322885
T003998,C04559,S04442,12-03-2025 16:59,601.08,1388057986
T003999,C01142,S04292,18-02-2025 09:54,1323.12,9853747484
T004000,C00304,S04324,30-06-2024 02:37,267.68,599887859
T004001,C02988,S03909,08-05-2025 16:44,1729.26,1815810564
T004002,C00536,S00826,24-08-2024 15:34,814.17,1160408647
T004003,C04957,S03384,18-07-2025 19:23,1705.84,2639969583
T004004,C02742,S04448,30-01-2024 05:16,308.31,495332189
T004005,C02535,S00543,25-02-2025 12:54,703.22,2568555120
T004006,C03478,S02353,16-01-2024 22:39,1718.72,30969740
T004007,C04721,S00549,22-12-2023 05:09,1681.11,66402586
T004008,C02492,S03022,04-11-2024 10:42,820.99,7260448204
T004009,C03595,S00958,01-05-2025 13:10,1434.79,506157774
T004010,C01813,S00377,30-04-2024 19:45,291.05,4722711293
T004011,C01921,S04938,22-12-2023 20:05,1248.27,3270040656
T004012,C04415,S04991,07-08-2025 19:25,101.56,6412875789
T004013,C02802,S04938,16-01-2024 01:14,1560.26,9241338712
T004014,C00360,S01541,02-05-2024 15:28,493.97,8278076102
T004015,C04850,S01946,03-01-2025 00:57,1699.16,1207118740
T004016,C02712,S02003,11-10-2025 07:52,1558.64,3608674470
T004017,C00602,S02168,20-07-2025 08:15,51.14,7188166294
T004018,C03162,S04137,06-01-2024 22:25,410.85,8861894819
T004019,C03027,S04648,18-05-2025 11:41,1932.78,5034961836
T004020,C01993,S04880,24-05-2024 22:04,328.08,4183669443
T004021,C00338,S00706,18-10-2024 02:37,490.64,3345703792
T004022,C04539,S00130,09-05-2024 14:45,1953.78,5625263657
T004023,C04129,S00485,28-11-2024 22:54,671.41,5919071480
T004024,C02635,S04283,17-03-2025 10:09,1772.94,1040986332
T004025,C03295,S01538,06-04-2024 02:51,1406.83,9120332572
T004026,C00509,S03850,02-04-2025 11:25,679.06,604667703
T004027,C02088,S04797,20-10-2025 11:22,1700.55,8161004398
T004028,C04093,S02607,18-08-2024 06:47,508.98,4349075700
T004029,C04379,S03310,20-01-2025 13:11,1094.29,4754240677
T004030,C02952,S00468,12-12-2024 17:53,1619.19,5380329228
T004031,C02975,S02587,07-08-2024 05:01,869.27,1943347140
T004032,C03860,S02084,09-02-2024 13:00,599.75,4818254520
T004033,C04006,S01737,14-02-2024 19:53,190.62,5575147470
T004034,C02533,S04440,07-10-2025 16:38,563.2,9834608741
T004035,C01010,S01836,23-04-2024 10:10,1406.31,6569809529
T004036,C00084,S01737,11-08-2024 08:54,500.14,2613030500
T004037,C02929,S00429,27-03-2024 06:26,62.25,3859221544
T004038,C00452,S02615,21-03-2024 18:33,306.94,3326227199
T004039,C00125,S02900,28-08-2024 19:44,725.21,903729918
T004040,C02842,S03338,08-08-2025 09:36,272.3,5623620416
T004041,C03766,S04995,11-08-2025 17:30,1471.56,7219573547
T004042,C04508,S00957,18-12-2024 04:35,835.54,1650841322
T004043,C02860,S00506,27-04-2024 21:39,113.23,5350256450
T004044,C02382,S02462,12-07-2025 17:28,1969.2,2722374257
T004045,C02975,S00795,06-04-2025 05:04,371.17,5101894497
T004046,C04332,S02602,10-01-2025 15:18,1561.23,8687408733
T004047,C04627,S01174,21-04-2024 08:13,1446.07,8460824361
T004048,C03182,S03806,12-08-2025 05:00,529.88,9174405753
T004049,C04260,S01343,27-06-2024 03:59,1376.67,590244393
T004050,C04137,S01449,11-09-2025 22:02,1169.07,4632040868
T004051,C01726,S04339,31-12-2023 10:21,1622.64,3304276196
T004052,C03660,S00250,06-07-2024 05:58,1621.12,6998189396
T004053,C03969,S01095,23-06-2024 03:55,1351.27,597186172
T004054,C04946,S02981,20-08-2025 21:03,639.04,7187576917
T004055,C04687,S04016,07-05-2025 20:09,850.2,5603232613
T004056,C01923,S04048,03-09-2024 12:16,1287.89,2465395492
T004057,C04439,S04818,30-01-2024 01:06,272.15,4154815890
T004058,C03000,S03217,10-11-2024 21:37,973.53,4695959810
T004059,C01990,S03020,19-06-2025 22:26,198.8,3051489301
T004060,C04296,S01739,16-01-2024 15:47,1964.43,5854675806
T004061,C00384,S01552,30-08-2025 00:27,1548.86,2353914604
T004062,C00836,S00288,07-09-2024 19:03,360.82,348233362
T004063,C00242,S01059,04-12-2024 11:15,1592.99,8841645525
T004064,C01474,S02016,05-10-2025 16:54,1745.91,3056787664
T004065,C04161,S04165,17-03-2025 08:05,1874.63,827694499
T004066,C01644,S00497,02-05-2025 13:28,1125.15,6540919227
T004067,C01743,S03450,10-09-2024 07:23,501.67,9491139028
T004068,C04987,S04385,03-04-2024 10:14,152.36,5156823928
T004069,C04965,S03102,19-09-2024 11:46,486.96,4601514148
T004070,C03952,S02337,21-01-2024 08:30,901.63,8487231116
T004071,C02113,S04586,09-12-2023 23:24,1351,3513558584
T004072,C00755,S04983,04-07-2024 07:00,1797.13,4494737189
T004073,C04786,S01419,22-02-2025 03:08,764.26,8146605441
T004074,C03926,S02363,10-12-2024 07:55,1458.18,5403310662
T004075,C00249,S04221,29-09-2024 06:08,1931.38,7041942322
T004076,C01724,S03398,05-08-2024 12:23,661.14,7942526470
T004077,C03938,S02891,29-12-2024 21:13,1128.26,7712853367
T004078,C03644,S00815,26-09-2024 00:00,1831.21,1810982811
T004079,C03692,S02584,28-11-2024 23:06,1591.48,1292285649
T004080,C03760,S02191,27-10-2025 22:51,1867.7,420438979
T004081,C03603,S02115,03-12-2023 04:58,1221.06,3412470170
T004082,C01367,S02774,21-01-2025 23:09,111.4,8673669817
T004083,C04711,S01088,09-09-2024 14:58,230.54,9494911796
T004084,C02870,S03096,30-06-2024 14:52,1710.13,885895357
T004085,C04496,S02161,26-01-2025 20:48,1287.02,8460441969
T004086,C01914,S04509,23-11-2024 20:01,499.82,6815036021
T004087,C01841,S00460,10-11-2024 18:08,1429.54,5246071038
T004088,C00947,S03247,07-12-2023 05:37,526.83,8710275069
T004089,C00602,S02915,27-10-2025 17:23,1473.65,4151145841
T004090,C00606,S04267,06-10-2024 06:18,1546.72,9926220492
T004091,C01888,S01366,05-03-2025 11:36,1361.7,2680550966
T004092,C01265,S04993,10-03-2024 18:24,1329.14,971427252
T004093,C00222,S04429,12-09-2024 06:07,1231.34,752750185
T004094,C00531,S01144,09-03-2024 15:30,1955.42,6407400187
T004095,C01539,S02229,12-02-2024 08:59,1233.72,5423377781
T004096,C01179,S04123,02-04-2025 00:53,131.36,3423170968
T004097,C00152,S02858,18-04-2024 08:40,1028.71,6617541596
T004098,C04294,S04161,01-07-2025 06:51,1748.18,3692594469
T004099,C01344,S04449,02-01-2024 18:56,1674.73,4446830351
T004100,C04574,S03216,06-05-2025 00:51,128.96,2702956255
T004101,C04872,S03954,06-01-2024 22:05,1777.53,9979019030
T004102,C03947,S04187,31-08-2025 02:03,1740,8193571033
T004103,C03570,S00691,13-09-2025 08:50,316.39,1224548002
T004104,C03148,S03358,15-06-2025 14:25,368.85,8207742962
T004105,C00102,S04627,10-09-2025 18:21,292.17,868549889
T004106,C03221,S00653,09-04-2025 11:37,1455.14,8250731186
T004107,C02571,S04202,13-12-2024 02:07,258.35,3148695586
T004108,C02588,S04486,10-05-2024 08:30,1015.28,3174388575
T004109,C04230,S03571,24-09-2024 00:19,805.64,6422187118
T004110,C03110,S02081,21-02-2024 00:30,1329.72,8208445277
T004111,C03565,S01604,02-03-2024 04:05,299.09,4567058403
T004112,C00463,S02097,23-06-2024 01:07,269.67,1928076631
T004113,C01348,S03252,09-04-2025 08:02,1115.2,4936202859
T004114,C00099,S01467,02-03-2024 20:57,655.38,331155641
T004115,C00667,S03480,03-05-2025 04:18,239.1,8198307674
T004116,C00924,S02049,05-04-2025 20:26,1975.62,951328321
T004117,C01939,S03912,10-07-2024 21:10,1652.14,8924051149
T004118,C00590,S03315,09-10-2024 17:31,794.76,4442796142
T004119,C03775,S00325,10-08-2025 23:48,1845.86,6393289234
T004120,C02386,S03225,10-12-2024 11:32,1925.37,1919700811
T004121,C00576,S02884,25-09-2024 17:08,813.47,6064046414
T004122,C03741,S00943,18-11-2025 08:13,1546.15,2010602622
T004123,C00237,S01192,21-06-2024 07:55,881.69,953827826
T004124,C04873,S03477,09-12-2024 22:36,1086.94,1450870068
T004125,C04388,S04161,07-11-2025 13:35,365.59,2438881305
T004126,C04811,S01840,25-01-2025 15:52,1080.68,8013159178
T004127,C00671,S03781,07-06-2025 00:39,769.87,9877597598
T004128,C02521,S02095,05-02-2024 05:21,81.56,8942958299
T004129,C03372,S02104,23-03-2025 08:47,1819.9,9128890482
T004130,C00597,S04939,27-05-2024 22:43,1504.11,8537725554
T004131,C03492,S04585,29-10-2025 14:05,1043.2,4119933549
T004132,C03395,S03611,14-04-2025 14:20,1967.19,1141516889
T004133,C01676,S04401,16-10-2024 23:56,396.33,786514337
T004134,C02916,S04097,17-08-2024 18:56,1179.85,9711317447
T004135,C03784,S02734,23-08-2024 13:50,1856.4,7520408697
T004136,C04053,S00390,28-04-2025 21:59,1515.05,6640018874
T004137,C01863,S03157,24-11-2023 08:09,1809.15,5577552347
T004138,C03772,S02222,02-07-2025 18:09,905.02,7522452650
T004139,C02284,S04090,28-04-2025 17:21,413.59,642366943
T004140,C00465,S03284,21-04-2025 04:55,1224.19,7119782755
T004141,C01029,S00328,22-12-2024 00:42,704.21,7084994001
T004142,C03852,S03013,26-11-2024 08:45,1003.71,4158040029
T004143,C02602,S03036,20-03-2025 16:38,1587.35,7000906535
T004144,C01595,S04465,07-04-2025 02:51,999.47,6272801243
T004145,C03894,S02964,01-08-2025 13:52,1664.2,6803867650
T004146,C01442,S02567,07-01-2024 06:18,1947.21,340157434
T004147,C01456,S04938,05-01-2025 07:29,866.33,6429430440
T004148,C01585,S03729,06-07-2025 12:29,655.89,5550594753
T004149,C04366,S01979,26-08-2025 02:11,1493.81,6142025898
T004150,C03681,S00932,19-03-2025 16:07,1530.25,2383684205
T004151,C02764,S03997,15-12-2024 02:57,1490.65,5952477114
T004152,C04414,S00537,15-05-2025 17:10,1916.68,4338030164
T004153,C03609,S00229,29-01-2025 11:42,1031.92,3268864520
T004154,C02869,S04380,15-12-2024 17:09,715.78,2958268000
T004155,C02163,S00159,10-12-2024 15:55,1694.74,3297955378
T004156,C03296,S03968,05-07-2024 13:50,939.26,2660494203
T004157,C04112,S02058,03-01-2024 18:02,1273.08,2300255035
T004158,C03838,S04145,09-08-2025 01:50,87.28,1601708241
T004159,C02187,S02409,05-07-2025 01:10,909.39,61068203
T004160,C02102,S03446,13-04-2025 17:59,619.31,4840778843
T004161,C02381,S00044,14-05-2025 05:43,1810.99,1629719223
T004162,C01409,S00927,26-12-2024 16:02,586.65,2835972452
T004163,C03219,S00857,04-12-2024 09:20,1088.51,346262098
T004164,C04431,S00165,29-10-2025 21:50,230.4,2788819395
T004165,C03123,S01353,15-01-2024 09:13,59.25,2918358500
T004166,C01389,S04944,28-06-2024 07:50,1585.07,8450972771
T004167,C01388,S00568,21-10-2024 05:26,1598.71,8330033624
T004168,C04063,S04923,18-11-2025 09:11,1918.14,4079093641
T004169,C01271,S02686,15-10-2025 01:11,1263.1,5241235309
T004170,C01078,S01068,13-02-2024 08:02,622.02,1689893594
T004171,C00093,S03044,16-05-2025 12:41,89.74,9924234305
T004172,C01896,S01679,12-09-2025 04:50,1421.83,8951492849
T004173,C03374,S04424,08-11-2025 11:13,1947.26,7613450982
T004174,C04795,S02345,11-08-2025 14:45,603.63,1060312611
T004175,C03520,S02118,17-10-2025 09:17,817.26,7222467543
T004176,C03950,S03790,08-07-2025 11:06,1374.55,974757867
T004177,C04890,S04792,16-04-2025 06:18,1667.74,9608443383
T004178,C04092,S01044,11-07-2024 02:16,338.71,7983299960
T004179,C00678,S03189,18-05-2025 19:36,200.08,8900350270
T004180,C02576,S01068,12-01-2025 18:35,1600.97,5650096372
T004181,C02600,S02994,03-06-2024 18:09,985.79,8404259757
T004182,C01860,S00362,20-07-2025 23:51,291.51,2355770619
T004183,C04271,S02210,10-03-2025 23:57,1242.93,2799780614
T004184,C04889,S04694,08-03-2024 22:49,541.26,96408361
T004185,C04060,S03413,16-08-2025 18:13,1174.56,5449378314
T004186,C01375,S04208,06-10-2024 07:40,1896.56,1617093299
T004187,C00711,S00206,11-06-2024 18:47,849.16,1393919201
T004188,C02258,S03570,24-12-2024 21:00,1224.55,9815643957
T004189,C00640,S02817,26-04-2024 14:43,1354.14,3824847884
T004190,C03014,S03289,04-07-2025 09:40,406.29,736703970
T004191,C04812,S01612,30-10-2024 15:57,694.06,9019490984
T004192,C03239,S02899,31-08-2025 21:36,849.11,6201656191
T004193,C04961,S00247,05-03-2025 13:25,1666.22,2616198555
T004194,C04077,S04865,02-01-2025 18:50,1619.8,4439501450
T004195,C04293,S03883,02-01-2025 14:57,229.76,7044050147
T004196,C03247,S04927,22-08-2024 13:03,290.21,6992638624
T004197,C02836,S03140,24-04-2025 05:18,824.27,7142568595
T004198,C00911,S03967,18-04-2024 10:40,1005.99,3457975820
T004199,C03172,S00598,03-09-2025 03:50,1259.23,5827240625
T004200,C01143,S02885,19-04-2025 19:37,1470.73,9772369646
T004201,C01848,S04912,24-03-2025 22:49,1164.87,7191566050
T004202,C00289,S02431,12-03-2025 07:22,636.84,3416757696
T004203,C02983,S02860,22-08-2024 20:18,1479.2,8569148288
T004204,C02479,S00755,23-07-2025 21:08,1545.86,1031799513
T004205,C04874,S03608,11-07-2024 03:27,1784.84,5284797265
T004206,C02153,S01469,13-10-2024 06:58,99.49,9788341517
T004207,C04615,S03532,19-03-2025 02:57,651.82,2772294606
T004208,C01654,S00682,16-08-2025 05:23,969.56,8119845534
T004209,C04915,S01044,26-07-2025 11:30,569.64,348384840
T004210,C02296,S00926,11-03-2025 22:19,1515.47,865889600
T004211,C02109,S02820,01-12-2023 12:56,81.71,2229634591
T004212,C04118,S04897,11-10-2024 18:28,856.58,9084945263
T004213,C03912,S02890,16-02-2024 23:53,1343.05,9859185179
T004214,C02046,S03897,25-06-2024 20:13,1518.79,318261412
T004215,C03302,S00007,07-08-2025 10:45,1655.01,6529431957
T004216,C01532,S04304,21-05-2025 12:50,553.41,4092771756
T004217,C03418,S00727,03-10-2025 17:37,255.98,8895562304
T004218,C00336,S00128,20-12-2023 23:36,1803.14,5816733272
T004219,C01003,S04048,06-11-2025 14:18,1179.07,737479942
T004220,C04796,S03478,28-03-2025 18:18,270.92,2315389885
T004221,C01088,S04285,21-05-2025 20:15,633.14,1012412395
T004222,C03178,S01242,03-09-2025 03:41,196.74,654159485
T004223,C04665,S00179,21-01-2024 20:57,1845.69,9650497198
T004224,C02396,S01254,03-11-2025 05:31,418.25,2910675544
T004225,C04273,S04265,15-05-2024 19:32,1767.57,1432811959
T004226,C04574,S03905,27-06-2024 09:24,1332.6,2656698311
T004227,C04754,S03041,09-07-2024 19:02,1065.75,188484403
T004228,C03725,S02407,14-03-2025 04:30,181.76,2051260883
T004229,C03423,S04453,21-02-2024 00:42,1371.98,8088557498
T004230,C02913,S00093,29-08-2024 10:31,458.02,3430818402
T004231,C03079,S04707,22-05-2025 20:46,1461.69,3200151686
T004232,C03081,S04829,22-02-2025 01:18,1366.64,963797884
T004233,C01894,S01627,07-02-2024 16:48,1570.2,52676189
T004234,C03682,S04279,25-04-2024 02:33,782.67,6585574452
T004235,C01496,S00003,21-09-2025 07:57,1954.18,2762841633
T004236,C02582,S04207,11-12-2023 13:27,50.69,5410736281
T004237,C00442,S04969,12-03-2024 07:39,303.26,7215375292
T004238,C01838,S04079,28-01-2025 09:33,1830.29,9779007627
T004239,C03340,S01377,07-04-2024 20:23,1106.16,5729584448
T004240,C04847,S04658,01-04-2025 05:32,1259.79,8234829699
T004241,C01450,S04933,01-12-2024 01:13,599.91,8925242640
T004242,C03238,S00412,08-07-2024 13:01,774.44,9355221985
T004243,C00465,S03252,28-09-2024 14:54,377.6,2171122174
T004244,C00284,S02490,28-07-2025 13:04,850.05,3095689719
T004245,C00988,S02073,06-06-2025 05:17,289.94,4535268751
T004246,C01392,S00244,17-10-2024 19:59,1220.1,9863647601
T004247,C03154,S03100,18-04-2025 10:11,1387.73,9653227071
T004248,C03449,S00956,09-08-2025 14:37,128.55,5174099181
T004249,C01667,S02029,21-10-2024 17:45,1390.06,5834093882
T004250,C02552,S03067,18-09-2025 09:03,1486.08,6240236696
T004251,C00726,S00713,23-03-2025 17:28,1150.39,7814926571
T004252,C01369,S02663,03-04-2025 22:14,1168.14,7232657637
T004253,C03597,S04685,15-07-2024 03:07,1776.02,4200730539
T004254,C04443,S00791,17-07-2025 06:28,1265.58,3653887948
T004255,C03664,S04266,27-06-2024 06:58,1298.36,6231309062
T004256,C00289,S04660,29-03-2025 12:17,149.67,5965185701
T004257,C03634,S04781,29-01-2024 06:50,1836.81,9392862410
T004258,C00087,S01238,08-09-2025 05:09,736.2,7551678574
T004259,C04221,S00521,16-03-2025 12:12,130.42,8533865081
T004260,C02280,S02764,05-11-2025 19:09,637.73,2313745345
T004261,C01468,S01428,30-11-2024 00:56,1221.11,9741606555
T004262,C03260,S00546,25-02-2024 14:10,1988.87,4257429513
T004263,C02427,S01999,21-06-2024 02:28,887.17,866133950
T004264,C03401,S03918,30-06-2025 18:22,1736.51,2118345111
T004265,C02865,S00900,23-02-2025 00:26,1308.84,4710899882
T004266,C04580,S02202,15-06-2025 00:33,455.52,9948009345
T004267,C00642,S02409,20-05-2025 21:30,1137.9,4692379281
T004268,C00411,S00786,05-05-2024 00:08,552.52,606253987
T004269,C04002,S04998,10-12-2023 05:57,728,4247542129
T004270,C02316,S04108,01-11-2025 01:43,1777.25,3772081361
T004271,C00593,S02278,07-10-2025 05:23,1010.5,8554707995
T004272,C00410,S01315,16-09-2025 14:57,848.38,6698445578
T004273,C01282,S04907,07-09-2024 14:33,1747.21,2724971839
T004274,C02109,S00390,09-03-2024 10:00,1299.34,5857249040
T004275,C00984,S04204,08-05-2024 18:08,91.16,9018247133
T004276,C04424,S03465,17-07-2024 23:30,178.57,1844187959
T004277,C00836,S01669,14-10-2025 14:45,1210.1,5747095130
T004278,C04819,S02714,19-01-2024 16:03,1885.94,4514967680
T004279,C00912,S02126,26-09-2024 17:02,175.75,6681139486
T004280,C02201,S00785,04-04-2025 17:55,1659.26,7742057836
T004281,C02710,S03963,26-05-2025 02:20,718.29,9253954086
T004282,C00930,S00496,06-02-2025 05:56,280.17,5542072806
T004283,C00237,S00044,07-04-2025 06:40,1038.12,6041186573
T004284,C00043,S00119,24-07-2025 19:12,977.87,8309414884
T004285,C01173,S00238,10-11-2025 22:36,490.45,9048556064
T004286,C04811,S00131,15-05-2025 11:30,711.75,2336241842
T004287,C04755,S01937,25-11-2023 09:26,1897.06,307045432
T004288,C02958,S01473,11-09-2025 10:28,878.05,5413415133
T004289,C02447,S03858,27-06-2024 01:16,1029.9,3418596248
T004290,C02275,S02424,20-11-2025 15:15,233.34,9430092507
T004291,C03069,S02750,18-08-2024 06:31,1160.07,1305326176
T004292,C01277,S04879,24-03-2025 17:14,1523.55,6489408574
T004293,C04823,S01606,18-01-2024 02:43,583.35,9976109583
T004294,C01121,S03686,04-05-2025 05:30,779,9755368980
T004295,C04439,S01898,08-10-2024 09:31,699.69,6969810858
T004296,C00959,S04606,17-02-2025 04:27,1879.04,7701913209
T004297,C02849,S03368,23-01-2024 17:15,675.08,9757506207
T004298,C00421,S01677,25-10-2024 18:57,305.87,2203992465
T004299,C00160,S02351,07-04-2025 06:54,1806.47,9600805012
T004300,C04942,S04118,05-06-2025 04:10,351.33,4687469363
T004301,C03644,S01915,13-10-2024 18:20,1541.99,9362753430
T004302,C01220,S01189,17-07-2025 18:14,1820.42,8844958675
T004303,C00073,S04677,28-02-2024 18:12,1761.51,6583297303
T004304,C03111,S00591,02-12-2024 02:32,1071.57,785308154
T004305,C01599,S04276,25-04-2025 11:28,1634.17,5224946668
T004306,C02023,S01932,10-11-2025 18:52,1768.96,2130659718
T004307,C02249,S03574,03-12-2024 06:49,899.32,6299893805
T004308,C02501,S00794,28-06-2025 19:59,172.7,3726067603
T004309,C04174,S04149,10-05-2024 13:10,728.17,7955097143
T004310,C04421,S02019,15-06-2025 09:01,1903.78,2818532109
T004311,C03157,S02424,12-06-2024 11:21,1999.46,5365169519
T004312,C03556,S02280,23-07-2024 09:05,185.44,1820395108
T004313,C03077,S01955,30-01-2024 20:08,1160.64,6170826408
T004314,C00603,S03259,19-04-2024 01:00,729.23,8164415771
T004315,C02958,S04959,01-06-2025 18:57,1856.43,7271142488
T004316,C02663,S03979,30-04-2024 03:43,576.25,6896271164
T004317,C00392,S04875,04-05-2025 05:09,483.5,8711734153
T004318,C00105,S04905,17-12-2024 21:52,928.7,8995342863
T004319,C04982,S02013,05-04-2025 22:33,1629.64,8326250494
T004320,C02534,S00032,06-07-2025 04:34,1401.88,6762623664
T004321,C04422,S01208,23-09-2025 15:59,1696.5,5510912346
T004322,C03913,S00923,12-09-2024 13:36,187.47,2652085068
T004323,C00610,S01186,28-08-2025 06:56,973.26,5876428067
T004324,C02860,S04964,17-12-2024 17:44,1767.68,3561270495
T004325,C04585,S02643,15-12-2023 08:38,256.75,6750716759
T004326,C02761,S00748,11-02-2024 07:52,847.64,5293313066
T004327,C03468,S01685,23-11-2023 06:29,1403.98,2766749337
T004328,C04351,S03036,11-02-2025 13:58,885.22,4501102036
T004329,C02138,S00347,22-04-2025 21:05,80.06,6651886793
T004330,C02009,S02188,22-07-2024 13:36,1775.92,9424831422
T004331,C03842,S01422,29-10-2025 04:37,1803.68,5510384696
T004332,C02790,S04035,02-12-2024 05:32,1220.15,4638869674
T004333,C04393,S00067,22-06-2025 02:11,61.26,1961957331
T004334,C01311,S00803,03-04-2025 22:04,1916.47,5308130379
T004335,C02209,S02649,23-06-2024 23:14,788.4,746858065
T004336,C00512,S02537,06-11-2025 21:21,418.34,7389280158
T004337,C00795,S02249,22-10-2024 05:53,1017.94,3785199891
T004338,C04739,S04656,31-07-2024 01:57,724.31,6241274198
T004339,C02990,S01259,14-09-2025 22:47,1913.37,3746096856
T004340,C00771,S01890,07-05-2024 12:51,1655.19,1540051937
T004341,C04367,S00562,30-11-2023 23:14,1367.9,5681093320
T004342,C01127,S01427,27-07-2025 07:09,1447.29,249003168
T004343,C00005,S03235,12-12-2024 19:53,50.03,7877054282
T004344,C02987,S02985,12-09-2024 11:58,1905.33,496953492
T004345,C00953,S04926,13-07-2025 18:01,1912.62,2314082151
T004346,C03419,S03713,02-06-2024 14:18,1833.23,256081434
T004347,C04075,S01522,20-11-2025 21:29,1733.23,943934730
T004348,C04598,S04419,19-10-2024 12:47,796.21,7974581161
T004349,C02604,S04643,16-09-2025 15:32,332.43,2391951152
T004350,C03167,S00059,28-01-2024 18:12,1683.17,3821518769
T004351,C00856,S03527,30-12-2023 02:25,463.69,1551844989
T004352,C01770,S00185,24-04-2024 12:42,1247.05,1237113718
T004353,C02622,S03328,19-12-2024 14:33,1744.96,1900854796
T004354,C03593,S00577,07-10-2025 14:40,494.47,955001673
T004355,C02610,S02248,17-05-2024 23:12,1214.01,4136813141
T004356,C01674,S00552,20-08-2024 18:21,475.98,6371164390
T004357,C02379,S02726,14-06-2024 11:37,163.06,3776488964
T004358,C04949,S03321,09-02-2024 03:36,616.02,9147543863
T004359,C01828,S00581,12-04-2025 13:50,783.07,6873536999
T004360,C02251,S03580,05-10-2025 17:14,141.86,1246248376
T004361,C02535,S04141,14-08-2025 16:59,1286.4,3390932628
T004362,C04909,S00420,18-04-2025 10:44,513.03,2581285785
T004363,C01911,S03329,11-11-2025 04:39,578.27,1575161241
T004364,C01356,S04525,06-10-2025 16:13,1919.76,4305691669
T004365,C01137,S04144,13-09-2024 21:56,886.49,2439578948
T004366,C03293,S02925,30-01-2025 19:30,604.93,2336514989
T004367,C02446,S01458,21-11-2024 17:50,1160.93,7312274270
T004368,C02077,S02942,14-04-2024 15:12,1741.75,436682004
T004369,C00147,S01802,17-06-2024 02:49,905.13,1672735905
T004370,C00061,S00576,21-11-2024 14:56,1786.39,2211904176
T004371,C01173,S00387,17-04-2024 21:12,59.88,9781009972
T004372,C03046,S01890,14-10-2024 01:08,779.63,9288240620
T004373,C01960,S02641,03-01-2024 21:26,372,2085955001
T004374,C04890,S03123,08-12-2024 19:19,394.3,6956391140
T004375,C00416,S01963,02-09-2024 01:06,539.83,2626224440
T004376,C04315,S03439,16-11-2025 12:29,1493.13,8212477596
T004377,C00836,S02461,02-11-2025 09:01,1920.19,8864177096
T004378,C01915,S04640,14-02-2024 06:25,1397.48,6050522981
T004379,C02942,S01149,26-10-2024 07:19,1510.27,2343747439
T004380,C03021,S01511,18-03-2025 11:46,952.35,2375420972
T004381,C03360,S02733,05-03-2024 10:23,1992.49,6981278726
T004382,C01399,S04708,04-12-2024 09:06,865.88,6643594804
T004383,C02239,S04741,15-09-2024 09:08,131.61,7335339288
T004384,C00882,S01149,06-11-2025 12:38,1336.22,8928718591
T004385,C03117,S00290,10-01-2024 19:01,586.5,5707157579
T004386,C03808,S04250,02-08-2025 16:17,1121.46,2501994190
T004387,C02250,S03603,06-09-2024 16:07,1617.84,3817440905
T004388,C00699,S04982,21-01-2025 19:05,247.92,1731318692
T004389,C01406,S00512,13-11-2025 19:11,715.12,4827457320
T004390,C02686,S04222,29-07-2025 09:38,86.02,2087292616
T004391,C00278,S02236,26-07-2025 20:45,1607.05,6069195290
T004392,C03174,S03315,06-01-2024 01:33,930.77,5741400340
T004393,C02784,S01047,01-11-2024 19:47,1411.47,1656270419
T004394,C01307,S03986,08-04-2024 06:48,540.38,4978085827
T004395,C04179,S03349,16-12-2024 03:00,396.92,5945545894
T004396,C03496,S01621,20-05-2024 10:37,72.11,106156748
T004397,C01238,S03768,08-04-2025 08:21,1837.28,6815625971
T004398,C03257,S02784,31-03-2024 10:06,507.39,7263850509
T004399,C04170,S01111,19-12-2023 20:03,177.69,5329949249
T004400,C04454,S03726,02-01-2025 21:44,595.04,7376798018
T004401,C04295,S01893,10-02-2024 13:36,741.54,776751024
T004402,C03315,S00072,04-06-2024 08:59,1855.3,932281365
T004403,C00272,S02186,24-09-2025 00:41,623.06,7773358052
T004404,C02181,S03056,26-10-2025 02:55,104.68,4873293299
T004405,C03092,S03391,09-06-2025 11:00,1715.65,1074156458
T004406,C01188,S03868,07-10-2024 08:57,910.59,7019732792
T004407,C02350,S03539,16-03-2024 21:48,583.23,4016345340
T004408,C00178,S00031,28-01-2025 08:39,1362.35,8761162992
T004409,C00091,S04479,24-07-2025 22:38,1625.51,9363409258
T004410,C01138,S00545,06-08-2025 03:34,299.35,542460398
T004411,C04668,S00427,09-06-2024 19:55,1729.64,5443271773
T004412,C00980,S04254,01-07-2025 12:45,990.24,3093664214
T004413,C00784,S00435,08-06-2024 21:05,731.25,7826428569
T004414,C02034,S00860,10-04-2024 08:27,1912.2,2509006697
T004415,C03062,S03996,20-04-2024 19:33,321.73,1344129093
T004416,C04622,S01810,14-06-2025 15:56,344.78,9862600257
T004417,C04090,S00316,04-01-2025 04:54,1550.89,3124375801
T004418,C00711,S02201,07-02-2025 02:56,1871.98,9816123402
T004419,C01346,S03050,04-09-2024 21:15,495.87,6294406761
T004420,C03421,S03763,24-06-2024 00:33,152.54,689751581
T004421,C04480,S01415,03-12-2023 15:45,743.38,1082658221
T004422,C01594,S04146,25-06-2025 21:04,1071.56,7677920632
T004423,C01831,S03062,27-11-2024 04:42,1988.18,9258658640
T004424,C00733,S01908,03-02-2025 18:21,1405.12,4500823979
T004425,C03543,S03088,18-06-2024 09:48,87.45,8645050896
T004426,C00928,S03493,12-03-2024 03:47,976.74,5506430480
T004427,C01002,S03213,31-01-2025 00:44,1572.54,8329926734
T004428,C01990,S01937,30-09-2025 20:13,1922.39,3995304742
T004429,C04985,S02135,16-12-2023 23:07,219.24,5909513432
T004430,C02674,S03787,18-02-2025 02:19,1668.62,4842854403
T004431,C01329,S04621,16-06-2024 03:59,302.61,5680653609
T004432,C00881,S03618,28-04-2025 03:19,1524.7,9581648540
T004433,C04915,S03494,08-02-2024 03:38,1242.52,3046980159
T004434,C01825,S04882,11-02-2025 21:41,554.28,2121921782
T004435,C00644,S00363,05-09-2024 11:12,187.37,2949809400
T004436,C03425,S04876,10-07-2025 12:05,1985.94,725892256
T004437,C02487,S03510,20-01-2025 06:03,1556.26,2281905985
T004438,C02330,S02486,03-10-2024 20:29,1296.98,9885055700
T004439,C01276,S02530,09-05-2024 04:34,843.3,9124077044
T004440,C03376,S03122,01-04-2024 19:31,596.58,4391609889
T004441,C00469,S01753,05-04-2025 20:31,943.22,7923721563
T004442,C01049,S02632,09-05-2024 14:59,1335.35,6971582195
T004443,C04734,S02588,31-12-2024 17:33,364.77,5937193737
T004444,C04817,S04266,05-04-2025 07:36,509.29,8351253641
T004445,C02840,S01306,25-09-2024 08:03,498.3,2133644785
T004446,C01190,S00406,18-01-2024 03:38,1306.18,8640258171
T004447,C00481,S02529,17-09-2024 20:52,1937.9,109642778
T004448,C00992,S02011,23-01-2025 15:35,1949.25,2675513202
T004449,C00197,S00367,07-03-2024 20:39,240.61,1787819637
T004450,C02055,S04797,05-12-2024 21:27,1052.3,4887899632
T004451,C02902,S04574,23-06-2024 13:08,1822.55,2771324178
T004452,C04910,S02245,23-01-2024 00:41,1785.23,6875140994
T004453,C00509,S02413,09-04-2025 13:07,1628.34,5451472245
T004454,C03082,S04374,23-10-2025 05:17,193.99,9502784873
T004455,C02569,S01446,01-10-2024 15:26,60.08,3279214795
T004456,C00684,S00759,26-07-2024 19:45,1640.45,6977223049
T004457,C04050,S02229,17-05-2024 12:50,1410.92,6859185659
T004458,C04503,S01651,22-12-2024 04:12,465.51,3036098305
T004459,C01944,S01384,08-03-2024 10:21,1720.76,5615701856
T004460,C03348,S00844,15-11-2024 20:17,528.13,7436306971
T004461,C02391,S02768,26-09-2025 03:56,1492.34,8444867291
T004462,C01088,S04624,07-05-2024 06:38,579.2,2131928664
T004463,C01416,S02854,06-05-2024 19:24,431.05,652664135
T004464,C02233,S00748,21-10-2024 19:15,1984.12,1845211067
T004465,C02068,S02021,04-12-2024 10:16,624.63,1482639667
T004466,C04618,S02053,01-09-2025 01:49,355.59,8797707598
T004467,C02480,S04214,02-04-2024 11:00,1857.03,3250194247
T004468,C01643,S04932,30-09-2025 14:28,375.28,9688162376
T004469,C02817,S03220,18-07-2025 21:01,1861.03,1987208316
T004470,C04576,S02699,23-04-2025 00:21,720.28,7545294772
T004471,C00780,S02772,31-08-2025 16:41,327.13,2241727398
T004472,C02412,S02021,08-08-2024 20:27,1569.27,9852884810
T004473,C03052,S00261,24-09-2025 15:56,573.38,9223985002
T004474,C00523,S03036,22-02-2025 17:28,691.65,734389681
T004475,C03434,S00149,18-08-2024 02:55,1955.81,2871883519
T004476,C01476,S02747,12-01-2024 20:13,435.13,9443353145
T004477,C04332,S03585,11-08-2024 12:17,1749.92,5236935414
T004478,C03722,S03400,23-01-2025 16:41,1012.15,9249087592
T004479,C01434,S01535,19-06-2025 16:47,261.42,1880118470
T004480,C03106,S04589,15-09-2024 00:34,1973.08,5601588583
T004481,C03930,S03206,11-04-2025 13:35,1080.83,6346723640
T004482,C04381,S01710,18-05-2025 00:21,664.93,515356596
T004483,C03874,S00265,07-08-2025 08:46,578.14,2230680171
T004484,C00540,S03890,09-01-2024 23:12,1527.31,5261412194
T004485,C03513,S03385,19-04-2025 12:45,1159.95,298884698
T004486,C02569,S02870,01-09-2024 03:13,1608.49,1937821726
T004487,C00582,S04184,01-12-2023 14:07,371.34,1149852505
T004488,C03813,S03026,22-07-2024 21:40,855.35,3959858453
T004489,C00064,S00652,23-08-2024 02:20,772.05,6656570750
T004490,C03274,S02605,24-12-2023 21:11,1848.02,6054716164
T004491,C02895,S04178,17-11-2024 12:57,845.24,4130424561
T004492,C02369,S04430,20-08-2025 05:52,494.31,8047166767
T004493,C00489,S01706,04-12-2024 05:11,1089.21,982397867
T004494,C01991,S04437,30-01-2024 03:17,1192.29,3479071971
T004495,C01201,S03088,29-12-2023 23:09,1938.33,2697995907
T004496,C00045,S01471,25-11-2024 02:36,1471.71,5378565313
T004497,C02314,S03490,05-09-2025 19:31,158.85,9618969528
T004498,C00448,S03643,25-05-2025 18:07,1496.08,5486808689
T004499,C02726,S02546,02-01-2025 04:47,1298.89,1412539412
T004500,C00040,S04498,07-07-2025 22:06,629.64,9483313109
T004501,C02242,S00646,04-04-2024 16:24,1397.67,1806828082
T004502,C00107,S02258,21-01-2025 00:39,420.72,3401336252
T004503,C04376,S02198,12-11-2024 07:49,757.11,6200810274
T004504,C01429,S01333,30-09-2024 22:15,745.26,3935883058
T004505,C03520,S00910,22-12-2024 07:47,736.78,8222675741
T004506,C03084,S02375,22-06-2024 08:47,373.31,4171259594
T004507,C01933,S04837,26-10-2025 18:40,1394.3,3651033623
T004508,C00289,S01716,20-10-2024 23:36,1335.88,5780101926
T004509,C00861,S02331,12-03-2024 12:26,62.33,952408790
T004510,C00020,S03943,19-08-2024 06:42,886.33,4939501705
T004511,C01625,S03915,12-01-2024 12:30,972.58,4734225193
T004512,C02891,S02586,18-05-2024 19:21,637.74,9917566151
T004513,C02264,S02776,21-10-2024 23:40,409.15,2010027916
T004514,C03304,S04186,01-04-2024 18:21,1523.17,5178934412
T004515,C02804,S02587,09-11-2024 14:33,318.12,7919970892
T004516,C03120,S03912,30-07-2024 20:25,192.25,9255508438
T004517,C02378,S04964,26-04-2025 23:02,550,2035946750
T004518,C03419,S04303,14-09-2025 19:33,256.21,499539851
T004519,C01813,S00602,09-01-2024 17:54,595.48,4218225113
T004520,C02903,S02512,05-07-2025 00:02,1777.47,5701000259
T004521,C04319,S04603,01-11-2025 05:24,922.55,6442539397
T004522,C04062,S00327,12-07-2024 11:14,900.49,254189259
T004523,C04258,S03150,20-10-2024 20:59,470.49,2186923400
T004524,C00028,S02659,23-01-2024 07:55,1016.51,6149981596
T004525,C02532,S01632,24-07-2024 06:24,1516.97,6404213429
T004526,C00192,S03048,25-02-2024 06:41,154.57,6838014215
T004527,C00031,S01827,11-09-2024 19:40,415.41,2321325164
T004528,C02359,S03531,07-04-2025 17:42,1823.7,4440317283
T004529,C01490,S00214,10-03-2025 02:20,1127.89,1082635435
T004530,C03752,S04863,09-06-2025 20:41,886.67,9150031227
T004531,C00143,S02433,08-10-2025 11:58,1791.79,2893344894
T004532,C01773,S00613,12-02-2025 19:30,1311.72,6295476305
T004533,C02423,S04322,04-10-2025 05:13,113.54,1991325873
T004534,C01660,S04432,31-10-2025 20:34,1937.92,1630420424
T004535,C00588,S04182,15-02-2024 05:43,1828.4,4986998464
T004536,C03008,S03594,17-06-2025 07:48,1224.27,6672101911
T004537,C04294,S01224,08-09-2025 02:10,425.06,4646712974
T004538,C00001,S02242,06-08-2025 14:21,1311.68,6979021602
T004539,C01985,S00733,30-07-2025 08:12,787.07,8036501505
T004540,C04241,S02519,04-10-2024 21:01,480.81,8144308082
T004541,C00112,S00952,26-06-2025 17:31,1771.72,2529883195
T004542,C01224,S00513,01-02-2024 07:38,1882.24,5297000624
T004543,C00610,S02319,02-03-2025 01:38,1048.22,7270853996
T004544,C03298,S01628,04-09-2025 17:27,1312.2,6808326258
T004545,C02939,S03444,20-01-2025 05:12,340.41,7910314831
T004546,C00054,S01975,21-08-2024 08:25,1520.89,9840656165
T004547,C04752,S04743,07-12-2023 16:53,378.18,7241344886
T004548,C00484,S02532,14-05-2025 21:27,867.43,6623752340
T004549,C00621,S02815,22-11-2024 12:44,1984.9,984165214
T004550,C02041,S02798,29-02-2024 12:33,107.29,7142150958
T004551,C02681,S01305,28-05-2024 12:12,1287.84,5858934698
T004552,C04616,S00902,09-02-2024 05:19,557.29,6234872891
T004553,C04583,S01924,26-02-2025 14:53,655.22,6606473831
T004554,C01696,S03582,17-03-2025 21:57,1135.61,6353971187
T004555,C03815,S00813,26-08-2024 14:14,130.63,5447085544
T004556,C03670,S04851,25-02-2024 16:26,1760.33,5872215002
T004557,C02751,S02981,09-02-2024 08:47,206.39,8200777846
T004558,C03089,S02699,21-09-2024 21:19,381.69,7054030688
T004559,C04085,S00593,07-06-2024 15:42,608.54,108753360
T004560,C04593,S00309,11-03-2025 03:23,1975.63,9179221047
T004561,C02581,S00377,24-05-2025 20:31,1755.62,2993057944
T004562,C04534,S02147,24-07-2025 18:34,1431.71,3885833922
T004563,C01430,S01661,30-06-2025 09:05,1064.47,9075995625
T004564,C04714,S03369,23-05-2024 17:30,1239.48,3607844802
T004565,C01834,S04641,06-01-2024 19:33,122.04,6208262795
T004566,C01261,S01708,13-12-2023 22:27,1442.61,1508382768
T004567,C03660,S03623,20-08-2024 15:33,1833.74,7487224264
T004568,C01723,S03162,15-01-2025 16:29,645.1,6334811519
T004569,C03380,S00035,09-12-2023 15:15,622.41,383657501
T004570,C02779,S01205,03-05-2024 16:57,1768.5,3962154763
T004571,C02298,S01858,03-09-2024 17:02,743.4,3611899894
T004572,C00200,S03247,11-04-2025 06:09,276.29,4581565891
T004573,C00540,S03828,17-12-2024 09:21,451.9,6417297403
T004574,C01075,S03537,15-09-2025 00:00,261.8,6397353938
T004575,C02528,S04754,23-06-2024 02:11,1702.2,9390171977
T004576,C04003,S04772,04-05-2024 22:21,1144.43,3095694251
T004577,C04067,S02216,18-01-2025 09:44,1189.6,9646534704
T004578,C00301,S03509,14-02-2025 18:45,68.4,9698204782
T004579,C02078,S03397,19-06-2024 04:59,592.23,2677836210
T004580,C01625,S00465,25-03-2024 15:06,1233.85,6479311699
T004581,C01463,S00174,27-07-2024 19:21,1194.84,5979965310
T004582,C01519,S00081,17-02-2025 10:51,1026.38,5253942750
T004583,C03360,S01286,13-10-2024 03:58,516.23,6702709194
T004584,C02161,S01217,12-05-2024 17:28,1627.6,9851277027
T004585,C01290,S01530,23-12-2023 13:36,443.67,3824895399
T004586,C00987,S02918,06-06-2025 00:14,307.21,4376834218
T004587,C04072,S02931,27-08-2024 17:26,454.85,838785218
T004588,C03705,S01525,08-06-2025 14:13,1347.93,9117795340
T004589,C00648,S04488,04-06-2025 20:14,624.44,9196529899
T004590,C01621,S00103,09-06-2025 16:59,1252.36,257469515
T004591,C02641,S04817,09-06-2025 11:38,441.53,7647414491
T004592,C04421,S03282,26-10-2025 07:30,1134.4,5699101472
T004593,C03618,S01082,10-06-2025 14:49,1608.43,5414868484
T004594,C01071,S00983,25-12-2023 20:35,1457.97,2830634631
T004595,C01826,S04649,26-11-2023 09:53,1415.91,3444589774
T004596,C03975,S00504,23-03-2024 01:00,1677.83,8169169195
T004597,C01527,S00206,05-07-2025 12:40,725.02,645365267
T004598,C02223,S04652,19-11-2025 03:50,578.72,7225291141
T004599,C04637,S00889,08-03-2024 21:39,1998.32,1314803164
T004600,C02910,S02834,17-03-2025 20:28,343.89,6120861247
T004601,C02116,S00369,27-07-2025 22:24,1940.37,3489928664
T004602,C02924,S02126,15-10-2024 04:17,979.33,6911000126
T004603,C01549,S03719,14-02-2024 09:17,1433.42,8352474288
T004604,C01819,S01876,26-11-2024 00:51,1429.44,1308768795
T004605,C00674,S02250,20-08-2025 00:30,569.4,4268087838
T004606,C03024,S03297,04-12-2023 11:22,1111.99,6963678402
T004607,C00239,S03757,24-02-2024 20:58,790.19,397516391
T004608,C01415,S04377,30-11-2024 04:57,566.59,8834805123
T004609,C04322,S03338,22-02-2025 17:18,845.44,4063881470
T004610,C01668,S01973,10-03-2025 00:37,1724.92,9430245174
T004611,C04015,S02659,26-01-2025 11:29,137.64,2236312011
T004612,C04526,S00308,29-12-2023 10:12,1727.13,8874933937
T004613,C01629,S00483,18-08-2024 02:18,1947.73,4750382756
T004614,C03577,S01866,28-05-2025 05:14,355.41,9514439653
T004615,C01371,S04003,15-12-2023 06:04,1013.02,2674042628
T004616,C01622,S02717,17-09-2024 01:40,1757.65,2041687356
T004617,C01032,S03481,13-11-2025 01:50,1868.6,8156960446
T004618,C00582,S00379,13-12-2024 13:38,1634.23,9502572458
T004619,C03981,S04954,12-09-2024 16:44,1674.4,984019450
T004620,C03624,S01940,08-05-2024 07:30,1472.09,5769467545
T004621,C04678,S00901,14-01-2024 12:14,1274.15,1102961269
T004622,C03464,S00266,24-06-2025 08:41,114.75,3346800260
T004623,C00128,S00420,24-02-2025 04:10,1545.51,8251794565
T004624,C00048,S02128,27-10-2024 00:23,1079.59,5294171554
T004625,C01798,S01292,11-01-2025 03:43,1443.81,8163765673
T004626,C04088,S01636,24-12-2024 14:14,1747.24,9022201828
T004627,C03213,S04284,06-03-2025 15:06,350.45,1794780107
T004628,C02783,S00735,26-05-2024 07:51,491.12,669779388
T004629,C02413,S00471,04-02-2025 21:35,101.33,634346128
T004630,C04723,S04817,06-08-2024 12:13,1491.98,6614146812
T004631,C04185,S03326,13-05-2024 19:49,1107.4,1697640720
T004632,C04540,S00843,22-07-2025 15:15,1313.4,6392750773
T004633,C02925,S00651,21-03-2024 13:56,740.53,4512816010
T004634,C01917,S00012,23-01-2025 00:09,608.04,2025669852
T004635,C01247,S02959,24-01-2025 09:05,691.03,8681952954
T004636,C02725,S00189,11-12-2023 18:52,1464.83,4717123760
T004637,C01779,S03582,30-06-2025 18:45,361.8,8799780925
T004638,C04788,S00351,12-01-2024 14:06,1511.89,7987684868
T004639,C03831,S00112,13-12-2024 06:27,94.35,2004237787
T004640,C04012,S01993,23-05-2025 07:31,206.8,3412985351
T004641,C03456,S03050,14-09-2025 00:03,1058.8,3341348143
T004642,C00634,S03325,29-10-2024 14:03,1608.91,4337237806
T004643,C02323,S02916,14-07-2025 03:51,218.01,1117602909
T004644,C01374,S01137,10-05-2025 02:00,1334.03,1418917285
T004645,C04595,S00424,26-05-2025 15:46,346.43,7172701346
T004646,C03670,S00563,23-08-2025 17:04,956.02,7320797401
T004647,C02157,S03936,08-12-2024 03:34,304.62,5990336148
T004648,C01546,S01528,26-10-2025 10:31,432.74,2135181366
T004649,C03867,S03313,26-07-2024 01:59,165.82,4511754138
T004650,C00154,S04683,08-04-2025 12:31,1285.72,5552800658
T004651,C01882,S04593,14-09-2024 14:51,836.52,2239160724
T004652,C04688,S01574,28-05-2025 23:46,502.67,1688254832
T004653,C00706,S01860,02-10-2024 03:44,1950.13,3943135447
T004654,C00930,S01318,29-11-2024 04:13,921.81,8483672601
T004655,C00687,S04088,10-11-2025 07:16,1630.93,1328855122
T004656,C02716,S04714,08-05-2025 22:47,1410.8,8914866721
T004657,C00902,S02212,27-08-2024 22:23,491.02,1146518307
T004658,C03350,S02243,21-05-2024 14:21,1112.25,8928519364
T004659,C00069,S01412,01-03-2025 15:44,194.19,8943917528
T004660,C02203,S02250,08-02-2024 05:11,465.69,3604501969
T004661,C01395,S01374,17-10-2025 22:44,1268.15,6270501287
T004662,C00765,S04811,27-07-2025 06:47,242.98,954009281
T004663,C01737,S00832,19-01-2024 18:42,1217.69,7020532790
T004664,C01742,S04386,07-08-2024 07:30,504.04,1628091347
T004665,C00478,S00194,08-07-2025 05:47,1359.48,3898066806
T004666,C03998,S02279,22-06-2024 05:36,136.42,2908654352
T004667,C01975,S03187,02-06-2025 10:43,1875.44,4667669598
T004668,C02516,S03427,31-07-2025 21:11,1529.64,3211675285
T004669,C03968,S02852,07-07-2024 16:47,213.43,4631461401
T004670,C04349,S01285,15-12-2023 11:40,733.42,38849223
T004671,C00655,S02547,27-04-2025 16:26,1179.46,3270493386
T004672,C00391,S02388,06-03-2024 21:10,1966.93,6713721386
T004673,C00057,S04433,29-09-2024 09:05,929.05,3225766695
T004674,C04228,S00495,31-05-2025 22:52,1857.99,7172303972
T004675,C01891,S03881,06-07-2025 10:56,1266.11,7092439338
T004676,C00553,S00980,29-04-2024 10:24,808.72,5800480919
T004677,C00378,S01994,12-06-2024 03:35,1368.49,6722556596
T004678,C01488,S02187,04-05-2025 09:42,1882.56,5919642152
T004679,C01767,S01637,12-03-2024 09:24,1531.91,3383872887
T004680,C04814,S01156,27-08-2024 15:38,1344.97,8879878908
T004681,C02711,S03099,03-02-2024 03:01,1925.66,8253318132
T004682,C03150,S03482,06-09-2024 11:59,685.04,3402437955
T004683,C00388,S03292,01-11-2024 03:56,248.68,4507326248
T004684,C02764,S02431,08-10-2024 08:13,1533.38,6757161133
T004685,C03178,S04654,31-07-2025 18:14,1436.82,5736267747
T004686,C02481,S02358,29-01-2025 06:27,307.69,6677454489
T004687,C02565,S03699,09-09-2024 00:49,1310.63,529319302
T004688,C03940,S04467,01-09-2025 07:01,1262.61,412579663
T004689,C04951,S02873,19-03-2024 04:24,908.7,6652244165
T004690,C02299,S01634,03-09-2025 12:22,1898.8,5475962152
T004691,C04236,S04282,22-03-2025 05:45,1048.44,2480458447
T004692,C02220,S00938,03-01-2025 11:35,1155.69,9467712713
T004693,C04373,S01328,16-07-2025 14:03,850.46,9046694314
T004694,C03861,S00627,11-09-2025 01:13,161.89,6317204820
T004695,C01085,S00961,20-02-2024 06:26,997.42,7186358234
T004696,C04417,S01692,01-11-2024 21:35,548.54,4199219081
T004697,C00527,S04927,22-05-2025 16:04,379.9,1040817032
T004698,C02293,S02822,11-08-2025 02:54,83.49,8374401733
T004699,C01543,S02633,30-11-2024 04:13,382.47,9458440568
T004700,C01813,S01572,02-08-2025 09:26,947.35,8270122930
T004701,C01751,S00608,06-07-2025 16:22,1721.69,5704235254
T004702,C02929,S00915,15-12-2023 09:39,1959.06,9859806523
T004703,C03934,S04282,04-07-2024 22:03,1029.22,8038626289
T004704,C03244,S02090,14-11-2025 09:46,1447.74,9411923778
T004705,C03917,S00288,23-09-2024 15:39,1497.1,5564078501
T004706,C04055,S03154,22-10-2025 17:13,1331,5061884549
T004707,C04659,S00930,23-03-2024 01:38,714.84,5676687874
T004708,C04584,S02456,21-12-2023 04:12,635.25,9742053727
T004709,C00685,S01799,05-01-2024 19:47,670.69,1200252013
T004710,C01620,S04700,20-01-2024 01:01,1060.54,577376592
T004711,C04242,S04877,12-11-2025 21:53,545.87,149540516
T004712,C03397,S03316,31-03-2025 12:33,1064.1,6467895057
T004713,C04984,S02227,23-12-2023 23:17,793.21,866629681
T004714,C02374,S00432,06-06-2025 02:14,1812.79,3871891097
T004715,C03677,S03490,08-03-2024 14:13,175.94,5709102128
T004716,C02376,S04747,06-02-2024 21:50,1087.78,4551314171
T004717,C04892,S03447,22-12-2024 00:45,807.7,8404255052
T004718,C04158,S01907,15-07-2025 17:48,127.48,761034386
T004719,C03313,S00786,07-07-2025 21:57,833.74,224784789
T004720,C01641,S01319,22-10-2025 02:51,1182.8,2990133702
T004721,C01683,S02912,06-05-2024 03:19,1120.98,5067473884
T004722,C02520,S00462,25-11-2024 21:46,1353.72,6535172552
T004723,C04702,S04854,21-12-2024 13:06,1155.49,6626054887
T004724,C01583,S02570,12-09-2024 00:48,303.38,3141753169
T004725,C00675,S02449,24-07-2025 16:59,366.95,3487330165
T004726,C00353,S02219,30-08-2024 22:23,1024.32,3760205356
T004727,C04494,S03610,24-09-2024 04:25,938.33,765792576
T004728,C00776,S03485,15-05-2024 16:05,150.2,2730006662
T004729,C02823,S00395,31-01-2025 15:25,316.14,9910711856
T004730,C00981,S04949,11-04-2024 08:37,347.96,7608150698
T004731,C04792,S00012,06-02-2025 01:09,1384.13,8600499714
T004732,C02589,S00958,26-07-2025 00:56,384.19,2332437372
T004733,C03960,S01544,10-12-2023 14:46,705.09,3569350484
T004734,C02297,S02027,22-12-2024 00:31,916.89,8460702094
T004735,C01992,S00125,28-12-2023 06:55,1356.65,404140661
T004736,C00485,S00488,14-01-2025 13:06,1773.29,4040513864
T004737,C00144,S00557,16-01-2025 20:12,433.16,1712359682
T004738,C03444,S04479,14-06-2024 11:30,1450.01,7865279508
T004739,C03279,S00828,13-11-2025 01:44,476.91,3959596256
T004740,C03010,S02027,06-08-2024 08:27,1471.14,2393574330
T004741,C01035,S02621,09-09-2024 10:14,771.11,426838726
T004742,C00870,S01572,08-02-2025 07:06,1372.06,8067282002
T004743,C00776,S01690,05-01-2025 12:59,1503.27,2195653872
T004744,C02150,S01228,23-09-2025 16:45,1964.29,3900345296
T004745,C01124,S00524,08-07-2024 00:25,510.31,7874071278
T004746,C01392,S04192,26-05-2024 11:09,583.15,502296168
T004747,C00262,S02093,25-12-2023 07:13,1184.82,7789388528
T004748,C04034,S04728,16-04-2024 06:43,296.95,1084019401
T004749,C04071,S03005,04-07-2024 04:42,433.22,555619315
T004750,C03528,S02249,05-11-2025 08:29,385.49,6736837212
T004751,C04956,S00404,10-01-2025 17:42,1992.44,8845035468
T004752,C00996,S04912,28-08-2025 14:55,1411.82,8727172341
T004753,C04303,S04224,23-03-2024 04:17,325.53,4154212754
T004754,C01987,S02310,07-10-2024 19:09,285,3942877995
T004755,C00778,S03186,06-06-2024 17:46,1945.9,3966115320
T004756,C04413,S01723,08-10-2024 18:49,732.16,3580673230
T004757,C01952,S03151,13-06-2024 14:52,1430.07,5427937887
T004758,C03222,S02379,28-12-2024 22:28,261.81,32023202
T004759,C04710,S02088,24-04-2025 00:04,175.33,663902961
T004760,C00508,S04701,19-01-2025 13:55,854.1,703038988
T004761,C04418,S01456,26-11-2024 10:05,1843.42,625681405
T004762,C00673,S04271,29-09-2024 16:03,1781.66,1472083970
T004763,C03718,S02619,04-02-2025 13:19,1812.19,5061409136
T004764,C01246,S01141,20-08-2024 03:05,1549.65,1882894532
T004765,C02790,S03286,14-02-2024 19:23,100.21,4669943395
T004766,C00738,S00401,27-12-2024 12:46,148.55,5877197223
T004767,C03652,S03230,26-11-2023 21:28,444.01,3886964200
T004768,C02301,S00675,26-04-2025 05:39,1020.95,5541806416
T004769,C04964,S00409,21-11-2024 22:33,917.14,2838628724
T004770,C01630,S03856,16-02-2025 08:06,1783.37,21527660
T004771,C01524,S03460,16-07-2024 10:15,802.17,8898423979
T004772,C00295,S00269,31-12-2023 20:51,1258.45,2007551303
T004773,C04158,S04734,21-05-2024 01:59,660.52,7494021753
T004774,C04047,S01342,20-07-2024 18:56,1868.58,5141843787
T004775,C03155,S04561,19-05-2024 21:00,386.53,189808863
T004776,C00087,S04054,29-07-2024 06:05,52.69,6456957375
T004777,C04677,S03469,23-05-2024 10:03,1444.36,6114467249
T004778,C02253,S02981,29-08-2024 22:36,153.13,923995576
T004779,C00182,S02734,30-07-2024 00:15,1723.47,9271564016
T004780,C04914,S01734,17-07-2025 15:43,1487.47,4265430635
T004781,C03725,S01263,29-03-2025 09:36,996.05,8399916856
T004782,C02462,S04883,10-04-2024 06:57,1860.36,5853887465
T004783,C01877,S03883,09-08-2024 21:40,1745.03,9821932384
T004784,C01722,S00970,28-03-2025 01:43,593.58,6707997848
T004785,C00878,S00389,09-10-2025 16:47,815.69,6267111084
T004786,C04232,S03894,11-02-2024 16:14,1770.68,4617879621
T004787,C02175,S04786,05-08-2024 10:32,58.94,7642052506
T004788,C04782,S02038,28-10-2025 00:50,766.99,4445608499
T004789,C04546,S01756,14-04-2025 23:45,688.54,9978767876
T004790,C01956,S00617,29-08-2025 16:15,417.46,6390404214
T004791,C01221,S02530,05-01-2025 16:51,756.61,2144261166
T004792,C04620,S01087,18-10-2025 10:37,656.42,4679400884
T004793,C02413,S04588,02-05-2025 20:29,1119.24,6157746647
T004794,C00851,S01021,02-11-2024 04:02,1488.71,8512881899
T004795,C01667,S01602,04-02-2024 03:53,1510.5,2605962007
T004796,C02386,S00831,24-05-2024 01:47,449.92,3890084194
T004797,C00955,S04283,05-10-2025 09:41,1960.35,401172895
T004798,C00500,S02883,12-05-2025 17:22,1767.83,6080926531
T004799,C02974,S03001,05-02-2024 12:27,982.94,4227766540
T004800,C04806,S02011,25-12-2023 04:38,1354.18,8276875600
T004801,C02561,S04007,11-12-2023 05:53,58.91,1677044691
T004802,C00268,S03410,23-10-2025 22:29,942.7,9082827069
T004803,C02883,S00987,08-04-2025 16:40,1737.41,590235742
T004804,C03415,S02746,01-04-2025 09:11,200.58,6312513777
T004805,C01369,S03599,16-07-2024 08:48,1828.71,8219761013
T004806,C02405,S00215,17-07-2024 19:38,121.81,5681262550
T004807,C00023,S04469,12-11-2024 07:58,493.41,5718109032
T004808,C04758,S04293,20-04-2025 17:38,284.94,9929749550
T004809,C04869,S00406,16-10-2025 01:32,1047.45,1842573347
T004810,C02245,S02843,27-05-2024 22:07,1336.56,6536320012
T004811,C04898,S01249,12-03-2024 21:37,1235.73,1610122304
T004812,C04214,S00996,09-08-2025 02:14,1355.97,421836848
T004813,C04302,S01962,08-12-2023 09:50,88.62,3420446742
T004814,C03104,S00034,26-05-2025 14:13,1453.17,6128343746
T004815,C00962,S02781,13-12-2024 13:57,1917.95,6380727778
T004816,C04585,S00443,02-08-2024 06:28,253.94,6342130563
T004817,C04116,S03761,30-07-2024 17:41,1491.87,9403128426
T004818,C01178,S00590,17-12-2023 07:38,1903.25,3806977753
T004819,C04802,S04077,17-11-2024 11:05,1883.87,4489189632
T004820,C02174,S01729,08-12-2024 11:36,614.68,2940996190
T004821,C02042,S01243,12-04-2025 17:42,1086.45,4528870698
T004822,C02510,S01502,11-03-2024 01:19,1830.63,9060113222
T004823,C01873,S00730,16-04-2025 13:29,1788.59,7297680435
T004824,C04631,S00859,19-10-2025 11:16,1778.36,6683703341
T004825,C03375,S02994,11-08-2025 19:07,1318.62,4574808202
T004826,C02438,S01509,14-04-2024 15:12,1667.53,8893672163
T004827,C02182,S03934,07-06-2025 07:58,90.66,5334320326
T004828,C03272,S02494,07-05-2024 07:07,1285.89,437041555
T004829,C01807,S01880,22-07-2024 11:02,537.8,865210567
T004830,C01583,S01962,07-11-2024 14:41,827.59,5329823424
T004831,C03220,S03852,15-01-2025 23:56,1699.61,9979522161
T004832,C02858,S04879,24-04-2025 19:42,893.97,9448660321
T004833,C03487,S00047,16-07-2025 23:05,1814.86,9550906051
T004834,C03874,S04113,03-06-2025 22:51,1746.09,6406128654
T004835,C01759,S04281,15-06-2024 03:14,391.66,2143003633
T004836,C02527,S00524,09-11-2024 08:29,1797.7,8145479793
T004837,C01627,S02451,29-04-2024 12:29,310.92,8180999217
T004838,C03161,S02070,03-06-2024 15:04,315.15,4020842780
T004839,C00935,S03860,18-02-2024 15:32,1924.75,4436330983
T004840,C02848,S00150,11-06-2025 00:05,1842.33,8053818174
T004841,C01637,S00046,05-07-2024 10:39,480.66,4022548959
T004842,C04037,S01117,05-03-2025 23:07,1800.7,329475843
T004843,C04114,S01563,11-01-2024 11:42,1732.94,8743061598
T004844,C04269,S04212,06-11-2024 21:39,889.06,5415997776
T004845,C04491,S03996,26-01-2025 04:47,285.42,6467843974
T004846,C01005,S01332,03-02-2025 03:33,1558.78,2149237286
T004847,C01875,S03550,13-04-2024 09:19,429.56,7800430975
T004848,C04749,S01182,31-08-2025 23:13,653.07,9623762193
T004849,C00890,S03157,19-12-2023 05:28,1641.8,7919140014
T004850,C00867,S02455,12-02-2024 08:06,505.06,7010122229
T004851,C04735,S04186,02-04-2024 12:58,97.46,9247002425
T004852,C02736,S02788,09-12-2024 15:42,717.71,2812425450
T004853,C04826,S01906,13-11-2024 14:45,1397.92,2475675274
T004854,C02892,S01028,29-12-2024 21:23,669.08,7310352735
T004855,C04250,S03247,31-12-2023 04:54,1454.28,8377775802
T004856,C04013,S01535,03-11-2024 20:35,1771.92,8633290679
T004857,C02806,S02718,06-09-2024 22:10,622.26,6355202246
T004858,C04566,S01749,09-11-2025 19:53,797.56,1429941424
T004859,C00744,S00249,10-07-2024 00:49,890.67,1249707053
T004860,C00691,S01029,20-04-2025 15:01,1250.36,1016479315
T004861,C01617,S01984,11-07-2025 11:13,1817.43,9106258179
T004862,C01624,S00238,07-01-2024 00:48,982.36,4304122073
T004863,C03957,S00036,20-08-2024 21:36,594.75,5318258162
T004864,C03211,S01187,23-04-2025 16:30,1523.95,3337569024
T004865,C01508,S01808,15-10-2025 14:09,544.2,3944550040
T004866,C02545,S00794,12-10-2024 13:54,920.54,7312342798
T004867,C01664,S03022,18-02-2025 01:01,1999.66,6945677421
T004868,C00245,S01073,17-09-2025 21:51,782.77,5278074741
T004869,C02854,S02022,25-08-2025 10:39,77.04,3450047177
T004870,C04824,S02489,03-11-2025 21:48,812.94,973096243
T004871,C04905,S04678,01-10-2025 03:02,562.93,5568883050
T004872,C00427,S00371,05-05-2024 03:45,1727.29,3024573647
T004873,C00239,S03065,08-11-2024 18:25,696.7,8207639190
T004874,C02438,S02888,10-04-2024 05:25,199.17,6645443908
T004875,C01799,S04930,21-11-2025 23:19,406.61,4831481257
T004876,C04202,S00833,25-04-2025 08:16,1764,7098959235
T004877,C01249,S01932,14-10-2025 15:03,1648.46,3645377082
T004878,C04353,S03816,10-09-2025 21:09,1977.14,8347231989
T004879,C04225,S02005,01-10-2024 02:29,691.57,7360535070
T004880,C03139,S03263,06-11-2024 15:30,194.94,8505134295
T004881,C03670,S01697,08-03-2025 21:47,1610.75,2585529498
T004882,C01474,S00672,10-08-2024 08:04,1109.24,7066620212
T004883,C01351,S04068,03-12-2024 10:57,987.92,7959672112
T004884,C02483,S04438,16-11-2025 17:38,1648.47,7815449852
T004885,C00200,S01424,03-12-2024 14:17,1578.72,4355190874
T004886,C04777,S02144,26-01-2025 20:35,835.68,4338509817
T004887,C04923,S04087,18-09-2024 16:59,1918.55,7613001676
T004888,C04476,S02790,21-12-2024 16:17,540.87,6738846492
T004889,C01831,S02171,06-07-2025 21:29,179.74,5498899512
T004890,C03012,S01189,30-09-2025 03:37,1906.68,2807936715
T004891,C00789,S00276,25-09-2024 00:31,1247.99,1672942187
T004892,C01129,S01218,09-05-2024 01:15,1511.61,6197109767
T004893,C03771,S00480,24-12-2023 11:52,1744.86,4042773244
T004894,C02901,S00393,02-08-2024 17:15,978.2,5848383805
T004895,C04442,S01965,28-04-2025 17:41,1440.63,5094602706
T004896,C03819,S04488,25-09-2025 04:45,391.46,3933226685
T004897,C02482,S01130,17-05-2025 02:27,1595.99,7846383122
T004898,C02501,S00607,21-06-2024 00:25,489.16,6935938235
T004899,C00100,S04626,18-11-2025 18:39,139.35,6902388330
T004900,C02929,S03571,04-05-2025 13:18,948.44,9378406444
T004901,C00290,S03289,08-11-2025 18:10,1887.77,4909255626
T004902,C04585,S00477,22-10-2024 17:42,893.44,6344700307
T004903,C00883,S04475,29-01-2025 07:23,297.08,6222495934
T004904,C03066,S00657,22-06-2024 22:48,549.53,6106176143
T004905,C00852,S00210,07-12-2024 06:49,75.37,6286149906
T004906,C04505,S01474,17-05-2024 08:31,1327.16,2321607307
T004907,C02512,S01110,17-02-2024 22:48,1683.02,8018362071
T004908,C03609,S02716,21-08-2024 10:32,829.75,1575819135
T004909,C01188,S00677,13-04-2025 21:33,829.09,2361573564
T004910,C02864,S01516,15-08-2025 08:28,753.5,7328864805
T004911,C04332,S00179,21-02-2025 18:05,237.59,3909288665
T004912,C02344,S01735,21-04-2025 06:10,111.93,2907591519
T004913,C03376,S02345,20-02-2024 11:29,1413.67,9041017152
T004914,C01018,S02835,23-09-2024 22:46,268.89,4789250773
T004915,C01992,S04745,19-12-2023 14:38,1864.7,6066325419
T004916,C01976,S03379,04-01-2024 04:59,1199.53,7386939455
T004917,C01870,S03566,25-12-2023 04:40,1210.82,1150575915
T004918,C01332,S04287,22-11-2023 21:56,1662.8,1799163388
T004919,C00020,S00528,23-10-2024 09:33,1302.83,1726519115
T004920,C01464,S01640,04-09-2024 08:56,763.05,1873111391
T004921,C03214,S03585,26-09-2025 21:03,1349.67,6716287840
T004922,C02443,S03558,02-01-2024 14:59,1377.19,7509702344
T004923,C04042,S02625,21-11-2025 19:55,1375.13,7134904006
T004924,C01602,S01847,20-11-2025 10:24,772.81,134155271
T004925,C04558,S03208,09-06-2025 06:21,360.7,4882510362
T004926,C04637,S00899,30-09-2025 16:28,1865.87,6499629265
T004927,C01203,S00854,06-03-2024 08:27,1801.95,4588647132
T004928,C01386,S00853,02-01-2024 19:03,724.18,8170431517
T004929,C04171,S02084,17-09-2025 09:18,228.67,5755790644
T004930,C04478,S01041,16-11-2024 07:09,696.88,8197342552
T004931,C02160,S02711,20-01-2024 00:20,337.96,6745224873
T004932,C00241,S02468,26-02-2025 21:37,1407.74,600394005
T004933,C04411,S02464,12-03-2025 17:22,1032.51,9502229175
T004934,C02467,S04730,04-07-2024 06:41,268.25,3942924917
T004935,C04918,S02011,17-02-2025 00:24,206.87,4757481123
T004936,C04522,S04601,29-10-2025 18:28,911.42,6821021670
T004937,C01188,S03294,09-02-2024 09:19,476.5,5119123685
T004938,C03184,S04341,09-03-2025 11:16,1659.78,9019128767
T004939,C04605,S04640,17-02-2025 06:49,1593.3,7848863309
T004940,C04624,S01630,22-01-2024 12:44,423.52,4763993332
T004941,C04976,S01470,23-04-2024 16:33,774.08,5414520889
T004942,C04642,S03469,12-03-2025 12:02,1055.2,463944241
T004943,C02480,S02496,19-10-2025 20:23,1666.4,4318792878
T004944,C01238,S04083,02-03-2024 20:54,1218.6,7274347683
T004945,C02728,S01950,02-03-2025 01:35,1313.33,774398745
T004946,C02827,S03839,15-08-2025 06:46,707.93,4043544865
T004947,C00126,S01417,09-07-2024 12:35,766.84,140042255
T004948,C02501,S04463,30-03-2025 06:31,652.54,9868948607
T004949,C01024,S01547,25-09-2024 12:01,665.9,1394187733
T004950,C03277,S01865,25-06-2025 10:10,272.31,8443772777
T004951,C00054,S00688,07-10-2025 20:19,242.74,545833823
T004952,C02438,S00047,06-06-2025 05:51,275.88,2481347763
T004953,C01819,S00854,03-08-2024 14:51,1789.97,3655001864
T004954,C04333,S02811,24-08-2025 04:17,410.46,6815291138
T004955,C04378,S00504,15-11-2025 01:55,1908.58,6404743224
T004956,C00143,S01126,23-08-2025 07:11,1246.66,4198719637
T004957,C01512,S02485,11-12-2023 10:30,445.02,4260728490
T004958,C00469,S04649,18-04-2024 05:24,218.45,8120705427
T004959,C01655,S03099,30-05-2024 03:26,259.11,4128632202
T004960,C03219,S00590,12-11-2025 04:33,760.89,4810564227
T004961,C01036,S00692,27-01-2024 23:47,1592.95,7417731267
T004962,C02651,S00839,15-08-2025 09:41,1395.56,4569014655
T004963,C00058,S01608,13-01-2025 21:55,449.92,1208660144
T004964,C01667,S01989,28-02-2024 13:45,1650.21,2761782155
T004965,C00211,S02137,12-09-2025 13:08,129.34,3908046278
T004966,C03503,S01731,22-10-2025 12:54,1014.76,8112312422
T004967,C04885,S02427,29-08-2024 19:12,578.08,7758057417
T004968,C03949,S04504,27-12-2024 01:45,1276.4,324579023
T004969,C02931,S04595,21-05-2025 21:38,1100.71,9423979436
T004970,C00951,S03516,15-05-2025 20:47,299.56,1211546691
T004971,C02799,S01904,12-10-2025 07:40,1088.73,6642564782
T004972,C03201,S01174,16-06-2025 13:44,1394.27,6864483220
T004973,C02153,S03344,05-08-2024 00:53,1776.95,4742275245
T004974,C00140,S01971,16-11-2024 14:15,781.56,7323308775
T004975,C01163,S01596,26-02-2024 10:44,348.39,1978168261
T004976,C03468,S00298,03-03-2025 18:25,1353.87,3723811130
T004977,C00708,S00862,08-12-2024 08:38,1159.59,5719407211
T004978,C02114,S01388,08-10-2025 11:53,542.31,3048846085
T004979,C03429,S03497,25-08-2025 12:17,1720.03,6108687328
T004980,C01114,S04586,05-08-2025 10:12,1093.69,9927557896
T004981,C01340,S02182,10-04-2025 15:08,1546.78,3826511426
T004982,C04448,S00580,23-06-2024 21:30,1142,4259810957
T004983,C02653,S00601,12-11-2025 11:22,575.72,1157521891
T004984,C04103,S04910,19-03-2025 09:57,757.63,8571240146
T004985,C03624,S02010,09-11-2025 08:59,1165.29,4003718125
T004986,C00073,S01593,30-01-2025 01:14,75.11,3084942168
T004987,C02737,S04711,27-08-2024 14:32,568.55,3511319394
T004988,C04473,S03580,03-05-2024 13:18,376.46,7263460353
T004989,C00229,S00042,04-08-2024 17:43,1889.26,242771196
T004990,C02251,S04426,19-01-2024 20:30,1289.93,4422438555
T004991,C03501,S04931,05-12-2024 08:16,305.43,6646571180
T004992,C00849,S01252,10-01-2024 18:33,671.9,2050431600
T004993,C01975,S04543,18-03-2025 20:42,338.57,3638094978
T004994,C03284,S02317,23-07-2025 05:44,872.09,3463504623
T004995,C02053,S02025,04-08-2025 14:15,962.51,6846819690
T004996,C03586,S03435,28-01-2025 03:24,1918.08,5033085512
T004997,C04787,S02404,23-09-2024 19:04,1412.06,2602849915
T004998,C02411,S00513,28-09-2024 06:03,478.35,1316315486
T004999,C03165,S03455,07-09-2024 04:34,626.85,9376004013
T005000,C03816,S03066,24-03-2024 12:58,1783.79,7539665944
