store_id,store_name,store_city,store_region,opening_date
S00001,Robinson Ltd Store,Jaipur,West,2024-09-15
S00002,Copeland Ltd Store,Pune,West,2021-01-25
S00003,Cooper LLC Store,Bengaluru,West,2022-06-09
S00004,Lindsey-Rodriguez Store,Hyderabad,East,2022-07-04
S00005,Cole-Davis Store,Kolkata,Central,2019-07-05
S00006,Murphy and Sons Store,Ahmedabad,Central,2019-01-18
S00007,Hernandez Ltd Store,Kolkata,South,2019-05-15
S00008,Perez-Jackson Store,Jaipur,South,2019-12-08
S00009,Harris Group Store,Chennai,East,2021-12-30
S00010,"Mitchell, King and King Store",Surat,East,2021-05-16
S00011,"Romero, Sanchez and Salas Store",Pune,Central,2020-01-29
S00012,Sampson-Torres Store,Surat,West,2023-04-05
S00013,Coleman-Williams Store,Ahmedabad,East,2022-08-15
S00014,"Williams, Thompson and Martinez Store",Pune,North,2018-11-25
S00015,"Dean, Jefferson and Martin Store",Ahmedabad,North,2017-04-05
S00016,"Jimenez, Bennett and Riddle Store",Mumbai,West,2023-07-20
S00017,Weaver and Sons Store,Jaipur,East,2018-03-20
S00018,"Stewart, Peterson and Guerrero Store",Mumbai,South,2024-06-27
S00019,"Golden, Tucker and Pham Store",Bengaluru,West,2023-01-12
S00020,Gibbs-Davis Store,Hyderabad,North,2020-09-20
S00021,Contreras-Harrison Store,Ahmedabad,West,2023-12-15
S00022,"Wood, Wheeler and Steele Store",Kolkata,East,2024-08-02
S00023,"Melendez, Edwards and Johnson Store",Mumbai,West,2018-04-05
S00024,Miller Inc Store,Kolkata,West,2022-09-29
S00025,"Allen, Duncan and Thomas Store",Chennai,South,2019-09-18
S00026,"Miller, Wood and Brown Store",Delhi,West,2024-10-29
S00027,"Lewis, Wilson and Potts Store",Ahmedabad,West,2018-06-15
S00028,Rios-Taylor Store,Chennai,Central,2025-08-07
S00029,"Cross, Fowler and Jackson Store",Mumbai,East,2016-10-08
S00030,Edwards and Sons Store,Hyderabad,South,2025-06-15
S00031,Peters Ltd Store,Ahmedabad,West,2015-12-21
S00032,James-Morris Store,Delhi,South,2017-12-05
S00033,"Green, Williams and West Store",Bengaluru,North,2020-02-23
S00034,Garcia Inc Store,Chennai,West,2023-04-02
S00035,Walker Ltd Store,Jaipur,Central,2017-05-10
S00036,"White, Moreno and Rivas Store",Kolkata,North,2018-06-21
S00037,Miller-Dunn Store,Pune,Central,2021-04-29
S00038,"Todd, Holland and Lee Store",Pune,Central,2018-05-18
S00039,Robertson-Tran Store,Mumbai,East,2025-10-25
S00040,Solis-Velazquez Store,Surat,East,2020-02-17
S00041,"Navarro, Velez and Cummings Store",Bengaluru,West,2021-05-06
S00042,Perez-Medina Store,Surat,East,2025-09-07
S00043,Bullock PLC Store,Jaipur,North,2015-12-08
S00044,Garrison and Sons Store,Chennai,East,2016-09-17
S00045,Michael-Banks Store,Pune,North,2015-12-06
S00046,Ferrell-Weber Store,Pune,South,2018-01-30
S00047,Barnes LLC Store,Mumbai,Central,2025-05-04
S00048,"Carpenter, Erickson and Carter Store",Hyderabad,West,2022-01-18
S00049,"Levy, Kelly and Vazquez Store",Pune,Central,2018-12-18
S00050,"Clark, Vargas and Mcintyre Store",Delhi,East,2024-03-08
S00051,"Wells, Sandoval and Jackson Store",Bengaluru,East,2019-09-14
S00052,"Frost, Fry and Vaughan Store",Bengaluru,North,2021-09-17
S00053,Vega and Sons Store,Delhi,North,2022-04-02
S00054,James and Sons Store,Jaipur,Central,2022-09-09
S00055,Patton-Brock Store,Jaipur,South,2022-01-12
S00056,Allen and Sons Store,Chennai,Central,2023-10-23
S00057,Davis and Sons Store,Jaipur,South,2019-08-08
S00058,Patton PLC Store,Delhi,North,2025-06-11
S00059,"Shepherd, Jackson and Wilson Store",Ahmedabad,North,2023-01-10
S00060,Hughes-Pierce Store,Mumbai,South,2023-04-27
S00061,Flores-Simmons Store,Jaipur,North,2023-09-10
S00062,"Santiago, Briggs and Alexander Store",Kolkata,West,2019-07-02
S00063,"Jimenez, Morgan and Johnson Store",Pune,West,2017-04-04
S00064,Salinas Ltd Store,Bengaluru,Central,2023-07-31
S00065,Gillespie-Sullivan Store,Pune,Central,2016-10-28
S00066,"Roberts, Galloway and Huerta Store",Pune,North,2016-06-13
S00067,Roberts Group Store,Chennai,North,2024-11-15
S00068,Fisher-Swanson Store,Jaipur,South,2021-07-02
S00069,"Nelson, Wise and Benson Store",Pune,South,2018-12-19
S00070,Pratt Ltd Store,Kolkata,South,2020-10-23
S00071,"Robertson, Williams and Garcia Store",Pune,West,2025-11-03
S00072,Wong Ltd Store,Hyderabad,North,2016-08-25
S00073,"Hart, Collins and Freeman Store",Surat,East,2018-07-10
S00074,"Evans, Avery and Fields Store",Chennai,West,2021-10-13
S00075,"Odom, Martinez and Lopez Store",Bengaluru,North,2021-10-09
S00076,"Horn, Ramirez and Perez Store",Ahmedabad,North,2017-03-13
S00077,Galloway Inc Store,Surat,Central,2021-08-25
S00078,Brown and Sons Store,Surat,South,2025-09-09
S00079,"Wood, Hall and Murray Store",Delhi,East,2020-02-04
S00080,"Reed, Mckinney and Roy Store",Jaipur,South,2018-11-12
S00081,Gonzalez LLC Store,Ahmedabad,North,2024-10-23
S00082,"Bush, Hall and Gardner Store",Pune,Central,2025-05-09
S00083,"Meyer, King and Hodge Store",Pune,West,2018-03-13
S00084,"Aguirre, Herrera and Ramos Store",Pune,North,2023-08-25
S00085,Hoffman PLC Store,Mumbai,South,2025-10-23
S00086,Coleman-Holmes Store,Pune,South,2022-12-21
S00087,Edwards-Clark Store,Hyderabad,North,2025-10-22
S00088,Jones and Sons Store,Delhi,Central,2023-11-12
S00089,"Taylor, James and Richards Store",Bengaluru,South,2018-05-22
S00090,Burnett-Blackburn Store,Kolkata,North,2018-10-24
S00091,Campbell-Williams Store,Bengaluru,Central,2021-11-05
S00092,"Clark, Graham and Johnson Store",Pune,West,2016-08-22
S00093,"Clark, Young and Fernandez Store",Hyderabad,North,2023-08-08
S00094,Arnold-Foster Store,Mumbai,South,2017-07-15
S00095,Green LLC Store,Delhi,Central,2024-09-06
S00096,Bell PLC Store,Chennai,West,2024-01-04
S00097,Moreno Ltd Store,Pune,North,2019-01-17
S00098,Scott-Spencer Store,Surat,South,2018-12-13
S00099,Grant-Mendez Store,Mumbai,East,2022-10-19
S00100,Sheppard and Sons Store,Chennai,South,2018-10-25
S00101,Novak-Mccarty Store,Kolkata,South,2018-11-19
S00102,Petty LLC Store,Chennai,East,2022-08-25
S00103,Donovan-Phillips Store,Pune,Central,2021-12-23
S00104,Martin-Conrad Store,Surat,Central,2024-10-06
S00105,Haney-Price Store,Hyderabad,East,2016-08-07
S00106,Brooks PLC Store,Kolkata,North,2018-07-21
S00107,Cannon-Campos Store,Mumbai,North,2017-11-06
S00108,Smith-Carter Store,Jaipur,West,2022-12-16
S00109,Adams and Sons Store,Mumbai,North,2016-06-03
S00110,"Willis, Baker and Miller Store",Delhi,West,2021-03-15
S00111,Blevins-Baldwin Store,Mumbai,North,2021-05-05
S00112,Martin-Garza Store,Surat,Central,2025-01-17
S00113,Smith-Perez Store,Bengaluru,South,2024-10-09
S00114,Bullock-Zimmerman Store,Jaipur,North,2025-09-29
S00115,"Jones, Ortega and Garner Store",Ahmedabad,North,2016-12-11
S00116,Carter-Wilson Store,Surat,Central,2024-12-23
S00117,Buckley PLC Store,Ahmedabad,West,2023-11-27
S00118,"Scott, Powell and Mendoza Store",Bengaluru,South,2021-03-10
S00119,"Silva, Mendez and Thompson Store",Mumbai,West,2018-07-03
S00120,"Young, Conrad and Cook Store",Pune,East,2025-07-19
S00121,Bradley and Sons Store,Hyderabad,Central,2017-01-08
S00122,"Dunn, Ramos and Miller Store",Delhi,East,2021-06-09
S00123,"Hayes, Smith and Taylor Store",Surat,East,2022-04-28
S00124,"Wall, Li and Le Store",Jaipur,East,2021-03-15
S00125,Turner-Turner Store,Delhi,South,2016-07-22
S00126,Schultz-Aguilar Store,Pune,South,2017-01-10
S00127,Weber LLC Store,Mumbai,East,2020-12-06
S00128,"Stokes, Mckenzie and Huff Store",Jaipur,West,2017-07-21
S00129,Harvey-Marshall Store,Ahmedabad,North,2018-03-07
S00130,"Perez, White and Thornton Store",Pune,West,2015-12-16
S00131,"Perry, Schmidt and Fletcher Store",Chennai,South,2024-04-13
S00132,"Chavez, Mclean and Miller Store",Pune,West,2017-12-16
S00133,"Martinez, Maldonado and Boyer Store",Chennai,North,2021-11-08
S00134,Jones Inc Store,Jaipur,South,2017-06-20
S00135,"Weaver, Summers and Allen Store",Hyderabad,East,2021-09-11
S00136,"Charles, Miller and Baker Store",Delhi,North,2023-04-03
S00137,Burns PLC Store,Jaipur,Central,2023-12-03
S00138,"Navarro, Hays and Jackson Store",Mumbai,West,2017-10-06
S00139,"West, Burke and Mckinney Store",Kolkata,South,2025-08-30
S00140,Wilcox Inc Store,Hyderabad,West,2021-09-24
S00141,Pineda and Sons Store,Hyderabad,East,2025-04-08
S00142,Robbins LLC Store,Hyderabad,West,2017-07-05
S00143,"Villanueva, Rivera and Dickerson Store",Chennai,North,2018-04-18
S00144,Hale-Robinson Store,Kolkata,South,2023-08-31
S00145,Ramos LLC Store,Delhi,West,2019-01-02
S00146,Miller-Jones Store,Ahmedabad,South,2017-12-24
S00147,"Miller, Holmes and Jensen Store",Jaipur,West,2016-05-27
S00148,Romero PLC Store,Hyderabad,North,2020-06-13
S00149,Moore-Snyder Store,Mumbai,South,2024-07-15
S00150,"Brock, Gill and Benjamin Store",Hyderabad,West,2024-10-21
S00151,"Benjamin, Hernandez and Soto Store",Delhi,North,2019-03-06
S00152,Gonzalez Ltd Store,Jaipur,West,2020-09-11
S00153,Hill Ltd Store,Hyderabad,West,2017-12-06
S00154,Nixon Ltd Store,Ahmedabad,South,2024-07-02
S00155,Young LLC Store,Pune,East,2023-10-13
S00156,"Fisher, Crawford and Wilson Store",Ahmedabad,North,2018-08-29
S00157,Craig PLC Store,Surat,East,2019-03-15
S00158,Stanley Group Store,Chennai,East,2023-01-26
S00159,Smith PLC Store,Bengaluru,South,2017-04-23
S00160,Johnson and Sons Store,Hyderabad,North,2016-06-26
S00161,"Smith, Thomas and Carrillo Store",Delhi,North,2020-08-23
S00162,Carlson-Crosby Store,Hyderabad,North,2021-01-22
S00163,"Andrews, Landry and Farmer Store",Jaipur,North,2016-11-15
S00164,Olson-Hudson Store,Ahmedabad,East,2022-07-30
S00165,Gomez PLC Store,Kolkata,East,2019-08-31
S00166,Mitchell LLC Store,Ahmedabad,West,2022-09-14
S00167,Chen LLC Store,Hyderabad,West,2019-08-20
S00168,Brown-Hines Store,Chennai,Central,2023-09-29
S00169,"Chen, Parker and Torres Store",Mumbai,East,2024-01-24
S00170,Allen and Sons Store,Ahmedabad,South,2018-09-18
S00171,Wright LLC Store,Surat,West,2016-03-09
S00172,Castillo LLC Store,Jaipur,North,2020-02-21
S00173,Thomas-Simmons Store,Surat,West,2024-05-08
S00174,Petty-Briggs Store,Bengaluru,Central,2020-10-17
S00175,Gray-Decker Store,Surat,North,2018-10-01
S00176,Sanders-Patterson Store,Bengaluru,South,2017-09-05
S00177,"Brewer, Davis and Johns Store",Hyderabad,East,2017-12-14
S00178,Smith Group Store,Ahmedabad,North,2019-12-16
S00179,Oconnor Group Store,Surat,North,2019-02-16
S00180,Li-Jones Store,Hyderabad,South,2025-05-19
S00181,Maxwell-Baker Store,Surat,North,2020-02-27
S00182,"Moore, Burke and Fisher Store",Delhi,North,2023-01-29
S00183,Miller-Taylor Store,Jaipur,West,2020-06-13
S00184,Jackson Inc Store,Kolkata,South,2022-12-28
S00185,Perkins-Moore Store,Surat,East,2023-04-11
S00186,Rice PLC Store,Surat,North,2018-08-09
S00187,Boyd-Davis Store,Ahmedabad,South,2016-07-24
S00188,Gordon Group Store,Delhi,North,2016-12-01
S00189,Guerrero Group Store,Chennai,South,2016-07-31
S00190,King-Ingram Store,Chennai,West,2019-09-08
S00191,"Tate, Hunt and Mccoy Store",Chennai,East,2024-12-24
S00192,Nelson PLC Store,Chennai,East,2023-03-31
S00193,Jennings and Sons Store,Chennai,West,2020-10-07
S00194,Johnson Ltd Store,Surat,East,2019-12-01
S00195,Hernandez-Pena Store,Bengaluru,South,2020-10-04
S00196,Santos Group Store,Hyderabad,North,2017-01-26
S00197,Jones LLC Store,Ahmedabad,East,2020-07-23
S00198,Griffin Group Store,Kolkata,North,2018-05-01
S00199,"Davis, Proctor and Randall Store",Kolkata,Central,2023-10-06
S00200,Watson-Perez Store,Jaipur,North,2023-10-23
S00201,Stevens-Huerta Store,Pune,Central,2019-05-13
S00202,Marsh-Wheeler Store,Hyderabad,South,2016-08-31
S00203,Edwards-Cohen Store,Delhi,Central,2016-08-10
S00204,Huber-Mccormick Store,Bengaluru,Central,2016-03-13
S00205,"Olsen, Rodriguez and Jensen Store",Chennai,West,2023-12-01
S00206,Cowan-Hicks Store,Surat,South,2020-06-04
S00207,Lane-Reeves Store,Chennai,West,2017-08-09
S00208,Harris Group Store,Pune,West,2020-11-15
S00209,Thompson LLC Store,Jaipur,Central,2018-04-03
S00210,"Moore, Ramirez and Hart Store",Delhi,North,2016-02-13
S00211,Harris and Sons Store,Kolkata,West,2023-07-02
S00212,Costa Inc Store,Kolkata,West,2016-10-06
S00213,"Mcclure, Davis and Hartman Store",Surat,West,2024-11-30
S00214,Gordon Inc Store,Surat,Central,2019-04-26
S00215,Lucas PLC Store,Chennai,East,2017-02-26
S00216,Wade-Anderson Store,Ahmedabad,West,2019-06-19
S00217,Lopez-Miller Store,Hyderabad,East,2017-01-19
S00218,Davis Ltd Store,Ahmedabad,East,2022-12-23
S00219,Wagner PLC Store,Delhi,West,2022-08-26
S00220,Proctor-Baker Store,Hyderabad,Central,2023-03-25
S00221,Peters-Humphrey Store,Surat,West,2023-12-28
S00222,"Kelley, Brooks and Williams Store",Mumbai,North,2018-05-18
S00223,"Stokes, Heath and Best Store",Chennai,Central,2018-06-13
S00224,Jones-Lawson Store,Ahmedabad,East,2016-06-13
S00225,Gordon and Sons Store,Kolkata,South,2022-03-08
S00226,Durham Group Store,Chennai,West,2023-05-24
S00227,Lewis LLC Store,Chennai,South,2024-01-24
S00228,Krueger Ltd Store,Ahmedabad,Central,2016-03-20
S00229,Santana LLC Store,Ahmedabad,North,2023-04-19
S00230,York Group Store,Ahmedabad,North,2022-11-14
S00231,Willis-Weber Store,Chennai,South,2019-10-21
S00232,Vargas-Hull Store,Delhi,West,2019-05-27
S00233,Gilmore Ltd Store,Chennai,East,2021-02-08
S00234,Cox and Sons Store,Pune,East,2022-07-23
S00235,"Chavez, Lawrence and Fisher Store",Ahmedabad,Central,2018-03-13
S00236,Joseph PLC Store,Surat,Central,2018-02-10
S00237,Peterson Inc Store,Hyderabad,Central,2017-07-05
S00238,"Shaw, Carpenter and Kennedy Store",Jaipur,Central,2023-12-10
S00239,Long-Sweeney Store,Kolkata,West,2024-06-14
S00240,"Wang, Willis and Neal Store",Jaipur,Central,2022-02-22
S00241,King-Hamilton Store,Kolkata,West,2022-10-25
S00242,Wilson Group Store,Pune,West,2017-11-11
S00243,"Gutierrez, Howard and Thompson Store",Bengaluru,Central,2019-09-30
S00244,Davis-Harvey Store,Chennai,East,2018-02-11
S00245,Sanchez LLC Store,Bengaluru,Central,2018-01-08
S00246,Wood Inc Store,Surat,North,2022-04-13
S00247,Price Inc Store,Hyderabad,Central,2024-04-12
S00248,"Sparks, Evans and Quinn Store",Bengaluru,North,2018-02-21
S00249,"Walters, Barnes and Hammond Store",Mumbai,North,2023-04-11
S00250,Evans-Roach Store,Mumbai,South,2021-06-02
S00251,Gray-Burnett Store,Surat,North,2020-03-22
S00252,Gibson-Farrell Store,Bengaluru,East,2016-08-11
S00253,Carpenter Ltd Store,Jaipur,North,2018-03-16
S00254,Coleman Group Store,Ahmedabad,West,2024-12-20
S00255,Pineda-Murphy Store,Chennai,North,2020-05-20
S00256,Yates-Moore Store,Pune,East,2024-02-09
S00257,Parker-Cook Store,Jaipur,West,2019-04-15
S00258,Phillips LLC Store,Pune,Central,2024-01-04
S00259,"Walsh, Gibson and Castro Store",Bengaluru,Central,2016-04-05
S00260,"Lynch, Gray and Mason Store",Jaipur,Central,2019-07-19
S00261,"Mitchell, Walker and Barrera Store",Ahmedabad,South,2016-10-20
S00262,Jones-Lee Store,Bengaluru,North,2021-03-05
S00263,"Mendoza, Russell and White Store",Surat,North,2017-01-18
S00264,"Patterson, Fleming and Thomas Store",Ahmedabad,Central,2017-09-12
S00265,Ramos PLC Store,Ahmedabad,East,2023-01-26
S00266,Larson and Sons Store,Kolkata,South,2018-07-07
S00267,Clark Ltd Store,Hyderabad,North,2018-07-24
S00268,"Howard, Potts and Nguyen Store",Kolkata,South,2021-06-24
S00269,Gomez PLC Store,Delhi,North,2021-04-26
S00270,Clark Ltd Store,Chennai,East,2019-09-22
S00271,"Flowers, Lee and Johnson Store",Chennai,North,2022-01-03
S00272,"Ortiz, Daniel and Baker Store",Mumbai,North,2022-03-14
S00273,Parsons-Meyers Store,Hyderabad,North,2020-05-07
S00274,Leon PLC Store,Bengaluru,North,2016-09-04
S00275,"Long, Mitchell and Hopkins Store",Chennai,North,2023-03-11
S00276,"Ochoa, Knight and Woods Store",Pune,North,2023-04-02
S00277,Gomez LLC Store,Mumbai,West,2019-11-13
S00278,Jackson-Graves Store,Pune,West,2021-05-01
S00279,Evans and Sons Store,Kolkata,East,2024-10-24
S00280,"Perry, Spencer and Fuller Store",Jaipur,South,2021-07-04
S00281,Torres-Larson Store,Mumbai,West,2020-10-25
S00282,Hayes Inc Store,Kolkata,North,2017-06-06
S00283,"Hamilton, West and Miles Store",Ahmedabad,North,2016-09-01
S00284,Johnson Group Store,Ahmedabad,North,2025-08-10
S00285,"Hickman, Gonzales and Ward Store",Chennai,North,2025-06-25
S00286,"Bridges, Moore and Miller Store",Delhi,East,2020-06-05
S00287,"Gay, Rivera and Bailey Store",Kolkata,East,2016-08-18
S00288,Huff Ltd Store,Delhi,North,2018-12-25
S00289,Mejia-Reed Store,Bengaluru,North,2018-08-27
S00290,Martin-Owens Store,Bengaluru,South,2022-07-16
S00291,Richardson LLC Store,Mumbai,Central,2019-05-11
S00292,Jacobson and Sons Store,Hyderabad,West,2023-02-10
S00293,Jordan-Richards Store,Mumbai,North,2019-07-07
S00294,Watson-Gonzalez Store,Ahmedabad,South,2019-10-24
S00295,Gallagher Group Store,Delhi,Central,2015-12-23
S00296,Stewart Group Store,Surat,West,2018-01-08
S00297,Stanley PLC Store,Mumbai,North,2018-08-26
S00298,"Larson, Brown and Olson Store",Delhi,South,2021-08-17
S00299,Ray PLC Store,Hyderabad,East,2020-09-01
S00300,"Hawkins, Weeks and Stevens Store",Hyderabad,North,2016-03-05
S00301,"Solis, Allen and Williams Store",Kolkata,Central,2019-06-02
S00302,Baldwin PLC Store,Delhi,South,2025-01-12
S00303,"Jackson, Goodwin and Schneider Store",Jaipur,South,2017-07-12
S00304,Cochran-Drake Store,Surat,South,2021-09-25
S00305,Washington-Pena Store,Ahmedabad,Central,2017-01-18
S00306,"Glass, Reed and Reese Store",Mumbai,North,2022-11-25
S00307,King-Walsh Store,Jaipur,South,2015-12-22
S00308,Jordan Group Store,Pune,West,2021-06-20
S00309,Tran LLC Store,Chennai,West,2016-05-12
S00310,Preston Group Store,Chennai,South,2017-06-03
S00311,"Jenkins, Martin and Allen Store",Bengaluru,West,2016-08-01
S00312,Baker-Baxter Store,Ahmedabad,South,2022-03-26
S00313,"Welch, Weber and Hernandez Store",Jaipur,East,2015-11-30
S00314,Alvarez and Sons Store,Surat,West,2019-05-14
S00315,"Yates, Roach and Gomez Store",Bengaluru,North,2022-05-27
S00316,Ramirez and Sons Store,Surat,South,2020-08-20
S00317,"Barker, Small and Reid Store",Kolkata,Central,2024-06-08
S00318,"Fischer, Erickson and Phelps Store",Mumbai,West,2021-08-17
S00319,Davis-Wright Store,Kolkata,East,2019-07-12
S00320,"Meyer, Miller and Buchanan Store",Kolkata,South,2022-07-02
S00321,"Sanchez, Sanford and Clark Store",Delhi,North,2023-08-14
S00322,Nolan-Hill Store,Bengaluru,East,2022-10-24
S00323,"Phillips, Wells and Jackson Store",Mumbai,West,2024-12-08
S00324,Chavez Group Store,Jaipur,East,2022-10-24
S00325,"Holland, Williams and Waters Store",Pune,North,2021-03-17
S00326,Pham PLC Store,Kolkata,North,2020-08-17
S00327,"Gordon, Braun and Cole Store",Surat,West,2020-02-05
S00328,Moreno Group Store,Pune,South,2025-07-06
S00329,Clarke-Farley Store,Jaipur,West,2022-03-21
S00330,Wells PLC Store,Surat,West,2022-07-14
S00331,Jackson-Norman Store,Pune,Central,2021-04-23
S00332,"Fleming, Taylor and Riley Store",Chennai,North,2024-09-10
S00333,"French, Johnson and Allen Store",Mumbai,West,2024-06-29
S00334,"Logan, Evans and Choi Store",Chennai,South,2020-09-10
S00335,Graves LLC Store,Ahmedabad,East,2023-08-27
S00336,Duncan-Stephens Store,Jaipur,West,2017-12-18
S00337,Dominguez-Gonzalez Store,Bengaluru,Central,2021-03-27
S00338,Farrell-Harrison Store,Bengaluru,Central,2024-01-09
S00339,Miller Group Store,Hyderabad,South,2024-03-25
S00340,Howard PLC Store,Jaipur,South,2019-09-26
S00341,"Cardenas, Austin and Allen Store",Jaipur,North,2017-06-07
S00342,"Ruiz, Barry and Garcia Store",Kolkata,Central,2019-05-08
S00343,Jones PLC Store,Mumbai,East,2019-10-07
S00344,Hodge-Walton Store,Delhi,East,2021-05-03
S00345,Cochran LLC Store,Delhi,West,2016-01-09
S00346,"Hudson, Jacobson and Sanchez Store",Surat,Central,2025-05-24
S00347,Mullins-Scott Store,Jaipur,North,2024-05-21
S00348,Williams PLC Store,Jaipur,North,2023-02-04
S00349,"Wells, Ortega and Pope Store",Ahmedabad,North,2022-05-29
S00350,Williams-Reed Store,Ahmedabad,South,2021-03-18
S00351,"Smith, Moran and Patel Store",Jaipur,West,2019-10-08
S00352,Reyes-Hawkins Store,Bengaluru,North,2025-07-21
S00353,Mills-Hicks Store,Kolkata,West,2020-06-05
S00354,"Anderson, Patton and Andrade Store",Jaipur,Central,2023-04-17
S00355,"Glover, Miller and Williams Store",Ahmedabad,East,2025-02-23
S00356,"Edwards, Carter and Welch Store",Surat,East,2023-06-18
S00357,Sweeney-Ellis Store,Jaipur,South,2018-12-06
S00358,"Lozano, Bailey and Ramirez Store",Mumbai,West,2024-10-28
S00359,"Schultz, Pena and White Store",Ahmedabad,North,2023-09-01
S00360,Miller-Cox Store,Delhi,North,2018-06-14
S00361,"Williams, Fisher and Ho Store",Surat,East,2018-10-06
S00362,Fernandez-Evans Store,Ahmedabad,East,2019-08-04
S00363,Petersen-Moore Store,Bengaluru,East,2018-11-24
S00364,"Campbell, Bates and Gutierrez Store",Kolkata,North,2021-01-11
S00365,Rogers-Bowers Store,Pune,South,2025-08-13
S00366,"Reyes, Pollard and Green Store",Bengaluru,West,2018-08-08
S00367,Lee-Fields Store,Mumbai,East,2017-02-26
S00368,Carpenter-Coleman Store,Kolkata,South,2020-12-13
S00369,"Padilla, Wilson and Santana Store",Surat,East,2020-04-11
S00370,Cruz-Horton Store,Pune,East,2017-07-23
S00371,Kirk Ltd Store,Surat,East,2019-05-29
S00372,Bowers Inc Store,Pune,Central,2024-06-07
S00373,Walker-Bates Store,Mumbai,Central,2020-04-19
S00374,"Hernandez, Robles and Parsons Store",Pune,North,2020-05-11
S00375,King-Barker Store,Ahmedabad,East,2019-07-20
S00376,Mckenzie-Pacheco Store,Chennai,East,2018-08-28
S00377,Stephenson and Sons Store,Jaipur,Central,2025-10-29
S00378,Daniels-Mitchell Store,Chennai,Central,2018-01-12
S00379,"Stevenson, Reynolds and Long Store",Surat,Central,2017-12-21
S00380,Cox and Sons Store,Kolkata,West,2016-10-06
S00381,Jensen PLC Store,Pune,South,2023-07-27
S00382,Campbell Ltd Store,Bengaluru,West,2021-11-21
S00383,"Miller, Wright and Moore Store",Surat,South,2023-05-31
S00384,Martin Inc Store,Pune,South,2017-08-29
S00385,Taylor Group Store,Ahmedabad,West,2017-06-04
S00386,Rogers Group Store,Hyderabad,West,2023-04-07
S00387,Gonzalez and Sons Store,Ahmedabad,North,2020-12-10
S00388,Figueroa Inc Store,Hyderabad,South,2020-05-17
S00389,Williams Ltd Store,Kolkata,West,2023-09-19
S00390,Douglas Group Store,Surat,South,2021-04-02
S00391,Ball-Lee Store,Chennai,North,2019-02-01
S00392,Dudley PLC Store,Jaipur,North,2021-02-14
S00393,Ortega PLC Store,Chennai,Central,2017-06-12
S00394,Zimmerman-Johnson Store,Chennai,West,2016-05-14
S00395,"Scott, Day and Hughes Store",Pune,Central,2024-05-20
S00396,Wilson Ltd Store,Chennai,South,2022-12-21
S00397,Ashley LLC Store,Delhi,East,2021-09-29
S00398,Bailey-Campbell Store,Ahmedabad,North,2023-06-27
S00399,"Black, Moss and Figueroa Store",Mumbai,South,2017-05-12
S00400,Hines Ltd Store,Bengaluru,East,2024-04-02
S00401,"Hall, Rodriguez and King Store",Ahmedabad,North,2016-08-03
S00402,Singh-Rogers Store,Chennai,West,2023-11-04
S00403,"York, Allen and Fleming Store",Kolkata,Central,2020-11-21
S00404,Dean PLC Store,Surat,East,2023-06-11
S00405,"Lee, Flores and Garcia Store",Ahmedabad,Central,2023-04-15
S00406,Miles-Faulkner Store,Mumbai,West,2025-04-23
S00407,Conner-Wong Store,Hyderabad,North,2020-06-27
S00408,"Ramos, Wilson and Aguirre Store",Jaipur,West,2025-05-06
S00409,Lucero-Pena Store,Ahmedabad,South,2025-06-20
S00410,Strickland Group Store,Hyderabad,South,2023-06-07
S00411,Carney-Jones Store,Surat,West,2020-08-07
S00412,Lawrence Inc Store,Kolkata,South,2023-07-25
S00413,Bean and Sons Store,Delhi,North,2025-03-11
S00414,Huff-Mccall Store,Hyderabad,East,2023-06-30
S00415,Chandler-Davis Store,Surat,North,2025-07-16
S00416,Lee-Kelly Store,Surat,South,2022-07-01
S00417,"Smith, Becker and Herrera Store",Hyderabad,South,2016-01-13
S00418,"Clay, Garcia and Bowers Store",Bengaluru,South,2019-08-08
S00419,Hernandez-Gonzalez Store,Ahmedabad,West,2020-02-04
S00420,Thomas Ltd Store,Ahmedabad,Central,2016-01-18
S00421,Malone and Sons Store,Chennai,Central,2024-07-20
S00422,Garcia PLC Store,Ahmedabad,Central,2017-11-04
S00423,Wiggins Group Store,Ahmedabad,North,2022-12-04
S00424,"Hodge, Juarez and Maddox Store",Bengaluru,South,2025-10-26
S00425,"Robinson, Mclaughlin and Bush Store",Pune,South,2017-12-17
S00426,Hodge-Johnson Store,Delhi,West,2017-03-19
S00427,Marquez and Sons Store,Bengaluru,Central,2024-05-10
S00428,James-Golden Store,Kolkata,North,2018-09-24
S00429,Holmes Inc Store,Mumbai,West,2021-03-17
S00430,"Erickson, Maldonado and Tucker Store",Kolkata,East,2024-02-28
S00431,Edwards Ltd Store,Jaipur,Central,2023-05-30
S00432,"Wilson, Powers and Adams Store",Mumbai,Central,2020-08-04
S00433,Miller-Barker Store,Jaipur,East,2023-06-25
S00434,"Schroeder, Dixon and Wallace Store",Pune,Central,2017-03-28
S00435,Moore-Gomez Store,Surat,West,2020-11-21
S00436,"Blake, Shelton and Burnett Store",Chennai,East,2018-05-13
S00437,"Nichols, Chapman and Ingram Store",Mumbai,East,2016-03-15
S00438,Hughes-Rodriguez Store,Delhi,West,2023-07-03
S00439,"Cook, Scott and Payne Store",Pune,North,2022-01-14
S00440,Garcia Ltd Store,Hyderabad,East,2024-02-21
S00441,"Smith, Smith and Jones Store",Mumbai,West,2025-08-05
S00442,Ortiz-Calhoun Store,Chennai,East,2019-07-21
S00443,Rush Inc Store,Pune,Central,2019-12-30
S00444,"Evans, Gonzalez and Mosley Store",Mumbai,West,2019-10-08
S00445,Hubbard Inc Store,Kolkata,North,2019-07-18
S00446,"Pittman, Perry and Jones Store",Chennai,West,2019-03-20
S00447,"Hayes, Dickson and Fuller Store",Bengaluru,South,2023-01-24
S00448,Harris PLC Store,Mumbai,North,2024-04-10
S00449,Arnold Group Store,Ahmedabad,North,2016-10-15
S00450,Gonzalez and Sons Store,Jaipur,Central,2016-10-12
S00451,"Williams, Johnson and Tucker Store",Bengaluru,East,2017-07-14
S00452,Tran and Sons Store,Delhi,Central,2020-02-08
S00453,Hull Inc Store,Bengaluru,West,2025-01-20
S00454,Mitchell-Hansen Store,Chennai,North,2022-08-05
S00455,Cruz-Young Store,Surat,South,2017-11-28
S00456,Hoover-Santos Store,Hyderabad,West,2023-02-27
S00457,Bennett-Foster Store,Kolkata,West,2016-07-17
S00458,Green Inc Store,Jaipur,Central,2023-01-24
S00459,Lopez-Osborne Store,Pune,North,2025-03-14
S00460,Conley-Smith Store,Mumbai,South,2022-02-07
S00461,Herring-Harrison Store,Mumbai,South,2018-07-24
S00462,"Burns, Holloway and Moreno Store",Delhi,West,2024-09-19
S00463,Diaz LLC Store,Chennai,West,2020-05-07
S00464,Adkins Ltd Store,Surat,West,2025-09-30
S00465,Smith Inc Store,Jaipur,West,2021-10-30
S00466,Rodriguez-Wilson Store,Delhi,East,2022-02-07
S00467,Nelson-Smith Store,Hyderabad,North,2024-11-30
S00468,Martinez Ltd Store,Hyderabad,South,2021-08-14
S00469,Garrett-Boyle Store,Delhi,East,2020-09-17
S00470,Johnston-Watson Store,Surat,Central,2022-02-09
S00471,Bryant LLC Store,Mumbai,North,2023-10-14
S00472,"Hernandez, Raymond and Woods Store",Hyderabad,East,2018-03-25
S00473,Hill-Moore Store,Hyderabad,Central,2020-04-03
S00474,"Weiss, Owens and Holmes Store",Delhi,South,2018-11-28
S00475,"Mitchell, Campos and Rodgers Store",Ahmedabad,West,2024-04-30
S00476,Brown PLC Store,Pune,North,2021-03-11
S00477,Kane-Sanders Store,Surat,South,2020-04-07
S00478,Perry LLC Store,Kolkata,South,2015-12-06
S00479,Jones Group Store,Kolkata,North,2025-07-08
S00480,Ayala LLC Store,Hyderabad,West,2016-08-22
S00481,Rodriguez-Fox Store,Kolkata,North,2017-11-20
S00482,Vazquez-Morrison Store,Kolkata,West,2024-05-09
S00483,Gutierrez LLC Store,Pune,North,2025-10-06
S00484,Sherman Ltd Store,Jaipur,South,2016-04-17
S00485,"Brown, Stone and Higgins Store",Delhi,West,2020-01-30
S00486,Santiago-Robles Store,Mumbai,West,2015-12-02
S00487,"Butler, Peters and Gardner Store",Jaipur,Central,2022-02-09
S00488,Wilson Ltd Store,Mumbai,Central,2015-12-28
S00489,"Haas, Kim and Hill Store",Surat,North,2018-03-09
S00490,"Morrison, Wells and Arias Store",Bengaluru,East,2024-12-02
S00491,"Allen, Hoffman and Rivera Store",Pune,East,2018-06-20
S00492,Ramirez-Harrington Store,Delhi,East,2023-11-28
S00493,Esparza and Sons Store,Mumbai,East,2017-09-21
S00494,Cabrera Group Store,Mumbai,North,2017-01-19
S00495,Zavala-Chen Store,Bengaluru,South,2017-09-03
S00496,"Harvey, Roberson and Moore Store",Jaipur,Central,2025-07-13
S00497,"Rodgers, Rose and Underwood Store",Kolkata,Central,2022-05-27
S00498,Hansen-Fisher Store,Kolkata,South,2016-05-28
S00499,Hudson PLC Store,Jaipur,East,2017-02-11
S00500,"Kemp, King and King Store",Chennai,Central,2017-01-18
S00501,"Bennett, Cook and Parks Store",Ahmedabad,South,2024-12-19
S00502,Ferguson-Owens Store,Pune,West,2020-09-08
S00503,Collins LLC Store,Mumbai,West,2017-02-08
S00504,Russo and Sons Store,Ahmedabad,North,2016-05-07
S00505,"Riddle, Evans and Garcia Store",Ahmedabad,Central,2016-03-26
S00506,Meyer Ltd Store,Bengaluru,West,2017-04-01
S00507,Rodriguez and Sons Store,Delhi,North,2020-02-28
S00508,Benitez-Reid Store,Jaipur,West,2024-01-06
S00509,Ho-Perez Store,Surat,South,2018-12-08
S00510,Ayala-Johnson Store,Bengaluru,West,2025-06-27
S00511,Ferguson Group Store,Pune,North,2016-08-04
S00512,Sandoval Group Store,Mumbai,Central,2019-12-26
S00513,Stewart-Carrillo Store,Bengaluru,South,2025-04-25
S00514,Anderson-Delacruz Store,Hyderabad,West,2020-07-17
S00515,"Carpenter, Rollins and Rowe Store",Chennai,Central,2017-09-17
S00516,Blair Group Store,Delhi,South,2022-08-04
S00517,"Golden, Reeves and Perez Store",Mumbai,South,2023-04-02
S00518,Rose Group Store,Kolkata,East,2016-03-17
S00519,Thompson Group Store,Jaipur,West,2015-11-27
S00520,Adams Group Store,Mumbai,North,2025-08-23
S00521,Wells-Hester Store,Jaipur,North,2019-11-11
S00522,"Lutz, Williamson and Vasquez Store",Surat,Central,2023-08-23
S00523,"Floyd, Miller and Smith Store",Delhi,East,2018-11-02
S00524,Moreno-Mendoza Store,Jaipur,South,2024-09-03
S00525,Clark-Robinson Store,Surat,West,2022-12-25
S00526,Morris-Nelson Store,Kolkata,East,2021-01-10
S00527,"Hays, Brown and Fox Store",Chennai,North,2023-03-13
S00528,Sherman and Sons Store,Hyderabad,South,2021-05-29
S00529,"Parker, Winters and Martinez Store",Pune,West,2024-03-04
S00530,"Chen, King and Davis Store",Hyderabad,South,2024-03-01
S00531,Smith-Travis Store,Mumbai,North,2024-01-30
S00532,Smith Inc Store,Ahmedabad,West,2020-09-26
S00533,Burns PLC Store,Delhi,East,2022-07-30
S00534,"Johnson, Butler and Franklin Store",Pune,North,2022-10-09
S00535,"Schneider, Oliver and Anderson Store",Mumbai,Central,2016-07-22
S00536,"Curry, Harper and Davis Store",Delhi,Central,2025-05-17
S00537,Craig-Morgan Store,Surat,Central,2021-10-19
S00538,Kidd and Sons Store,Delhi,North,2021-07-12
S00539,Tucker-Robinson Store,Pune,South,2025-04-11
S00540,Anderson and Sons Store,Bengaluru,South,2021-01-13
S00541,"Bell, Marquez and Cooper Store",Pune,North,2021-04-15
S00542,"Villegas, Harrison and Cameron Store",Jaipur,North,2020-08-13
S00543,Russell-Johnson Store,Mumbai,South,2018-12-13
S00544,Woodward Ltd Store,Pune,South,2023-11-14
S00545,Grimes-Olsen Store,Delhi,North,2019-08-04
S00546,"Cunningham, Marsh and Rice Store",Delhi,West,2019-05-19
S00547,Montgomery Inc Store,Mumbai,North,2017-12-02
S00548,"Turner, Collins and Jackson Store",Jaipur,West,2022-06-06
S00549,"Khan, Fitzgerald and Beck Store",Ahmedabad,Central,2021-11-27
S00550,Cooper and Sons Store,Pune,Central,2021-07-20
S00551,Ellis-Martin Store,Mumbai,Central,2017-05-19
S00552,Lopez-Bean Store,Bengaluru,East,2021-02-14
S00553,Hammond-Mullen Store,Kolkata,Central,2025-06-20
S00554,Ortiz and Sons Store,Delhi,East,2022-03-26
S00555,Adkins-Holmes Store,Delhi,South,2025-11-10
S00556,"Shea, Morales and Smith Store",Surat,Central,2025-03-31
S00557,Beck PLC Store,Pune,East,2019-09-06
S00558,Hancock-Neal Store,Surat,East,2019-01-27
S00559,"Wang, Oneal and Cooper Store",Delhi,West,2020-09-17
S00560,Klein-Mckinney Store,Mumbai,North,2020-04-22
S00561,"Carter, Mcguire and Lawson Store",Surat,South,2025-08-17
S00562,"Rojas, Yang and Ellis Store",Ahmedabad,North,2019-07-20
S00563,Burns and Sons Store,Hyderabad,South,2024-07-07
S00564,Hayes LLC Store,Jaipur,West,2016-11-16
S00565,Charles and Sons Store,Pune,North,2021-04-26
S00566,Blair-Norton Store,Chennai,South,2019-05-26
S00567,"Berg, Jackson and Gregory Store",Chennai,West,2020-02-15
S00568,Cohen Group Store,Surat,East,2021-05-11
S00569,Glenn Ltd Store,Ahmedabad,North,2025-11-08
S00570,Owen and Sons Store,Kolkata,West,2025-06-08
S00571,Perez-Perry Store,Pune,South,2023-09-19
S00572,Castro Group Store,Mumbai,North,2016-10-11
S00573,Palmer LLC Store,Mumbai,Central,2025-05-28
S00574,"Henderson, White and Haney Store",Mumbai,East,2022-07-21
S00575,Henderson PLC Store,Chennai,North,2021-07-14
S00576,Campbell-Jones Store,Ahmedabad,East,2017-11-14
S00577,Maynard-Medina Store,Surat,East,2023-04-29
S00578,"Kemp, Keller and Gonzalez Store",Jaipur,East,2017-05-19
S00579,Chase and Sons Store,Surat,Central,2020-07-16
S00580,Sanders-Cole Store,Chennai,West,2021-11-20
S00581,Blair Ltd Store,Surat,North,2022-11-05
S00582,"Mcclure, Gonzalez and Fuller Store",Ahmedabad,North,2025-08-09
S00583,Olson Group Store,Chennai,North,2016-11-26
S00584,Mclaughlin-Landry Store,Jaipur,North,2015-12-16
S00585,Rios Inc Store,Surat,East,2019-04-19
S00586,Delgado Ltd Store,Hyderabad,East,2025-08-24
S00587,Nguyen-Mcdonald Store,Hyderabad,South,2021-03-13
S00588,"Bird, Campos and Chavez Store",Hyderabad,West,2023-10-22
S00589,Giles Inc Store,Surat,South,2020-11-08
S00590,"Davis, Roberson and Barnes Store",Surat,North,2021-07-23
S00591,Crosby-Randall Store,Delhi,North,2025-03-09
S00592,Simon Ltd Store,Hyderabad,North,2017-12-10
S00593,Scott-Williams Store,Delhi,East,2025-06-13
S00594,Cohen Inc Store,Kolkata,West,2019-08-30
S00595,White-Russell Store,Surat,West,2018-01-14
S00596,Taylor-Miller Store,Chennai,East,2017-11-09
S00597,Bullock-Williams Store,Pune,North,2017-01-14
S00598,Rogers-Moyer Store,Ahmedabad,East,2020-08-26
S00599,Smith and Sons Store,Jaipur,West,2021-10-07
S00600,Ramsey and Sons Store,Pune,North,2018-05-05
S00601,Ortiz LLC Store,Pune,South,2020-03-07
S00602,Clayton Ltd Store,Hyderabad,East,2020-04-19
S00603,Wolfe-Valencia Store,Kolkata,East,2022-10-06
S00604,"Bishop, Rivera and King Store",Mumbai,Central,2018-03-07
S00605,Huber PLC Store,Surat,North,2017-11-06
S00606,Mcclain Inc Store,Hyderabad,South,2023-05-24
S00607,Melendez-Le Store,Surat,North,2023-06-22
S00608,"Garcia, Davis and Heath Store",Hyderabad,North,2025-06-03
S00609,"Mccarty, Crane and Garcia Store",Ahmedabad,North,2018-06-20
S00610,Moore-Cruz Store,Delhi,Central,2016-07-17
S00611,Miller-Payne Store,Surat,Central,2020-01-31
S00612,Marks-Taylor Store,Ahmedabad,Central,2021-02-08
S00613,Edwards Inc Store,Ahmedabad,East,2016-08-11
S00614,"Brooks, Taylor and Hartman Store",Hyderabad,South,2023-02-25
S00615,Ball-Boyer Store,Hyderabad,South,2024-02-13
S00616,"Cook, Lewis and Perez Store",Ahmedabad,North,2020-06-04
S00617,White LLC Store,Delhi,North,2024-11-07
S00618,Wolfe PLC Store,Ahmedabad,Central,2025-02-12
S00619,"Newman, Padilla and Pacheco Store",Pune,East,2016-06-01
S00620,Mcgrath Group Store,Hyderabad,Central,2018-04-13
S00621,Graham-Davis Store,Chennai,South,2021-01-04
S00622,Pratt PLC Store,Ahmedabad,South,2018-01-08
S00623,Chavez PLC Store,Delhi,Central,2016-07-06
S00624,"Weeks, Villarreal and Robertson Store",Ahmedabad,West,2023-03-25
S00625,Franklin Ltd Store,Bengaluru,South,2018-09-30
S00626,Stone-Garcia Store,Delhi,North,2016-02-20
S00627,"Nelson, Sanders and Patrick Store",Surat,West,2017-01-05
S00628,Reynolds Inc Store,Surat,West,2025-10-25
S00629,Adkins-Shepherd Store,Kolkata,South,2025-06-03
S00630,Anderson PLC Store,Surat,West,2024-08-12
S00631,"Cole, Watson and Middleton Store",Mumbai,Central,2023-06-29
S00632,Garcia PLC Store,Hyderabad,Central,2021-07-18
S00633,Carr Inc Store,Bengaluru,West,2020-03-19
S00634,Chen-Powers Store,Chennai,East,2019-02-17
S00635,Reid-Howell Store,Ahmedabad,West,2024-12-01
S00636,Lee Ltd Store,Surat,West,2024-05-11
S00637,Garcia-Pham Store,Bengaluru,Central,2020-12-19
S00638,"Love, Castro and Delacruz Store",Ahmedabad,South,2023-03-18
S00639,Mullen and Sons Store,Mumbai,North,2018-03-23
S00640,"Mcdowell, Fernandez and Brown Store",Surat,North,2023-03-25
S00641,Morris-Campbell Store,Ahmedabad,North,2024-09-29
S00642,Baker LLC Store,Surat,Central,2020-07-28
S00643,Williams Inc Store,Ahmedabad,Central,2019-04-19
S00644,Robbins PLC Store,Ahmedabad,North,2025-05-17
S00645,Swanson-Cunningham Store,Pune,Central,2022-07-15
S00646,Tyler Ltd Store,Hyderabad,North,2016-10-14
S00647,Merritt-Jones Store,Jaipur,East,2022-08-22
S00648,Martinez-Weeks Store,Delhi,West,2019-12-22
S00649,"Hughes, Nixon and Rodriguez Store",Mumbai,East,2022-10-17
S00650,Smith Group Store,Pune,West,2023-07-17
S00651,"Allen, Cooper and Navarro Store",Surat,East,2024-01-18
S00652,Clark-Brown Store,Mumbai,North,2017-08-30
S00653,Andrews-Kane Store,Surat,North,2024-11-01
S00654,Garcia-Flores Store,Delhi,East,2021-04-04
S00655,"Myers, Holmes and Price Store",Surat,East,2023-08-20
S00656,Rivera Inc Store,Jaipur,North,2023-11-14
S00657,"Pitts, Rubio and Craig Store",Pune,North,2020-03-11
S00658,Cortez Inc Store,Delhi,South,2017-03-30
S00659,Fleming Inc Store,Mumbai,Central,2024-12-01
S00660,"Zuniga, Villa and Petty Store",Bengaluru,East,2023-04-01
S00661,Adkins-Mccoy Store,Ahmedabad,North,2025-04-26
S00662,Garcia-Bullock Store,Pune,North,2018-02-12
S00663,White-King Store,Chennai,Central,2024-04-25
S00664,Crawford-Zavala Store,Delhi,Central,2021-12-28
S00665,"Diaz, Dawson and Cooley Store",Pune,West,2021-02-20
S00666,Marshall and Sons Store,Ahmedabad,West,2025-02-22
S00667,Morales Inc Store,Kolkata,Central,2018-11-16
S00668,Wheeler-Thompson Store,Surat,East,2023-05-12
S00669,Webb Group Store,Kolkata,North,2018-04-27
S00670,"Schmitt, Pope and Adams Store",Ahmedabad,South,2024-08-06
S00671,"King, Bryant and Farmer Store",Ahmedabad,West,2022-10-17
S00672,Thomas LLC Store,Surat,East,2016-11-09
S00673,Shah LLC Store,Delhi,South,2022-07-17
S00674,Logan Group Store,Bengaluru,East,2021-11-17
S00675,"Parsons, Booker and Murray Store",Surat,North,2017-02-21
S00676,"Collins, Miller and Harris Store",Delhi,East,2019-10-04
S00677,"Delacruz, Cox and Brandt Store",Mumbai,East,2022-11-20
S00678,"Jackson, Davis and Phelps Store",Delhi,South,2023-04-04
S00679,"Shaw, Hawkins and Mccoy Store",Delhi,North,2022-11-17
S00680,May-Coleman Store,Hyderabad,North,2021-03-15
S00681,Barton-Dalton Store,Chennai,North,2023-03-05
S00682,Ward-Hicks Store,Chennai,North,2016-11-10
S00683,"Johnson, Santiago and Pierce Store",Chennai,West,2024-11-17
S00684,Ward-Murray Store,Jaipur,North,2015-12-29
S00685,Bass-Nguyen Store,Delhi,West,2021-09-14
S00686,"Blackwell, Combs and James Store",Ahmedabad,South,2022-06-06
S00687,Garcia LLC Store,Hyderabad,North,2018-04-26
S00688,Carter-Nguyen Store,Surat,East,2021-01-22
S00689,"Smith, Cervantes and Perry Store",Mumbai,South,2017-11-18
S00690,Powell Group Store,Bengaluru,North,2020-10-29
S00691,Long-Wilson Store,Pune,Central,2022-12-07
S00692,Williams LLC Store,Bengaluru,North,2019-03-31
S00693,Todd Group Store,Surat,North,2024-06-11
S00694,"Miller, Adams and Gonzalez Store",Surat,West,2024-03-03
S00695,"Carrillo, Gomez and Hall Store",Ahmedabad,East,2019-01-18
S00696,Hancock-Khan Store,Bengaluru,North,2017-06-08
S00697,Patrick PLC Store,Chennai,Central,2021-01-21
S00698,"Webb, Thompson and Robinson Store",Hyderabad,West,2025-11-20
S00699,Walton-Rice Store,Bengaluru,North,2018-09-23
S00700,"Malone, Lopez and Riggs Store",Mumbai,South,2023-12-07
S00701,Miller Ltd Store,Surat,West,2016-01-31
S00702,"Harris, Gonzalez and Myers Store",Pune,South,2023-05-17
S00703,Sanchez PLC Store,Hyderabad,South,2017-12-30
S00704,"Ramirez, Allen and Schmidt Store",Chennai,West,2022-07-23
S00705,Clark-Morrison Store,Jaipur,Central,2021-06-19
S00706,"Allen, Cooper and Smith Store",Pune,Central,2023-11-16
S00707,Yoder-Walters Store,Surat,Central,2018-06-01
S00708,Ward-Gomez Store,Kolkata,East,2016-07-24
S00709,"Reyes, Downs and Moore Store",Delhi,South,2024-05-15
S00710,Griffin Inc Store,Delhi,West,2023-04-08
S00711,"Garcia, Dunn and Nguyen Store",Kolkata,Central,2021-03-03
S00712,Chavez Ltd Store,Jaipur,West,2025-04-16
S00713,Hall PLC Store,Delhi,South,2023-01-30
S00714,"Murphy, Sanchez and Baker Store",Bengaluru,Central,2021-08-11
S00715,Todd LLC Store,Hyderabad,South,2025-09-02
S00716,Lee-Dunn Store,Delhi,South,2023-10-01
S00717,"Long, Moore and Jackson Store",Pune,North,2021-11-22
S00718,Watson-Davis Store,Surat,West,2019-12-10
S00719,Boyd PLC Store,Pune,East,2020-09-02
S00720,Swanson PLC Store,Kolkata,North,2020-10-19
S00721,Cruz and Sons Store,Kolkata,South,2016-05-07
S00722,Alvarado PLC Store,Pune,Central,2018-06-05
S00723,"Torres, Harris and Baker Store",Delhi,North,2017-04-09
S00724,"Ward, Sawyer and Neal Store",Kolkata,North,2019-09-03
S00725,"Roberts, Spencer and Stephens Store",Delhi,West,2020-06-20
S00726,Mendoza LLC Store,Kolkata,South,2018-12-15
S00727,Smith Ltd Store,Hyderabad,Central,2023-06-17
S00728,"Flynn, Brown and Green Store",Pune,Central,2025-02-04
S00729,Rowe Ltd Store,Delhi,North,2017-10-23
S00730,"Anderson, Russell and Myers Store",Jaipur,Central,2019-05-31
S00731,Neal and Sons Store,Surat,West,2016-02-23
S00732,Green-Roberts Store,Ahmedabad,Central,2023-02-04
S00733,Higgins Inc Store,Kolkata,East,2025-01-28
S00734,Vasquez-Harris Store,Pune,West,2020-10-27
S00735,Smith and Sons Store,Chennai,South,2019-10-28
S00736,Franklin-Washington Store,Mumbai,East,2015-12-11
S00737,Anderson Group Store,Hyderabad,North,2016-11-25
S00738,Giles-Cummings Store,Jaipur,Central,2024-10-18
S00739,Taylor Group Store,Pune,Central,2021-05-03
S00740,"Frazier, Kemp and Davis Store",Kolkata,West,2019-08-22
S00741,Bauer Ltd Store,Bengaluru,South,2017-12-16
S00742,"Ortiz, Page and Ochoa Store",Chennai,North,2024-02-06
S00743,Hernandez Ltd Store,Chennai,North,2017-12-04
S00744,Taylor-Wilson Store,Chennai,South,2016-06-01
S00745,Nichols Inc Store,Mumbai,East,2020-10-04
S00746,Roberts PLC Store,Surat,Central,2021-04-22
S00747,Luna Group Store,Delhi,Central,2020-11-23
S00748,"Henderson, Martin and Nguyen Store",Bengaluru,South,2023-12-11
S00749,Snyder-Jackson Store,Hyderabad,South,2023-09-25
S00750,Webster-Davis Store,Bengaluru,Central,2021-03-20
S00751,"Jackson, Jones and Watson Store",Pune,Central,2020-10-21
S00752,Hernandez Inc Store,Ahmedabad,Central,2016-11-26
S00753,Ray Inc Store,Bengaluru,East,2021-07-15
S00754,Martinez Inc Store,Pune,Central,2024-04-17
S00755,"Bowers, Lawrence and Chavez Store",Pune,North,2015-12-22
S00756,Washington-Ware Store,Kolkata,Central,2018-02-12
S00757,Boyd-Chen Store,Pune,West,2018-06-14
S00758,"Gardner, Flynn and Wolf Store",Kolkata,North,2021-11-01
S00759,"Murphy, Perez and Ramirez Store",Delhi,Central,2021-09-22
S00760,Le-Douglas Store,Delhi,West,2016-06-02
S00761,"Reese, Mitchell and Hill Store",Mumbai,East,2019-01-14
S00762,"Smith, Rodriguez and Anderson Store",Ahmedabad,South,2024-12-13
S00763,Smith PLC Store,Kolkata,East,2024-07-18
S00764,Larson LLC Store,Hyderabad,West,2025-04-19
S00765,"Ewing, Blackwell and Price Store",Mumbai,West,2020-12-09
S00766,"Combs, Marsh and Smith Store",Hyderabad,Central,2019-09-09
S00767,Warren Inc Store,Ahmedabad,East,2020-07-05
S00768,"Jones, Davis and Bennett Store",Kolkata,East,2020-07-09
S00769,"Hernandez, Coleman and Estrada Store",Bengaluru,West,2019-02-05
S00770,Murphy-Bishop Store,Chennai,North,2018-09-11
S00771,"Hernandez, Brown and Lopez Store",Hyderabad,Central,2018-11-24
S00772,"Watson, Smith and Carlson Store",Kolkata,Central,2019-08-29
S00773,Hopkins Ltd Store,Jaipur,East,2023-12-10
S00774,"Edwards, James and Watkins Store",Delhi,North,2024-10-25
S00775,Carter-Bowman Store,Delhi,West,2025-08-22
S00776,Hood-Cox Store,Mumbai,North,2021-07-16
S00777,Ryan PLC Store,Mumbai,South,2017-04-04
S00778,"Davis, Morris and Smith Store",Surat,South,2024-03-31
S00779,"Jackson, King and Daniels Store",Delhi,North,2024-11-11
S00780,Brooks-Dunn Store,Pune,North,2024-08-06
S00781,Montgomery Inc Store,Pune,East,2017-03-04
S00782,"Green, Johnson and Campos Store",Bengaluru,North,2021-05-02
S00783,"Aguilar, Day and Heath Store",Pune,West,2022-05-28
S00784,Sellers LLC Store,Delhi,West,2015-12-06
S00785,Vega Group Store,Hyderabad,Central,2017-01-09
S00786,Barker Inc Store,Hyderabad,South,2016-12-23
S00787,Park Inc Store,Mumbai,West,2024-01-12
S00788,"Riggs, Mayo and King Store",Bengaluru,West,2022-07-17
S00789,Gonzales-Gibson Store,Kolkata,North,2025-01-20
S00790,Adams LLC Store,Chennai,East,2019-08-09
S00791,Wolfe-Reeves Store,Kolkata,Central,2020-03-25
S00792,Austin Group Store,Delhi,North,2025-03-06
S00793,"Mills, Rush and Rodriguez Store",Surat,West,2021-09-14
S00794,Allen-Wagner Store,Surat,Central,2025-01-04
S00795,Duncan-Long Store,Ahmedabad,East,2016-09-22
S00796,Moore LLC Store,Chennai,East,2025-09-23
S00797,"Booker, Mack and Kerr Store",Pune,South,2023-02-24
S00798,Atkins Group Store,Hyderabad,West,2022-09-13
S00799,Lewis-Clark Store,Hyderabad,West,2022-05-27
S00800,"Shea, Brooks and Gardner Store",Delhi,East,2025-07-05
S00801,Contreras-Lewis Store,Delhi,North,2023-12-18
S00802,"Knight, Smith and Martinez Store",Pune,North,2023-09-08
S00803,Murray-Garrett Store,Chennai,Central,2025-01-16
S00804,"Black, Mullins and Rosales Store",Jaipur,West,2024-03-23
S00805,Schwartz PLC Store,Mumbai,Central,2019-03-03
S00806,Liu-Owens Store,Jaipur,Central,2019-03-04
S00807,Watson PLC Store,Bengaluru,Central,2017-02-26
S00808,Davis-Hahn Store,Delhi,East,2024-05-14
S00809,"Rodriguez, Perez and Becker Store",Hyderabad,Central,2019-05-02
S00810,"Owens, Knight and Bowen Store",Mumbai,West,2022-08-21
S00811,Salinas-Marshall Store,Pune,South,2020-02-06
S00812,Mullen-Herring Store,Surat,East,2021-08-24
S00813,"Taylor, Adams and Hudson Store",Ahmedabad,Central,2019-11-16
S00814,Garcia-Woods Store,Bengaluru,South,2017-10-23
S00815,Price-Bishop Store,Hyderabad,East,2018-08-24
S00816,"Reid, Li and Gonzales Store",Pune,East,2023-01-20
S00817,Aguilar LLC Store,Jaipur,West,2021-03-03
S00818,"Herrera, Johnson and Cantrell Store",Jaipur,East,2020-07-27
S00819,"Hodge, Mitchell and Flores Store",Jaipur,West,2025-08-03
S00820,Gamble Ltd Store,Pune,South,2016-07-17
S00821,Bauer-Johnson Store,Delhi,Central,2023-10-16
S00822,"Collins, Morris and White Store",Pune,East,2019-07-22
S00823,Diaz Group Store,Ahmedabad,West,2018-06-18
S00824,Lewis LLC Store,Ahmedabad,South,2024-11-26
S00825,"Allen, Gaines and Estrada Store",Jaipur,West,2022-03-23
S00826,"Horton, Peck and Moore Store",Chennai,Central,2023-06-05
S00827,Garrison-Wheeler Store,Chennai,North,2022-03-13
S00828,"Martin, Williams and Miller Store",Hyderabad,North,2020-03-15
S00829,Hardin PLC Store,Mumbai,South,2017-02-25
S00830,Fleming-Green Store,Jaipur,West,2016-05-08
S00831,Morris Ltd Store,Bengaluru,West,2017-05-17
S00832,Dickson-Rodriguez Store,Surat,East,2024-09-16
S00833,"Cantu, Lynch and Jacobs Store",Delhi,East,2018-01-26
S00834,"Hogan, Martin and Cox Store",Ahmedabad,West,2023-07-02
S00835,Bates-Bowers Store,Pune,West,2020-11-08
S00836,"Graham, Parker and Medina Store",Kolkata,West,2019-06-17
S00837,Davis-Murphy Store,Bengaluru,South,2020-08-23
S00838,May-Petersen Store,Mumbai,South,2024-09-07
S00839,Henry-Berg Store,Mumbai,East,2018-09-12
S00840,Rodriguez-Davidson Store,Mumbai,North,2018-08-11
S00841,"Brown, Walls and Dillon Store",Jaipur,East,2022-12-05
S00842,"Anderson, Rivera and Mcguire Store",Ahmedabad,East,2018-01-23
S00843,Ross PLC Store,Ahmedabad,North,2016-09-27
S00844,Griffin and Sons Store,Chennai,North,2020-11-08
S00845,Lambert Inc Store,Pune,North,2019-05-20
S00846,Harris Inc Store,Jaipur,West,2018-06-29
S00847,Woods-Reyes Store,Kolkata,North,2017-11-05
S00848,Allen-Phillips Store,Bengaluru,South,2017-09-15
S00849,Hood PLC Store,Bengaluru,West,2017-06-05
S00850,Ho Group Store,Kolkata,East,2018-06-26
S00851,Ross and Sons Store,Surat,Central,2016-10-07
S00852,Blair-Levy Store,Chennai,West,2018-06-10
S00853,Reed-Combs Store,Delhi,South,2019-11-20
S00854,"Smith, Perez and Smith Store",Surat,North,2025-04-20
S00855,Johnson-Wiggins Store,Hyderabad,East,2022-01-10
S00856,Hughes-Ortiz Store,Delhi,North,2018-09-30
S00857,Duran LLC Store,Mumbai,Central,2017-04-15
S00858,Perry and Sons Store,Pune,North,2020-06-03
S00859,Carter-Sparks Store,Surat,Central,2025-10-26
S00860,Rich PLC Store,Surat,North,2018-07-18
S00861,Fields LLC Store,Jaipur,West,2018-03-29
S00862,Love-Adams Store,Hyderabad,West,2024-10-25
S00863,"Gonzales, Gonzalez and Jones Store",Mumbai,North,2021-06-24
S00864,Carpenter-Hawkins Store,Chennai,South,2023-07-09
S00865,"Smith, Rivera and Baker Store",Ahmedabad,East,2017-04-30
S00866,"Benton, Vaughn and Ryan Store",Surat,Central,2019-07-10
S00867,Wilson-Boyd Store,Ahmedabad,South,2022-12-05
S00868,Nelson Group Store,Kolkata,East,2018-07-29
S00869,Smith Inc Store,Delhi,West,2020-04-06
S00870,"Wright, Montgomery and Duffy Store",Bengaluru,West,2021-08-17
S00871,Gray and Sons Store,Chennai,Central,2024-04-07
S00872,Smith-Brown Store,Bengaluru,Central,2022-11-15
S00873,"Gonzalez, Jones and Moore Store",Jaipur,West,2017-12-25
S00874,"Lang, Vasquez and Gonzalez Store",Surat,North,2019-05-24
S00875,Garner-Hale Store,Hyderabad,South,2020-04-22
S00876,Price Group Store,Delhi,Central,2022-03-16
S00877,Andersen-Robinson Store,Hyderabad,East,2019-09-28
S00878,Kelley-Saunders Store,Ahmedabad,North,2017-07-13
S00879,Gibson-Walker Store,Kolkata,North,2019-11-15
S00880,Petersen Inc Store,Surat,Central,2022-10-08
S00881,Jones Inc Store,Hyderabad,North,2025-08-30
S00882,Snyder-Moon Store,Chennai,North,2020-09-23
S00883,"Brown, Jenkins and Johnson Store",Bengaluru,Central,2018-05-03
S00884,Stone-Rodriguez Store,Mumbai,East,2017-05-01
S00885,Bass-King Store,Jaipur,East,2023-08-02
S00886,Freeman-Keller Store,Pune,South,2024-06-30
S00887,Lozano-Wright Store,Pune,East,2017-08-24
S00888,Luna-Smith Store,Mumbai,Central,2018-05-19
S00889,Cook-Martinez Store,Hyderabad,Central,2021-10-24
S00890,"Moss, Lewis and Goodman Store",Jaipur,North,2016-02-24
S00891,Skinner Group Store,Kolkata,North,2024-09-27
S00892,"Roberts, Anderson and Sullivan Store",Chennai,North,2020-08-17
S00893,Robertson-Roach Store,Kolkata,Central,2023-07-18
S00894,Dorsey LLC Store,Delhi,West,2016-10-22
S00895,Bryan-Mcguire Store,Mumbai,East,2022-08-08
S00896,Oconnor-Shaw Store,Hyderabad,South,2021-09-25
S00897,Valdez Ltd Store,Delhi,North,2024-02-16
S00898,Allen-Rodriguez Store,Hyderabad,North,2018-07-26
S00899,Molina-Garcia Store,Hyderabad,East,2023-12-16
S00900,"Stanton, Martinez and Montoya Store",Bengaluru,North,2017-02-13
S00901,Powers Inc Store,Bengaluru,South,2022-04-22
S00902,Mills and Sons Store,Pune,Central,2019-12-01
S00903,"Bruce, Snyder and Porter Store",Delhi,West,2020-12-17
S00904,Evans Ltd Store,Surat,North,2025-06-03
S00905,Berg and Sons Store,Delhi,West,2021-05-26
S00906,"Miller, Howard and Alvarez Store",Chennai,East,2022-12-17
S00907,"Wilkerson, Cooper and Morris Store",Bengaluru,Central,2023-04-28
S00908,"Beasley, Hancock and Harrison Store",Pune,West,2020-03-07
S00909,"Bradley, Zimmerman and Johnson Store",Kolkata,West,2018-01-01
S00910,Chaney-Hale Store,Kolkata,Central,2024-05-27
S00911,"Johnson, Wood and Norris Store",Hyderabad,East,2023-04-20
S00912,Roberts PLC Store,Hyderabad,East,2023-02-14
S00913,"Johnson, Washington and Pope Store",Hyderabad,West,2023-08-09
S00914,Suarez-Perez Store,Kolkata,South,2024-09-15
S00915,"Gonzalez, Nichols and Adams Store",Pune,East,2019-12-21
S00916,Stokes-Klein Store,Surat,East,2025-10-13
S00917,Foster-Taylor Store,Kolkata,North,2024-09-29
S00918,"Turner, Ryan and Robertson Store",Ahmedabad,East,2017-09-28
S00919,Garcia-Ward Store,Surat,Central,2022-12-31
S00920,"Douglas, Martin and Serrano Store",Chennai,North,2020-05-12
S00921,"Mosley, Williams and Fowler Store",Ahmedabad,South,2025-05-12
S00922,"Silva, Smith and Hernandez Store",Delhi,East,2019-09-23
S00923,Bonilla-Bridges Store,Bengaluru,East,2017-09-07
S00924,"Martinez, Lloyd and Bullock Store",Pune,Central,2022-03-26
S00925,"Jackson, Bowers and Sandoval Store",Pune,West,2016-05-09
S00926,Frazier-Strong Store,Jaipur,Central,2021-09-16
S00927,"Delgado, Perry and Lopez Store",Hyderabad,Central,2022-04-19
S00928,"Irwin, Roy and Lopez Store",Surat,East,2021-11-09
S00929,King-Kelly Store,Bengaluru,South,2023-10-07
S00930,"Fernandez, Mcguire and Williams Store",Hyderabad,South,2018-07-22
S00931,"White, Phillips and Bell Store",Hyderabad,Central,2020-01-14
S00932,"Jenkins, Atkins and Swanson Store",Pune,East,2022-06-08
S00933,Mcpherson-Sullivan Store,Chennai,East,2021-11-26
S00934,Madden and Sons Store,Delhi,East,2021-10-09
S00935,Vega-Graham Store,Surat,Central,2019-08-25
S00936,"Johnson, Christensen and Le Store",Delhi,South,2017-07-07
S00937,Anderson-Smith Store,Delhi,East,2023-10-24
S00938,Schmidt Group Store,Hyderabad,East,2022-12-21
S00939,Levine-Williams Store,Mumbai,Central,2021-09-05
S00940,"Hamilton, Hobbs and Anderson Store",Chennai,Central,2020-08-10
S00941,Schaefer Ltd Store,Pune,South,2025-08-12
S00942,Price Ltd Store,Hyderabad,Central,2025-06-12
S00943,Cole-Crawford Store,Pune,Central,2022-09-11
S00944,Lowery PLC Store,Ahmedabad,East,2025-04-26
S00945,"Potter, Palmer and Ruiz Store",Ahmedabad,North,2016-05-25
S00946,Abbott and Sons Store,Surat,West,2018-11-11
S00947,Bean-Roberts Store,Ahmedabad,East,2018-03-06
S00948,Ashley LLC Store,Hyderabad,West,2018-07-07
S00949,"Montoya, Martin and Soto Store",Ahmedabad,South,2025-02-20
S00950,Marquez Ltd Store,Ahmedabad,Central,2021-07-07
S00951,Moore Inc Store,Hyderabad,West,2021-06-20
S00952,Dudley and Sons Store,Pune,North,2024-11-21
S00953,"Cobb, Mullins and Juarez Store",Kolkata,Central,2017-05-12
S00954,"Michael, Glenn and Wallace Store",Kolkata,Central,2025-11-13
S00955,Martinez Ltd Store,Mumbai,South,2017-12-17
S00956,Jones Ltd Store,Hyderabad,Central,2017-04-20
S00957,"Pierce, Moore and Bennett Store",Surat,East,2020-05-03
S00958,Turner-Jacobs Store,Kolkata,Central,2022-08-12
S00959,"Miller, Barrera and Sanchez Store",Jaipur,East,2018-08-15
S00960,Rivera Group Store,Hyderabad,East,2017-06-03
S00961,Thompson and Sons Store,Mumbai,East,2016-06-13
S00962,Fox-Henderson Store,Ahmedabad,North,2016-01-18
S00963,"Woodward, Shelton and Steele Store",Mumbai,Central,2022-04-15
S00964,Randall-Stone Store,Surat,North,2017-01-15
S00965,"Mcdonald, Wright and Collins Store",Bengaluru,North,2023-09-17
S00966,Miller Group Store,Chennai,West,2023-11-04
S00967,Cooper and Sons Store,Delhi,South,2019-08-28
S00968,"Hodge, Gonzalez and Conrad Store",Bengaluru,Central,2021-02-26
S00969,Stewart-Murphy Store,Hyderabad,Central,2020-09-12
S00970,Taylor-Bryant Store,Surat,South,2020-11-09
S00971,Roberts-Horton Store,Hyderabad,Central,2024-06-28
S00972,"Rivas, Silva and Walters Store",Surat,West,2024-06-17
S00973,"Guerrero, Huber and Thompson Store",Delhi,Central,2020-04-30
S00974,"Stone, Williams and Chung Store",Chennai,East,2019-02-23
S00975,Jackson Inc Store,Jaipur,South,2022-09-20
S00976,Trujillo LLC Store,Jaipur,South,2021-11-03
S00977,"Blair, Reed and Park Store",Bengaluru,Central,2025-06-01
S00978,Silva PLC Store,Ahmedabad,East,2024-11-19
S00979,"Jackson, Herrera and Ramos Store",Ahmedabad,South,2021-11-09
S00980,Hendricks-Mcbride Store,Mumbai,West,2019-11-10
S00981,Newton Inc Store,Kolkata,East,2020-02-10
S00982,Parker Group Store,Chennai,South,2019-03-19
S00983,Aguilar-Oneill Store,Mumbai,North,2022-05-11
S00984,"Parks, Martinez and Berry Store",Hyderabad,East,2022-09-30
S00985,Parker-Sharp Store,Bengaluru,South,2025-07-29
S00986,Jones and Sons Store,Surat,East,2018-04-19
S00987,Roberts-Kidd Store,Pune,Central,2019-07-23
S00988,"Reed, Henderson and Barr Store",Pune,East,2024-09-09
S00989,Reynolds Group Store,Chennai,North,2025-06-07
S00990,"Carey, Gibson and Burton Store",Delhi,South,2019-10-06
S00991,Lopez Ltd Store,Bengaluru,West,2021-06-29
S00992,Hamilton Ltd Store,Ahmedabad,South,2025-11-06
S00993,Harrison-Wilson Store,Jaipur,Central,2022-03-14
S00994,Austin and Sons Store,Kolkata,Central,2022-01-29
S00995,Carney and Sons Store,Mumbai,Central,2025-01-16
S00996,"Davidson, Anderson and Elliott Store",Jaipur,Central,2017-08-28
S00997,Peterson LLC Store,Jaipur,North,2023-03-08
S00998,Johnson Inc Store,Chennai,East,2016-02-26
S00999,"Holland, Hill and Richardson Store",Jaipur,West,2020-07-29
S01000,"Rojas, Williams and Clements Store",Pune,Central,2021-02-17
S01001,Hernandez and Sons Store,Chennai,East,2017-01-22
S01002,Walton-Medina Store,Kolkata,Central,2016-12-25
S01003,Chavez-Brown Store,Ahmedabad,East,2023-08-08
S01004,"Christian, Hudson and Tran Store",Bengaluru,West,2023-06-28
S01005,"Calderon, Hunter and Carroll Store",Bengaluru,Central,2018-12-30
S01006,Hull and Sons Store,Delhi,East,2018-09-18
S01007,Little-Day Store,Kolkata,East,2018-10-07
S01008,Robertson-Davis Store,Pune,East,2023-04-10
S01009,Ortiz Group Store,Chennai,South,2017-09-05
S01010,"Flores, Callahan and James Store",Ahmedabad,East,2022-01-28
S01011,"Johnson, Vega and Taylor Store",Surat,Central,2025-03-22
S01012,Martinez PLC Store,Delhi,West,2024-10-30
S01013,Howell-Stewart Store,Ahmedabad,West,2024-07-29
S01014,Jones Inc Store,Kolkata,North,2016-02-19
S01015,"Jackson, Benjamin and Morris Store",Kolkata,South,2023-09-15
S01016,Clark Ltd Store,Delhi,East,2023-08-03
S01017,Ruiz Inc Store,Kolkata,South,2023-02-10
S01018,"Neal, David and Mendoza Store",Surat,South,2017-10-07
S01019,"Bowers, Wilson and Sanchez Store",Pune,Central,2022-05-06
S01020,Torres-Stanton Store,Jaipur,North,2019-03-30
S01021,"Vargas, Lee and Bennett Store",Bengaluru,West,2025-09-26
S01022,"May, Jones and Ballard Store",Mumbai,South,2023-10-25
S01023,Vaughn-Martinez Store,Chennai,West,2020-04-11
S01024,Adams Group Store,Mumbai,South,2019-12-19
S01025,"Simpson, Ochoa and Swanson Store",Chennai,South,2021-06-01
S01026,"Hall, Thornton and Schmidt Store",Ahmedabad,West,2020-01-11
S01027,Johnson-Lee Store,Delhi,North,2016-10-20
S01028,Smith and Sons Store,Chennai,West,2023-06-30
S01029,Saunders-Jackson Store,Bengaluru,East,2024-01-06
S01030,Williams-Wells Store,Delhi,South,2019-09-10
S01031,"Payne, Smith and Vasquez Store",Mumbai,North,2024-12-08
S01032,Liu PLC Store,Chennai,West,2022-02-20
S01033,"Kaufman, White and Diaz Store",Surat,West,2017-03-13
S01034,Martinez Ltd Store,Delhi,South,2022-01-07
S01035,Mullins-Robinson Store,Jaipur,North,2019-07-13
S01036,Hernandez-Sheppard Store,Delhi,East,2025-05-29
S01037,Cochran Group Store,Kolkata,Central,2020-12-02
S01038,"Castro, Haney and Flores Store",Pune,Central,2023-12-13
S01039,"Sanchez, Nash and Miller Store",Hyderabad,West,2018-04-27
S01040,Hughes-Snyder Store,Mumbai,West,2025-03-26
S01041,Jones-Cook Store,Pune,East,2024-03-28
S01042,"Walsh, Cook and Stewart Store",Surat,Central,2025-09-02
S01043,Jackson-Campbell Store,Mumbai,East,2016-01-09
S01044,"Briggs, Ross and Ramsey Store",Chennai,East,2023-01-21
S01045,"Norris, Sexton and Marks Store",Jaipur,North,2022-09-30
S01046,Whitaker Inc Store,Bengaluru,South,2017-05-02
S01047,"Fisher, Jordan and Jones Store",Surat,South,2024-06-25
S01048,"Peters, Lynch and Dixon Store",Surat,Central,2020-07-13
S01049,"Buck, Allen and Martin Store",Hyderabad,South,2023-10-11
S01050,Wang Inc Store,Surat,Central,2023-01-20
S01051,Gilbert Group Store,Mumbai,North,2021-01-30
S01052,Jackson-Weaver Store,Kolkata,North,2020-01-28
S01053,Powers-Brown Store,Delhi,East,2022-03-19
S01054,"Williams, Gregory and Barnes Store",Mumbai,South,2019-01-08
S01055,"Campbell, Carpenter and Black Store",Jaipur,Central,2025-05-08
S01056,Roberts LLC Store,Mumbai,East,2015-12-18
S01057,"Fleming, Williams and Benson Store",Delhi,Central,2021-05-11
S01058,"Barry, Valdez and Cruz Store",Hyderabad,North,2019-04-08
S01059,Evans PLC Store,Chennai,South,2016-11-05
S01060,Blake-Sheppard Store,Delhi,West,2020-07-16
S01061,Roberts-Deleon Store,Surat,North,2016-06-09
S01062,Knox-Dixon Store,Ahmedabad,East,2016-04-19
S01063,Williams PLC Store,Pune,West,2022-07-01
S01064,Mendoza-Jensen Store,Delhi,West,2018-02-28
S01065,Johns-Coleman Store,Jaipur,North,2019-10-06
S01066,"Leach, Simon and Williams Store",Jaipur,North,2018-12-24
S01067,"Shaffer, Harper and Adams Store",Kolkata,West,2020-11-20
S01068,Rose-Curtis Store,Delhi,South,2018-03-28
S01069,"Cunningham, Fuller and Gonzales Store",Jaipur,North,2025-09-28
S01070,Johnson Group Store,Delhi,South,2019-12-28
S01071,Powell and Sons Store,Jaipur,Central,2019-11-04
S01072,"Stephens, Perry and Hernandez Store",Surat,North,2020-04-14
S01073,Allen-Lewis Store,Pune,North,2025-03-12
S01074,"Maxwell, Jenkins and Diaz Store",Surat,North,2024-02-22
S01075,Johnston LLC Store,Mumbai,West,2018-06-03
S01076,Anderson PLC Store,Pune,North,2021-01-30
S01077,Ball and Sons Store,Hyderabad,East,2021-09-12
S01078,"Wagner, Deleon and Shields Store",Chennai,North,2023-11-29
S01079,Maddox PLC Store,Chennai,Central,2021-11-28
S01080,Wallace PLC Store,Hyderabad,East,2023-07-02
S01081,"Reynolds, Rogers and Thompson Store",Jaipur,North,2019-02-09
S01082,"Peterson, Nguyen and Clark Store",Chennai,South,2017-12-28
S01083,Myers-Murphy Store,Bengaluru,Central,2024-08-11
S01084,"Gutierrez, Page and Durham Store",Ahmedabad,South,2018-04-29
S01085,"Long, Walsh and Nolan Store",Chennai,Central,2024-01-09
S01086,"Hernandez, Michael and Chang Store",Bengaluru,West,2018-07-11
S01087,Logan Inc Store,Mumbai,South,2017-06-07
S01088,Hines Inc Store,Ahmedabad,East,2024-01-24
S01089,Moreno Ltd Store,Jaipur,East,2020-10-06
S01090,Rivera-Vaughn Store,Mumbai,North,2024-11-07
S01091,"Cox, Bowen and Duke Store",Hyderabad,North,2023-07-09
S01092,Nunez Group Store,Bengaluru,South,2024-06-27
S01093,Flores-Cunningham Store,Mumbai,South,2022-07-13
S01094,Grimes Ltd Store,Surat,Central,2025-06-23
S01095,Fritz-Stewart Store,Delhi,East,2020-06-13
S01096,"Martin, Barnes and Baker Store",Mumbai,West,2017-10-24
S01097,Lee Ltd Store,Ahmedabad,North,2021-03-09
S01098,"Brown, Short and Nichols Store",Ahmedabad,North,2022-05-06
S01099,"Larson, Wilson and Wright Store",Hyderabad,North,2022-12-11
S01100,Pugh-Chen Store,Jaipur,South,2016-10-12
S01101,Sanchez-Johnson Store,Pune,Central,2017-08-16
S01102,"Zamora, Carlson and Wolf Store",Bengaluru,North,2024-05-18
S01103,Waters-Carpenter Store,Bengaluru,North,2023-11-15
S01104,"Miller, Williams and Jacobs Store",Hyderabad,West,2016-09-28
S01105,Martinez Ltd Store,Pune,South,2024-04-14
S01106,Peters and Sons Store,Hyderabad,West,2018-09-26
S01107,Morris Group Store,Kolkata,North,2020-08-27
S01108,"Jenkins, Allison and Smith Store",Surat,South,2020-09-20
S01109,"Davis, Ferguson and Morales Store",Pune,North,2025-11-05
S01110,Davis-Long Store,Hyderabad,North,2024-06-25
S01111,West Inc Store,Pune,South,2020-05-16
S01112,"Stanton, Clayton and Williams Store",Hyderabad,Central,2025-04-06
S01113,Johnson Group Store,Ahmedabad,North,2021-03-31
S01114,"Greene, Thomas and Gonzalez Store",Jaipur,West,2017-03-19
S01115,"Lutz, Ferguson and Hobbs Store",Pune,East,2024-04-09
S01116,Gonzales-Sutton Store,Ahmedabad,West,2024-08-14
S01117,Little-Jordan Store,Ahmedabad,East,2018-06-22
S01118,Schmitt Group Store,Chennai,North,2016-01-29
S01119,Mcbride LLC Store,Bengaluru,North,2020-11-19
S01120,Gould-Smith Store,Jaipur,South,2019-03-10
S01121,Howard-Bailey Store,Surat,Central,2016-12-05
S01122,"Galvan, Stewart and Gould Store",Bengaluru,East,2015-12-17
S01123,"Brown, Shannon and Cruz Store",Bengaluru,North,2020-02-29
S01124,"Walker, Anderson and Chavez Store",Chennai,East,2022-08-16
S01125,Diaz-Yang Store,Hyderabad,South,2024-03-16
S01126,Smith-Matthews Store,Mumbai,East,2018-07-06
S01127,Gibson-Russo Store,Mumbai,West,2017-12-30
S01128,Hughes and Sons Store,Pune,South,2020-10-04
S01129,Solomon-Miller Store,Ahmedabad,East,2023-03-01
S01130,"Miller, Davis and Cox Store",Pune,South,2016-02-29
S01131,"Davis, Roy and Brennan Store",Bengaluru,West,2019-04-16
S01132,Fowler Inc Store,Pune,Central,2019-08-04
S01133,"Gallagher, Lee and White Store",Ahmedabad,Central,2023-08-21
S01134,Allen-Braun Store,Chennai,South,2017-07-15
S01135,Torres-Ryan Store,Pune,South,2021-03-13
S01136,Marsh PLC Store,Surat,East,2016-06-19
S01137,Young-Mendoza Store,Chennai,West,2020-05-29
S01138,Anderson PLC Store,Pune,Central,2018-01-15
S01139,Ward-Howard Store,Delhi,South,2018-10-09
S01140,Randall Ltd Store,Hyderabad,West,2017-07-11
S01141,"Vazquez, Calderon and Holloway Store",Jaipur,East,2015-12-22
S01142,Weber-Lane Store,Kolkata,North,2019-04-09
S01143,Gordon and Sons Store,Pune,West,2020-10-22
S01144,Rios Group Store,Delhi,East,2017-07-20
S01145,Gomez-Davis Store,Mumbai,South,2019-06-26
S01146,Allen Inc Store,Pune,East,2017-07-01
S01147,Hardin Ltd Store,Chennai,East,2024-10-23
S01148,Gordon-Baker Store,Hyderabad,North,2016-01-06
S01149,Campbell Ltd Store,Delhi,North,2025-09-04
S01150,Vaughan Group Store,Ahmedabad,Central,2022-11-09
S01151,Cross-Riggs Store,Kolkata,South,2018-10-16
S01152,Joyce-Sweeney Store,Hyderabad,Central,2024-11-17
S01153,"Jimenez, Huffman and Thompson Store",Ahmedabad,West,2017-12-02
S01154,Hopkins LLC Store,Delhi,North,2016-02-02
S01155,"Norris, Williamson and Wong Store",Jaipur,Central,2019-06-30
S01156,Cruz-Cox Store,Jaipur,Central,2024-09-14
S01157,"Haynes, Rosales and Crosby Store",Surat,South,2020-11-26
S01158,Jones and Sons Store,Surat,North,2024-08-24
S01159,Munoz Ltd Store,Bengaluru,North,2021-06-09
S01160,Cain-Hall Store,Pune,West,2017-01-19
S01161,Bowen-Miller Store,Hyderabad,West,2018-05-08
S01162,Townsend and Sons Store,Delhi,North,2016-10-28
S01163,Rios Group Store,Ahmedabad,South,2021-10-04
S01164,Whitaker-Barrera Store,Hyderabad,West,2022-03-22
S01165,"Walker, Watson and Jensen Store",Surat,South,2019-10-23
S01166,Stewart-Richards Store,Surat,Central,2018-06-21
S01167,"Peterson, Barnes and Chase Store",Delhi,East,2019-09-04
S01168,"Davis, David and Harrington Store",Surat,East,2015-12-26
S01169,Curtis Group Store,Surat,South,2025-11-04
S01170,"Summers, Hernandez and Stone Store",Delhi,East,2021-07-20
S01171,Holloway-Moore Store,Surat,East,2024-04-24
S01172,"Barrett, Green and Willis Store",Surat,South,2017-02-06
S01173,Walton Ltd Store,Surat,North,2024-10-28
S01174,"Paul, Riggs and Flores Store",Pune,South,2020-10-09
S01175,Fernandez-Boone Store,Pune,Central,2024-10-22
S01176,Hamilton Inc Store,Mumbai,North,2018-04-30
S01177,"Ortiz, Jones and King Store",Delhi,Central,2016-08-07
S01178,Cummings-Fitzgerald Store,Kolkata,West,2020-11-28
S01179,Waters and Sons Store,Chennai,East,2016-11-13
S01180,White Group Store,Kolkata,West,2017-09-10
S01181,Blake PLC Store,Pune,East,2017-04-11
S01182,Fry and Sons Store,Mumbai,West,2022-10-07
S01183,Barker-Shelton Store,Ahmedabad,North,2022-03-20
S01184,Aguilar-Morgan Store,Hyderabad,West,2019-11-14
S01185,Bennett Inc Store,Ahmedabad,South,2025-11-11
S01186,Bernard Inc Store,Ahmedabad,North,2024-02-05
S01187,Hill-Turner Store,Delhi,West,2016-03-26
S01188,Mendez Ltd Store,Chennai,South,2023-11-26
S01189,Castillo Group Store,Mumbai,Central,2022-01-08
S01190,Harris-Floyd Store,Surat,North,2024-03-25
S01191,"Brooks, Grant and Lee Store",Chennai,West,2022-09-09
S01192,Cortez PLC Store,Pune,East,2020-01-08
S01193,"Marsh, Williamson and Larson Store",Ahmedabad,East,2017-06-02
S01194,"Sheppard, Marsh and Mills Store",Hyderabad,North,2016-09-06
S01195,Woodard and Sons Store,Chennai,West,2021-09-21
S01196,Butler Ltd Store,Hyderabad,Central,2022-07-26
S01197,Cline PLC Store,Hyderabad,North,2021-10-01
S01198,"Phillips, Williams and Barton Store",Kolkata,West,2018-09-07
S01199,"Arnold, Rodriguez and Blake Store",Kolkata,South,2023-05-11
S01200,Turner and Sons Store,Pune,East,2018-09-22
S01201,Sanchez Inc Store,Mumbai,Central,2019-08-11
S01202,Stephens Inc Store,Jaipur,North,2019-02-11
S01203,Crane-Young Store,Pune,East,2018-08-29
S01204,"Holt, Singleton and Rasmussen Store",Chennai,South,2020-08-01
S01205,"Mayer, Mata and Edwards Store",Ahmedabad,Central,2017-05-02
S01206,Walker Group Store,Pune,West,2021-08-02
S01207,"Gray, Johnson and Braun Store",Hyderabad,South,2022-04-19
S01208,Woods LLC Store,Mumbai,Central,2017-01-11
S01209,Butler-Sanchez Store,Surat,East,2019-09-08
S01210,Rivera-Glenn Store,Delhi,South,2021-05-16
S01211,Walter-Reynolds Store,Pune,South,2016-12-27
S01212,Gonzales-Wade Store,Surat,West,2016-05-12
S01213,"Nguyen, Diaz and Blair Store",Pune,East,2019-07-17
S01214,"Gray, Davis and Davis Store",Kolkata,North,2018-11-08
S01215,Sims Inc Store,Mumbai,East,2018-09-08
S01216,Grant Group Store,Ahmedabad,West,2022-11-30
S01217,"Cooper, Johnson and Peterson Store",Mumbai,South,2016-09-16
S01218,"Tucker, Brown and Johnson Store",Pune,South,2022-03-29
S01219,"Zavala, Gibson and Hogan Store",Surat,Central,2017-11-29
S01220,"Robinson, Martin and Miller Store",Ahmedabad,North,2016-09-15
S01221,Cox and Sons Store,Delhi,West,2016-01-28
S01222,Gross-Anderson Store,Chennai,East,2024-03-12
S01223,Andrews and Sons Store,Mumbai,West,2016-03-12
S01224,"Gomez, Smith and Reyes Store",Surat,Central,2022-05-07
S01225,"Norris, Brown and Santiago Store",Jaipur,South,2023-12-05
S01226,Keller and Sons Store,Surat,South,2016-01-11
S01227,Thornton-Jones Store,Surat,Central,2015-11-27
S01228,"Brown, Esparza and Allen Store",Delhi,East,2019-04-22
S01229,Lee-Johnson Store,Jaipur,North,2020-03-19
S01230,Chen-Morgan Store,Kolkata,North,2025-02-22
S01231,Hart PLC Store,Delhi,East,2023-12-09
S01232,Lopez-Nguyen Store,Delhi,South,2024-04-17
S01233,"Robertson, Huff and Phelps Store",Kolkata,West,2018-01-01
S01234,"Buck, Mendez and Watts Store",Surat,East,2018-11-27
S01235,White-Chapman Store,Pune,West,2017-08-24
S01236,Edwards LLC Store,Surat,North,2018-03-29
S01237,Cook PLC Store,Ahmedabad,East,2022-04-03
S01238,Gray Ltd Store,Kolkata,South,2022-11-02
S01239,"Griffin, Smith and Cannon Store",Hyderabad,Central,2019-12-28
S01240,Carter and Sons Store,Jaipur,East,2024-10-09
S01241,Brown-Price Store,Chennai,Central,2018-02-24
S01242,"Lee, Adams and Gray Store",Kolkata,East,2023-05-20
S01243,Blackburn LLC Store,Mumbai,North,2018-05-11
S01244,Huffman Ltd Store,Pune,West,2020-12-17
S01245,Smith LLC Store,Mumbai,North,2017-07-23
S01246,"Sanchez, Bishop and Dixon Store",Pune,South,2022-09-16
S01247,"Wilson, Flores and Jackson Store",Chennai,Central,2023-11-06
S01248,Johnson-Byrd Store,Jaipur,East,2024-01-11
S01249,"Rush, Byrd and Matthews Store",Bengaluru,North,2020-08-04
S01250,Lewis-Keith Store,Chennai,North,2021-06-30
S01251,Waters-Cuevas Store,Jaipur,North,2019-06-04
S01252,Hebert-Castro Store,Chennai,South,2025-03-12
S01253,Levy Ltd Store,Delhi,East,2022-09-22
S01254,"Wade, Bradley and Hunt Store",Ahmedabad,West,2021-06-21
S01255,Watson Group Store,Delhi,Central,2022-06-29
S01256,Miller Ltd Store,Hyderabad,Central,2020-02-01
S01257,Frazier-Harris Store,Ahmedabad,East,2025-08-19
S01258,Gross-Campbell Store,Delhi,East,2022-10-24
S01259,Galvan Ltd Store,Hyderabad,West,2019-09-20
S01260,Higgins Group Store,Hyderabad,North,2024-06-08
S01261,Sanchez and Sons Store,Bengaluru,Central,2025-02-10
S01262,Lopez-Zuniga Store,Kolkata,North,2025-10-27
S01263,"Hernandez, Greene and Nguyen Store",Jaipur,Central,2023-03-15
S01264,"Greene, Mills and Salazar Store",Mumbai,West,2024-02-11
S01265,Hurley-Williams Store,Mumbai,Central,2025-06-28
S01266,Sanchez Group Store,Surat,North,2024-11-27
S01267,"Bruce, Edwards and Martinez Store",Hyderabad,South,2019-06-05
S01268,Riddle-Grimes Store,Pune,West,2021-06-28
S01269,Hayes and Sons Store,Jaipur,South,2020-10-21
S01270,Murphy LLC Store,Bengaluru,North,2023-12-29
S01271,Booth LLC Store,Hyderabad,North,2016-01-24
S01272,"Hancock, Sanchez and Cervantes Store",Surat,Central,2021-10-04
S01273,Ross Group Store,Kolkata,Central,2018-12-06
S01274,Jackson-Bird Store,Surat,East,2021-12-26
S01275,Flynn and Sons Store,Ahmedabad,South,2020-11-29
S01276,"Mason, Lee and Burton Store",Pune,East,2019-11-29
S01277,"Davila, Lamb and Hunter Store",Kolkata,North,2021-03-27
S01278,"Jackson, Sanders and Carson Store",Kolkata,North,2023-10-25
S01279,Kirby-Reed Store,Pune,West,2023-12-28
S01280,Adams PLC Store,Delhi,East,2023-02-26
S01281,Adams-Gutierrez Store,Ahmedabad,South,2017-01-06
S01282,Bell Group Store,Hyderabad,East,2017-06-09
S01283,Tran Group Store,Ahmedabad,North,2017-03-06
S01284,"David, Wright and Mitchell Store",Hyderabad,West,2017-12-10
S01285,Sanchez Inc Store,Mumbai,West,2017-10-25
S01286,"Davis, Foster and Jarvis Store",Jaipur,Central,2018-02-01
S01287,Lee-Nelson Store,Kolkata,East,2018-04-11
S01288,Gonzales Ltd Store,Bengaluru,West,2016-01-29
S01289,Rodriguez-Wilson Store,Delhi,South,2022-10-26
S01290,Alvarez and Sons Store,Kolkata,East,2017-09-01
S01291,Robinson Group Store,Kolkata,West,2024-04-28
S01292,Schmitt-Peterson Store,Hyderabad,West,2016-04-20
S01293,Herman-Carroll Store,Kolkata,East,2016-05-25
S01294,"Burgess, Vincent and Moreno Store",Kolkata,West,2022-03-26
S01295,"Washington, Johnson and Garcia Store",Chennai,North,2023-02-22
S01296,Simon-Castro Store,Hyderabad,East,2020-10-01
S01297,Simpson Group Store,Ahmedabad,West,2017-05-01
S01298,Newman-Hays Store,Delhi,North,2024-02-16
S01299,"Lopez, Paul and Juarez Store",Mumbai,South,2018-11-14
S01300,Ortiz Group Store,Pune,North,2021-06-18
S01301,Gates-Frederick Store,Delhi,South,2017-09-01
S01302,Cortez-Silva Store,Mumbai,South,2021-11-24
S01303,"Moses, Fletcher and Richards Store",Pune,Central,2017-02-12
S01304,"Wood, West and Mcknight Store",Jaipur,West,2020-04-12
S01305,Wilson-Richardson Store,Jaipur,West,2019-09-24
S01306,Santiago Inc Store,Surat,South,2018-11-11
S01307,Rojas-Velez Store,Kolkata,South,2023-05-27
S01308,Wilson and Sons Store,Kolkata,East,2022-03-30
S01309,Oneal-Todd Store,Delhi,South,2019-03-10
S01310,"Miles, Rivera and Landry Store",Ahmedabad,South,2021-11-02
S01311,Boone LLC Store,Ahmedabad,West,2019-08-03
S01312,Campbell-Brewer Store,Mumbai,South,2022-11-08
S01313,"Henderson, Hunter and Pruitt Store",Bengaluru,North,2022-07-10
S01314,Vasquez-Gordon Store,Surat,North,2022-12-24
S01315,"Roberts, Moore and Cervantes Store",Mumbai,South,2016-12-31
S01316,Thomas PLC Store,Hyderabad,North,2023-12-02
S01317,Reed-Simpson Store,Jaipur,Central,2019-09-09
S01318,"Flores, Jacobs and Rodriguez Store",Pune,North,2022-08-06
S01319,Lewis Ltd Store,Kolkata,West,2023-11-09
S01320,Dyer PLC Store,Mumbai,Central,2017-01-29
S01321,Newton-Mckay Store,Jaipur,South,2016-06-30
S01322,White and Sons Store,Chennai,North,2024-10-22
S01323,Williams-Salinas Store,Mumbai,West,2018-08-27
S01324,"Dennis, Davis and Simmons Store",Mumbai,East,2025-06-26
S01325,Henry-Riddle Store,Kolkata,North,2015-12-20
S01326,"Murphy, Smith and Jensen Store",Bengaluru,East,2025-10-02
S01327,Ramsey PLC Store,Kolkata,East,2017-03-26
S01328,"Torres, Smith and Chapman Store",Jaipur,West,2017-06-24
S01329,Jacobson PLC Store,Jaipur,East,2016-05-11
S01330,Ward and Sons Store,Surat,West,2024-01-13
S01331,Petersen-Martin Store,Bengaluru,South,2016-06-06
S01332,Thomas Ltd Store,Delhi,West,2022-09-09
S01333,Thompson Ltd Store,Mumbai,East,2022-02-08
S01334,Sanchez Ltd Store,Bengaluru,Central,2019-04-15
S01335,"Gonzales, Sosa and Manning Store",Delhi,East,2021-06-04
S01336,"Jones, Webster and Greene Store",Pune,Central,2025-04-01
S01337,Wilkinson Ltd Store,Hyderabad,West,2023-06-10
S01338,Wallace-Hernandez Store,Hyderabad,South,2023-11-30
S01339,Jackson Inc Store,Bengaluru,East,2023-08-11
S01340,"Duncan, Duncan and Harris Store",Chennai,Central,2017-01-31
S01341,"Norton, Guerrero and Rivas Store",Kolkata,Central,2016-09-23
S01342,Roberts LLC Store,Pune,West,2020-09-21
S01343,Jones Inc Store,Pune,Central,2023-11-04
S01344,West Group Store,Jaipur,North,2020-09-11
S01345,"Lamb, Frost and Contreras Store",Chennai,West,2019-08-10
S01346,Hatfield-Brewer Store,Surat,South,2024-10-17
S01347,Martin Ltd Store,Delhi,East,2024-02-01
S01348,"Ortiz, Chan and Lin Store",Kolkata,West,2025-11-09
S01349,"Butler, Cooper and Richardson Store",Pune,South,2021-07-27
S01350,"Caldwell, Ward and White Store",Pune,East,2017-04-17
S01351,Morgan and Sons Store,Pune,East,2024-01-13
S01352,Calderon LLC Store,Hyderabad,East,2019-11-03
S01353,Wade-Oneal Store,Mumbai,North,2025-10-23
S01354,Perez-Nguyen Store,Pune,East,2017-01-31
S01355,Ramirez Group Store,Chennai,Central,2020-12-04
S01356,"Spears, Henderson and Hudson Store",Jaipur,West,2025-11-15
S01357,Stevens Ltd Store,Surat,North,2024-03-22
S01358,Lee-Holmes Store,Chennai,Central,2018-08-29
S01359,Lynch and Sons Store,Ahmedabad,North,2021-12-20
S01360,"Kim, Walls and Gonzales Store",Delhi,Central,2024-06-10
S01361,Rose LLC Store,Mumbai,South,2024-05-20
S01362,Mahoney-Reyes Store,Pune,West,2016-08-28
S01363,"Anderson, Sharp and Blair Store",Delhi,North,2017-01-03
S01364,"Torres, Le and Crosby Store",Ahmedabad,East,2025-11-08
S01365,"Kelley, Vincent and Price Store",Ahmedabad,West,2017-03-03
S01366,Miller-Stein Store,Ahmedabad,North,2018-09-26
S01367,"Terrell, Baird and Aguilar Store",Jaipur,South,2024-01-18
S01368,"Williams, Martinez and Garcia Store",Kolkata,North,2023-01-24
S01369,"Vazquez, Watson and Bell Store",Kolkata,East,2022-05-28
S01370,Collins LLC Store,Surat,South,2024-01-08
S01371,"Andersen, Simmons and Bean Store",Bengaluru,East,2023-09-13
S01372,"Reed, Forbes and Frazier Store",Surat,East,2016-07-23
S01373,"Turner, Salazar and Moss Store",Chennai,North,2018-12-07
S01374,Williams-Weaver Store,Jaipur,Central,2024-11-21
S01375,Green-Griffin Store,Pune,North,2019-10-07
S01376,Allison Inc Store,Kolkata,West,2017-10-16
S01377,"Williams, Rosario and Cox Store",Kolkata,North,2022-03-05
S01378,Vazquez PLC Store,Chennai,North,2022-11-22
S01379,Miller PLC Store,Pune,Central,2019-09-01
S01380,Avila-Perry Store,Delhi,East,2025-05-14
S01381,Davis LLC Store,Pune,South,2019-01-11
S01382,"Taylor, Marquez and Valenzuela Store",Hyderabad,South,2017-01-15
S01383,Hall-Bentley Store,Chennai,North,2024-05-15
S01384,Hernandez-Meyers Store,Jaipur,South,2022-03-23
S01385,Kim and Sons Store,Ahmedabad,North,2023-03-22
S01386,"Smith, Bowers and Thompson Store",Bengaluru,North,2022-03-22
S01387,Hill-Stone Store,Pune,East,2018-10-13
S01388,Kirk-Harris Store,Delhi,West,2023-10-24
S01389,Arias-Dawson Store,Kolkata,West,2018-04-30
S01390,Howard-Holloway Store,Delhi,West,2019-12-23
S01391,Cochran-Ortiz Store,Pune,East,2020-01-01
S01392,"Wood, Perry and Cummings Store",Delhi,Central,2021-04-17
S01393,"Torres, Castillo and Park Store",Jaipur,West,2019-09-14
S01394,"Morris, Harris and Callahan Store",Kolkata,North,2017-11-28
S01395,"Burton, Avery and Jones Store",Pune,North,2016-12-02
S01396,Smith-Lopez Store,Surat,Central,2020-06-17
S01397,Johnson-Wright Store,Delhi,West,2019-05-15
S01398,Byrd LLC Store,Delhi,East,2019-06-30
S01399,Miranda Ltd Store,Hyderabad,West,2024-09-27
S01400,Adams LLC Store,Surat,East,2017-07-27
S01401,"Bradley, Brown and Washington Store",Mumbai,North,2021-05-06
S01402,Knox Inc Store,Bengaluru,North,2019-09-06
S01403,Murray-Ryan Store,Delhi,East,2025-09-06
S01404,Adkins-Duncan Store,Delhi,South,2023-07-30
S01405,Christensen-Richardson Store,Bengaluru,East,2019-06-01
S01406,Frank and Sons Store,Delhi,South,2019-09-07
S01407,Fuller-Pearson Store,Hyderabad,South,2019-07-14
S01408,"Roberts, Brown and Carter Store",Jaipur,North,2024-03-13
S01409,Rodriguez PLC Store,Kolkata,East,2022-06-21
S01410,"Glass, Flores and Duncan Store",Mumbai,East,2023-06-15
S01411,Dominguez Inc Store,Chennai,North,2016-09-16
S01412,Hernandez-Garcia Store,Bengaluru,Central,2017-12-16
S01413,Clark Inc Store,Chennai,South,2024-07-21
S01414,Torres Inc Store,Kolkata,Central,2021-06-05
S01415,Hinton-Jones Store,Hyderabad,Central,2018-09-24
S01416,Reed-Bell Store,Delhi,North,2021-04-05
S01417,"Moses, Hall and Shannon Store",Pune,South,2020-12-04
S01418,Christian-Navarro Store,Bengaluru,Central,2021-03-13
S01419,"Howard, Hahn and Walker Store",Mumbai,East,2018-01-21
S01420,"Huff, Sullivan and Leon Store",Chennai,North,2017-05-25
S01421,Petersen LLC Store,Pune,South,2015-12-07
S01422,Hurst and Sons Store,Surat,Central,2020-08-02
S01423,Taylor and Sons Store,Bengaluru,South,2017-03-24
S01424,Lynn-Sullivan Store,Pune,East,2015-12-31
S01425,"Wells, Robles and Salazar Store",Ahmedabad,South,2023-07-14
S01426,Mullins Group Store,Jaipur,Central,2023-04-17
S01427,Garcia-Yang Store,Hyderabad,South,2025-04-11
S01428,Ross-Cook Store,Mumbai,East,2019-07-10
S01429,"Le, Ramsey and Gray Store",Mumbai,Central,2016-03-02
S01430,Walters-Ellis Store,Chennai,East,2021-04-11
S01431,Freeman Group Store,Delhi,East,2020-04-28
S01432,"Mccoy, Edwards and Prince Store",Ahmedabad,West,2022-04-27
S01433,Hawkins-Anderson Store,Bengaluru,Central,2023-06-12
S01434,Ellis and Sons Store,Mumbai,East,2024-06-05
S01435,"Good, Tyler and Reed Store",Delhi,Central,2024-06-29
S01436,Smith Ltd Store,Mumbai,West,2025-10-14
S01437,"Anderson, Edwards and Tate Store",Kolkata,South,2018-06-24
S01438,Gonzalez Inc Store,Hyderabad,Central,2024-04-20
S01439,Adams and Sons Store,Hyderabad,Central,2023-10-03
S01440,Mejia-Nicholson Store,Surat,West,2025-03-27
S01441,Bell-Miller Store,Delhi,West,2024-10-16
S01442,Baker Inc Store,Kolkata,West,2019-12-31
S01443,Anderson and Sons Store,Kolkata,Central,2016-05-28
S01444,Bradshaw-Lowery Store,Pune,West,2017-06-28
S01445,"Roberts, Tanner and Schroeder Store",Hyderabad,North,2025-07-29
S01446,Brennan-Lucero Store,Delhi,Central,2020-12-01
S01447,Jones-Peterson Store,Hyderabad,East,2022-09-18
S01448,Armstrong-Harris Store,Jaipur,Central,2019-10-22
S01449,"Levine, Williams and Franklin Store",Bengaluru,South,2024-05-16
S01450,Williams Ltd Store,Bengaluru,East,2022-02-08
S01451,Becker-Fry Store,Surat,East,2022-09-29
S01452,Thomas-Figueroa Store,Delhi,North,2019-03-23
S01453,Lambert and Sons Store,Kolkata,South,2023-08-07
S01454,Mcdowell-Jones Store,Mumbai,Central,2023-01-09
S01455,Grimes PLC Store,Hyderabad,East,2019-01-28
S01456,Phillips Ltd Store,Ahmedabad,East,2021-08-18
S01457,Merritt PLC Store,Mumbai,East,2017-06-13
S01458,Reynolds-Williams Store,Pune,South,2025-11-12
S01459,Miller and Sons Store,Chennai,West,2020-09-29
S01460,"Richardson, Phelps and Ray Store",Ahmedabad,South,2016-04-10
S01461,Flynn-Becker Store,Pune,Central,2023-12-24
S01462,Garcia and Sons Store,Surat,East,2022-08-16
S01463,"Wilkins, Anderson and Sampson Store",Surat,North,2023-02-09
S01464,"Henry, Lin and Ayers Store",Kolkata,East,2017-05-16
S01465,Hernandez-Sweeney Store,Surat,West,2018-01-17
S01466,Foster LLC Store,Delhi,South,2024-11-03
S01467,"Pierce, Pineda and Patterson Store",Mumbai,North,2017-12-12
S01468,Hanson and Sons Store,Kolkata,West,2025-04-26
S01469,"Gilbert, Woodward and Smith Store",Mumbai,North,2025-06-01
S01470,"Matthews, Thomas and Mullins Store",Jaipur,East,2025-04-08
S01471,"Patel, Myers and Nelson Store",Ahmedabad,East,2017-12-04
S01472,Brady-Martinez Store,Pune,North,2023-03-29
S01473,Reilly Inc Store,Delhi,South,2018-02-10
S01474,Hill-Barnes Store,Pune,Central,2023-09-25
S01475,Scott Ltd Store,Surat,East,2019-07-17
S01476,"West, Ibarra and Hood Store",Ahmedabad,West,2020-04-18
S01477,Mitchell-Zavala Store,Jaipur,North,2019-12-20
S01478,Smith Group Store,Surat,Central,2020-08-25
S01479,Johnson-Griffith Store,Bengaluru,West,2024-08-06
S01480,Barron-Fowler Store,Surat,East,2021-10-13
S01481,"Byrd, Payne and Jones Store",Delhi,East,2021-07-31
S01482,"Gray, Wood and Perry Store",Jaipur,North,2017-11-09
S01483,"Terrell, Shaw and Hutchinson Store",Bengaluru,Central,2017-02-21
S01484,Evans-Johnson Store,Mumbai,North,2017-08-03
S01485,Frederick PLC Store,Mumbai,Central,2019-08-06
S01486,Taylor-Paul Store,Chennai,East,2022-06-08
S01487,"Liu, Perry and Russell Store",Kolkata,South,2018-04-27
S01488,Jackson Ltd Store,Ahmedabad,Central,2025-05-26
S01489,"Sherman, Espinoza and Sullivan Store",Kolkata,East,2021-02-06
S01490,Evans-Lucero Store,Pune,South,2023-08-17
S01491,White LLC Store,Jaipur,West,2020-02-29
S01492,Navarro Inc Store,Bengaluru,South,2017-01-31
S01493,Conway Inc Store,Surat,Central,2016-12-15
S01494,"Cohen, Daniels and Jensen Store",Jaipur,South,2021-08-07
S01495,"Carrillo, Mcdowell and Estrada Store",Mumbai,Central,2016-05-27
S01496,"Campbell, Alexander and Phillips Store",Delhi,South,2016-10-01
S01497,Whitaker Group Store,Hyderabad,Central,2018-07-02
S01498,Green Group Store,Surat,South,2017-12-22
S01499,"Oconnor, Oliver and Harris Store",Ahmedabad,East,2025-02-01
S01500,Green-Carter Store,Bengaluru,West,2018-05-21
S01501,Garcia and Sons Store,Mumbai,West,2017-10-30
S01502,"Morales, Yates and Thompson Store",Pune,South,2020-07-07
S01503,"Henderson, Bean and Black Store",Hyderabad,South,2020-01-26
S01504,Owens Group Store,Pune,Central,2024-12-17
S01505,Smith-Guerra Store,Ahmedabad,East,2019-02-27
S01506,Ali-Walker Store,Jaipur,West,2018-11-29
S01507,Gould-Haney Store,Hyderabad,Central,2025-10-02
S01508,Lopez LLC Store,Ahmedabad,East,2018-12-20
S01509,"Holmes, Andrade and Schultz Store",Surat,North,2022-10-20
S01510,Ramirez Inc Store,Jaipur,East,2023-12-28
S01511,"Singleton, Reilly and Clayton Store",Mumbai,West,2017-11-16
S01512,Cook-Payne Store,Ahmedabad,East,2016-05-07
S01513,Copeland and Sons Store,Chennai,West,2024-10-05
S01514,Patel Inc Store,Delhi,North,2022-08-29
S01515,"Parrish, Taylor and Kelly Store",Surat,North,2021-08-29
S01516,"Elliott, Cervantes and Wong Store",Jaipur,East,2015-11-22
S01517,Beltran Inc Store,Bengaluru,North,2025-04-28
S01518,Kelly Ltd Store,Hyderabad,North,2022-04-12
S01519,Torres Inc Store,Chennai,North,2016-09-13
S01520,Gardner-Jones Store,Chennai,East,2022-01-25
S01521,Graham Group Store,Hyderabad,North,2025-11-05
S01522,"Miller, Murphy and Robinson Store",Ahmedabad,North,2020-06-26
S01523,Anthony Group Store,Hyderabad,South,2020-07-29
S01524,Smith PLC Store,Bengaluru,Central,2020-03-26
S01525,Cole-Quinn Store,Ahmedabad,Central,2022-11-14
S01526,Perez Group Store,Bengaluru,North,2020-01-06
S01527,"Brown, Daniels and Holland Store",Ahmedabad,Central,2017-03-15
S01528,Carroll Group Store,Pune,Central,2022-01-28
S01529,Davidson-Garcia Store,Bengaluru,East,2018-12-27
S01530,Porter Inc Store,Surat,East,2016-02-09
S01531,Archer-Swanson Store,Surat,North,2016-02-05
S01532,"Lamb, Barnett and Peterson Store",Ahmedabad,East,2022-08-06
S01533,Nguyen-Hernandez Store,Delhi,North,2018-02-25
S01534,"Gutierrez, Sanchez and Wilson Store",Ahmedabad,Central,2016-07-27
S01535,Kennedy and Sons Store,Pune,Central,2021-09-22
S01536,Perez-Horton Store,Surat,East,2021-03-20
S01537,King LLC Store,Bengaluru,East,2025-04-21
S01538,"Sellers, Bailey and Ball Store",Delhi,South,2025-06-30
S01539,Gomez PLC Store,Jaipur,South,2020-05-18
S01540,Love-Villegas Store,Kolkata,West,2017-05-12
S01541,Martinez-Adams Store,Ahmedabad,Central,2021-11-20
S01542,Jackson Inc Store,Surat,West,2022-01-13
S01543,Ingram-Lopez Store,Bengaluru,South,2018-02-17
S01544,Peterson Inc Store,Bengaluru,Central,2024-09-01
S01545,"Young, Yoder and Hunt Store",Jaipur,East,2018-12-23
S01546,"Lewis, Walker and Tran Store",Bengaluru,West,2025-04-24
S01547,Jones Inc Store,Bengaluru,South,2022-11-17
S01548,Collier Group Store,Jaipur,West,2016-11-09
S01549,"Miller, Hawkins and Roberts Store",Hyderabad,East,2021-01-18
S01550,"Phillips, Johnson and Cohen Store",Kolkata,South,2017-08-26
S01551,Gross Group Store,Pune,Central,2018-10-09
S01552,"Harrison, Nielsen and Johnson Store",Hyderabad,East,2016-10-25
S01553,Perez-Hanson Store,Mumbai,Central,2022-09-16
S01554,Cooper-Edwards Store,Bengaluru,West,2023-04-03
S01555,Russell Ltd Store,Surat,Central,2023-01-08
S01556,"Garza, Chavez and Jones Store",Pune,West,2024-08-09
S01557,Schmidt and Sons Store,Ahmedabad,Central,2022-06-01
S01558,Thomas Ltd Store,Jaipur,East,2016-09-27
S01559,Foster-Tucker Store,Hyderabad,North,2025-10-22
S01560,"Cook, Vincent and Rivas Store",Jaipur,South,2023-06-11
S01561,"Smith, Nunez and Glover Store",Delhi,West,2017-04-20
S01562,Boone LLC Store,Delhi,South,2017-04-01
S01563,"Smith, Abbott and Allen Store",Ahmedabad,North,2019-04-22
S01564,Cruz-Flores Store,Kolkata,South,2023-07-04
S01565,"Gonzalez, Jones and Parker Store",Surat,South,2019-11-02
S01566,Benitez-Stone Store,Bengaluru,Central,2025-02-14
S01567,Morrison Inc Store,Chennai,East,2017-04-03
S01568,"Conrad, Davila and Stewart Store",Delhi,North,2024-04-06
S01569,Stevens-Lynch Store,Mumbai,Central,2022-08-20
S01570,"Stuart, Dunn and Henry Store",Jaipur,Central,2019-11-18
S01571,"Clark, Hensley and Terry Store",Ahmedabad,North,2023-12-20
S01572,"King, Wilson and Hickman Store",Chennai,Central,2024-02-06
S01573,"Cochran, Bryant and Collins Store",Jaipur,South,2018-12-11
S01574,Martinez Ltd Store,Surat,West,2017-11-26
S01575,"Frank, Wilson and Flynn Store",Delhi,West,2019-05-11
S01576,"Ross, Rogers and Cameron Store",Chennai,South,2022-02-18
S01577,Harris Ltd Store,Chennai,South,2019-04-28
S01578,Wilson and Sons Store,Mumbai,Central,2020-02-03
S01579,Cruz Inc Store,Kolkata,West,2015-12-17
S01580,Martin-French Store,Jaipur,North,2023-02-23
S01581,Rodgers PLC Store,Pune,Central,2023-08-08
S01582,Rivera LLC Store,Pune,North,2022-02-10
S01583,Walker-Martin Store,Chennai,Central,2016-10-18
S01584,West PLC Store,Mumbai,North,2022-03-11
S01585,"Jones, Marquez and Russell Store",Chennai,West,2023-07-12
S01586,Clay LLC Store,Mumbai,Central,2022-12-18
S01587,"Lin, Rush and Fowler Store",Surat,East,2017-12-23
S01588,Hayes-Richards Store,Pune,North,2025-09-29
S01589,Lee-Hall Store,Surat,Central,2019-08-27
S01590,Brady-Waters Store,Surat,East,2020-09-27
S01591,"Wilson, Patterson and Palmer Store",Pune,West,2023-09-05
S01592,Wood Inc Store,Pune,East,2017-02-22
S01593,Martinez-Burnett Store,Chennai,South,2021-05-27
S01594,Henry and Sons Store,Hyderabad,South,2016-05-15
S01595,Castro Inc Store,Delhi,North,2022-03-30
S01596,Eaton-May Store,Mumbai,North,2024-01-02
S01597,Mclaughlin-Ray Store,Pune,East,2016-09-20
S01598,Singh Group Store,Ahmedabad,Central,2018-02-24
S01599,Larson-Salazar Store,Chennai,Central,2025-11-09
S01600,"Williams, Chavez and Davis Store",Pune,East,2019-02-10
S01601,Dixon-Thomas Store,Ahmedabad,Central,2023-07-02
S01602,Jensen-May Store,Ahmedabad,West,2025-09-09
S01603,Wong-Pham Store,Pune,West,2017-04-08
S01604,Griffin PLC Store,Chennai,East,2025-10-09
S01605,"Perry, Thomas and Bowen Store",Mumbai,North,2020-07-18
S01606,Rodriguez-Flores Store,Bengaluru,South,2017-12-01
S01607,Burns-Salazar Store,Kolkata,Central,2022-06-01
S01608,"Myers, Rodriguez and Mosley Store",Mumbai,South,2021-03-15
S01609,"Lloyd, Lane and Robinson Store",Delhi,West,2020-03-09
S01610,Aguilar Inc Store,Delhi,East,2024-07-05
S01611,Smith-Frey Store,Delhi,North,2022-03-31
S01612,"Morris, Hernandez and Clark Store",Jaipur,West,2021-08-04
S01613,Santos-Brown Store,Mumbai,North,2023-07-31
S01614,Moore-Trevino Store,Surat,South,2016-08-28
S01615,"Arnold, Rich and Mendoza Store",Chennai,East,2021-02-15
S01616,Johnson-Saunders Store,Delhi,Central,2016-03-27
S01617,Dyer Ltd Store,Bengaluru,Central,2025-09-14
S01618,Garza-Moody Store,Hyderabad,South,2016-04-21
S01619,"Flores, Ayala and Morales Store",Chennai,East,2019-03-29
S01620,Simmons-Gordon Store,Chennai,East,2021-08-17
S01621,Smith LLC Store,Hyderabad,North,2018-04-11
S01622,Washington-Garner Store,Kolkata,North,2016-02-07
S01623,Lee PLC Store,Pune,North,2019-04-06
S01624,"Smith, Kennedy and Parker Store",Jaipur,East,2019-05-14
S01625,Woods Inc Store,Kolkata,Central,2020-02-15
S01626,Hopkins-Wilson Store,Ahmedabad,Central,2017-02-17
S01627,Bentley-Keller Store,Delhi,North,2019-10-31
S01628,"Lang, Quinn and Cain Store",Surat,East,2019-07-13
S01629,Shepherd-Hernandez Store,Bengaluru,West,2023-07-18
S01630,Huber-Hall Store,Chennai,West,2025-06-21
S01631,"Townsend, Stone and Nelson Store",Pune,North,2023-02-11
S01632,Allison-Murray Store,Surat,East,2024-10-15
S01633,"Jones, Chen and Barrera Store",Mumbai,West,2021-06-03
S01634,Simmons and Sons Store,Surat,Central,2022-03-15
S01635,Torres-Fox Store,Surat,North,2018-12-31
S01636,Lawrence LLC Store,Bengaluru,North,2023-02-07
S01637,Bell-Stewart Store,Chennai,Central,2017-10-13
S01638,"Mcdonald, Edwards and Schmidt Store",Kolkata,Central,2020-10-11
S01639,"Barnett, Roberts and Welch Store",Kolkata,South,2016-09-19
S01640,Smith-Navarro Store,Hyderabad,East,2021-06-11
S01641,Rivera Inc Store,Jaipur,West,2021-07-21
S01642,Sanchez PLC Store,Kolkata,East,2022-12-26
S01643,Savage PLC Store,Jaipur,East,2016-11-09
S01644,Perry-Dickerson Store,Mumbai,East,2021-11-19
S01645,Johnson-Williams Store,Kolkata,North,2019-08-13
S01646,Sanchez Ltd Store,Kolkata,North,2020-02-23
S01647,Maldonado Inc Store,Chennai,North,2018-01-29
S01648,"Walker, Thomas and Wood Store",Ahmedabad,West,2019-12-21
S01649,"Mclean, Wagner and Rivera Store",Delhi,West,2016-03-27
S01650,"Jennings, Chung and Sullivan Store",Pune,West,2017-03-11
S01651,Krause-Farmer Store,Mumbai,Central,2021-09-23
S01652,"Neal, Dominguez and Short Store",Surat,West,2019-01-29
S01653,"Pearson, Thomas and Bell Store",Ahmedabad,North,2022-10-05
S01654,"Delacruz, Glass and Robertson Store",Jaipur,Central,2022-02-25
S01655,Cruz LLC Store,Bengaluru,West,2022-11-11
S01656,Douglas-Mora Store,Chennai,North,2024-02-01
S01657,"Salas, Campbell and Mata Store",Kolkata,Central,2017-03-21
S01658,Bradley PLC Store,Jaipur,South,2020-06-09
S01659,Coleman and Sons Store,Ahmedabad,East,2024-02-24
S01660,"Lloyd, Campbell and Adams Store",Chennai,South,2016-10-31
S01661,"Ryan, Jones and Conner Store",Bengaluru,Central,2021-11-25
S01662,Wilcox PLC Store,Hyderabad,West,2024-07-22
S01663,Avila-Patterson Store,Kolkata,South,2021-11-10
S01664,"Moses, Hall and Ball Store",Mumbai,North,2024-09-02
S01665,Schwartz Inc Store,Delhi,South,2025-02-26
S01666,"Taylor, Marshall and Knox Store",Pune,East,2022-06-07
S01667,"Lynch, Garcia and Rodriguez Store",Hyderabad,Central,2024-03-08
S01668,"Dawson, Harris and Ross Store",Bengaluru,South,2019-05-01
S01669,"Roy, Roberts and Gallegos Store",Surat,West,2021-02-04
S01670,"Lee, Mcdaniel and Robinson Store",Chennai,North,2020-11-12
S01671,Cooper-Osborne Store,Pune,West,2018-07-20
S01672,"Diaz, Fowler and Horne Store",Jaipur,Central,2016-03-21
S01673,Henry PLC Store,Surat,East,2017-11-05
S01674,"Poole, Hoffman and Edwards Store",Delhi,West,2025-09-18
S01675,"Jones, Shelton and Jenkins Store",Pune,West,2019-03-05
S01676,Cook Inc Store,Chennai,South,2024-02-13
S01677,Thornton PLC Store,Bengaluru,West,2025-07-28
S01678,Hooper Group Store,Hyderabad,South,2022-11-16
S01679,Graham-Robinson Store,Mumbai,East,2018-05-20
S01680,Drake and Sons Store,Surat,North,2016-07-04
S01681,Williams-Calhoun Store,Surat,West,2016-02-09
S01682,"Huff, Singleton and Salazar Store",Bengaluru,Central,2016-06-18
S01683,Chambers LLC Store,Surat,East,2018-05-11
S01684,"Jones, Manning and Robinson Store",Surat,Central,2020-05-17
S01685,Fernandez Inc Store,Pune,East,2023-01-06
S01686,Love LLC Store,Mumbai,Central,2017-04-14
S01687,Lowe Ltd Store,Jaipur,East,2016-07-29
S01688,Hamilton LLC Store,Ahmedabad,East,2022-11-30
S01689,Shaw PLC Store,Delhi,South,2023-06-22
S01690,Gibson-Morris Store,Jaipur,South,2024-01-08
S01691,Madden Group Store,Delhi,North,2024-10-28
S01692,"Anderson, Cochran and Nelson Store",Mumbai,East,2024-04-18
S01693,Gonzalez-Rhodes Store,Ahmedabad,East,2017-01-23
S01694,Powers Ltd Store,Jaipur,Central,2021-02-07
S01695,Nielsen Inc Store,Jaipur,South,2019-07-04
S01696,Byrd-Sloan Store,Surat,West,2016-01-31
S01697,Rodriguez Inc Store,Bengaluru,Central,2016-03-24
S01698,Gomez-Robinson Store,Pune,East,2016-07-06
S01699,"Li, Kelley and White Store",Ahmedabad,Central,2016-09-02
S01700,Ramirez-Turner Store,Mumbai,North,2018-07-02
S01701,Freeman-Castro Store,Bengaluru,East,2016-05-28
S01702,Brennan-Salazar Store,Ahmedabad,West,2015-12-25
S01703,"Jones, Black and Martin Store",Kolkata,North,2016-07-24
S01704,Williams Inc Store,Delhi,East,2024-05-09
S01705,"Mueller, Wood and Collins Store",Bengaluru,West,2025-11-17
S01706,Martin Inc Store,Delhi,North,2016-05-14
S01707,Powell-Smith Store,Mumbai,South,2021-05-25
S01708,"Stanley, Mendez and Smith Store",Hyderabad,South,2016-11-17
S01709,Davis-Morris Store,Kolkata,South,2025-04-07
S01710,Rowe-Campbell Store,Delhi,South,2016-12-10
S01711,Hall-Oliver Store,Mumbai,East,2022-11-03
S01712,Petersen Inc Store,Hyderabad,Central,2019-07-20
S01713,Hernandez Ltd Store,Delhi,West,2018-01-21
S01714,Wright-Lindsey Store,Ahmedabad,North,2017-04-02
S01715,"Reynolds, Ruiz and Larson Store",Jaipur,North,2019-04-18
S01716,Mathews Inc Store,Bengaluru,East,2018-07-20
S01717,"Brown, Warner and Schultz Store",Kolkata,North,2016-05-05
S01718,Rubio LLC Store,Surat,South,2017-05-10
S01719,"Thompson, Greer and Williams Store",Ahmedabad,South,2017-05-24
S01720,"Best, Davenport and Lee Store",Kolkata,Central,2017-07-02
S01721,Lee PLC Store,Delhi,Central,2019-03-13
S01722,Ryan Inc Store,Surat,East,2023-10-25
S01723,Snow Group Store,Mumbai,North,2017-08-09
S01724,Allen-Rose Store,Mumbai,South,2020-06-04
S01725,"Walker, Hernandez and Jones Store",Surat,East,2024-07-04
S01726,Harvey Group Store,Mumbai,North,2022-04-19
S01727,Fisher-Manning Store,Jaipur,East,2020-09-15
S01728,Thompson-Evans Store,Chennai,East,2024-01-16
S01729,Liu Group Store,Chennai,West,2016-10-29
S01730,"Harris, Morales and Acosta Store",Delhi,East,2024-09-20
S01731,"Moreno, Bailey and Robbins Store",Delhi,North,2023-12-13
S01732,"White, Lucas and Lucas Store",Jaipur,West,2022-11-23
S01733,Tapia-Mendez Store,Pune,Central,2017-05-09
S01734,"Mcdowell, Mills and Hatfield Store",Jaipur,South,2022-06-11
S01735,"Anderson, Pham and Terry Store",Delhi,Central,2022-03-20
S01736,Taylor-Williams Store,Bengaluru,East,2020-08-26
S01737,Villanueva-Castillo Store,Pune,West,2016-05-10
S01738,Hill-Jones Store,Pune,North,2024-09-10
S01739,Gomez PLC Store,Delhi,North,2024-02-05
S01740,Taylor-Stanton Store,Jaipur,West,2025-08-23
S01741,"Collins, Pruitt and Wilson Store",Chennai,North,2016-11-21
S01742,Smith-Moore Store,Pune,Central,2020-07-22
S01743,Evans Inc Store,Chennai,East,2024-08-17
S01744,Gardner-Johnson Store,Jaipur,West,2020-06-28
S01745,Clay Inc Store,Kolkata,West,2019-06-17
S01746,Francis-Montes Store,Chennai,Central,2022-07-26
S01747,"Gomez, Krause and Flynn Store",Jaipur,North,2023-11-08
S01748,Rodriguez-Bonilla Store,Ahmedabad,North,2025-03-09
S01749,Young PLC Store,Mumbai,North,2023-06-08
S01750,"Graham, Mcdaniel and Morales Store",Jaipur,South,2025-11-02
S01751,Hopkins and Sons Store,Pune,Central,2017-10-07
S01752,"Harris, Howe and Good Store",Hyderabad,North,2023-10-02
S01753,"Chase, Bailey and Bailey Store",Chennai,West,2017-09-08
S01754,Garcia-Chambers Store,Delhi,Central,2023-05-15
S01755,Myers Inc Store,Bengaluru,East,2019-01-28
S01756,Anderson LLC Store,Surat,South,2025-10-18
S01757,"Allen, Nguyen and Ortiz Store",Ahmedabad,South,2017-05-23
S01758,Park Ltd Store,Hyderabad,West,2024-04-22
S01759,"Hendricks, Hansen and Ross Store",Delhi,East,2018-04-14
S01760,"Hahn, Hayes and Wagner Store",Mumbai,East,2016-04-18
S01761,Perry-Mcdonald Store,Delhi,West,2024-09-10
S01762,Myers-Oconnell Store,Delhi,North,2016-08-18
S01763,"Murray, Snyder and Smith Store",Ahmedabad,South,2020-12-27
S01764,Wilkerson-Torres Store,Hyderabad,Central,2025-10-06
S01765,White and Sons Store,Chennai,North,2021-10-23
S01766,Santiago-Romero Store,Ahmedabad,Central,2023-05-13
S01767,Castillo PLC Store,Ahmedabad,North,2018-05-23
S01768,Cunningham-Dodson Store,Ahmedabad,Central,2024-12-31
S01769,Davila Inc Store,Kolkata,West,2018-08-14
S01770,Luna Inc Store,Bengaluru,North,2020-09-09
S01771,Sullivan Ltd Store,Chennai,South,2016-09-26
S01772,"Miller, Aguilar and Riley Store",Kolkata,North,2021-01-09
S01773,Vaughn Inc Store,Bengaluru,South,2024-10-01
S01774,"Klein, Sanchez and Whitaker Store",Ahmedabad,West,2021-02-20
S01775,Mitchell Group Store,Jaipur,West,2022-03-03
S01776,Hudson-Carr Store,Pune,North,2021-07-05
S01777,Hayes-Brown Store,Bengaluru,West,2021-03-26
S01778,"Parker, Barnes and Simmons Store",Chennai,East,2020-11-30
S01779,Tucker-Anderson Store,Delhi,South,2019-10-17
S01780,Rice Ltd Store,Mumbai,Central,2021-11-12
S01781,Martin Group Store,Delhi,Central,2023-02-26
S01782,Cox Inc Store,Kolkata,North,2017-06-16
S01783,"Smith, Castro and Daniels Store",Kolkata,North,2017-02-24
S01784,Mosley-Mcmahon Store,Chennai,North,2025-03-03
S01785,Brown LLC Store,Hyderabad,Central,2022-06-24
S01786,Gonzalez-Harvey Store,Mumbai,East,2015-12-11
S01787,Jenkins Group Store,Delhi,East,2024-10-13
S01788,Nguyen-Miller Store,Chennai,Central,2021-06-28
S01789,"Shelton, Riley and Walton Store",Surat,South,2021-04-10
S01790,Roberts-Flores Store,Surat,East,2024-02-15
S01791,Miller-Brown Store,Chennai,North,2018-11-13
S01792,Galvan-Long Store,Hyderabad,South,2021-09-04
S01793,Torres Group Store,Chennai,West,2017-10-16
S01794,Flynn-Juarez Store,Delhi,West,2018-04-15
S01795,Foley LLC Store,Jaipur,North,2021-08-01
S01796,Wise PLC Store,Jaipur,North,2024-02-19
S01797,Lewis Ltd Store,Mumbai,West,2024-04-22
S01798,"Prince, Cummings and Mcbride Store",Kolkata,East,2025-09-14
S01799,Conner and Sons Store,Kolkata,North,2025-06-17
S01800,Evans-Rivera Store,Hyderabad,West,2018-06-25
S01801,Pineda Ltd Store,Hyderabad,North,2020-07-12
S01802,Stokes-Freeman Store,Surat,Central,2025-08-04
S01803,Simpson Inc Store,Mumbai,South,2025-06-03
S01804,"Reed, Riddle and Morales Store",Pune,West,2022-06-15
S01805,Lewis LLC Store,Mumbai,West,2018-03-12
S01806,Santiago-Fitzgerald Store,Hyderabad,East,2021-02-16
S01807,"Wagner, Sullivan and Horne Store",Delhi,East,2023-11-05
S01808,"Gonzales, Benjamin and Santiago Store",Delhi,East,2022-08-18
S01809,Jensen-Scott Store,Pune,North,2023-10-07
S01810,Joseph-Hunt Store,Pune,East,2020-08-14
S01811,Mitchell Group Store,Jaipur,South,2021-04-01
S01812,Pruitt Inc Store,Ahmedabad,South,2025-10-10
S01813,Hill LLC Store,Jaipur,North,2023-03-22
S01814,Maxwell Group Store,Bengaluru,South,2024-09-17
S01815,Anderson-Huber Store,Pune,South,2016-09-22
S01816,Morales-Lozano Store,Bengaluru,North,2021-06-20
S01817,"Larson, Schwartz and Hernandez Store",Bengaluru,South,2022-01-05
S01818,"Bryant, Myers and Davis Store",Bengaluru,West,2017-07-09
S01819,Butler and Sons Store,Pune,West,2025-07-22
S01820,"Porter, Gay and Reed Store",Surat,East,2018-02-06
S01821,Gordon Inc Store,Delhi,South,2019-04-24
S01822,Gregory LLC Store,Bengaluru,North,2024-04-12
S01823,Arnold-Powell Store,Mumbai,South,2021-01-31
S01824,Lopez Ltd Store,Kolkata,East,2018-11-24
S01825,Parker-Saunders Store,Pune,Central,2023-10-25
S01826,Edwards-Bradley Store,Mumbai,West,2025-01-29
S01827,"Martin, Lane and Wilson Store",Kolkata,North,2016-07-24
S01828,Thomas-Boyd Store,Pune,West,2019-06-23
S01829,Rodriguez-Johnson Store,Jaipur,East,2020-06-12
S01830,Turner PLC Store,Bengaluru,West,2021-06-14
S01831,Luna-Little Store,Delhi,West,2018-11-11
S01832,Moore-Figueroa Store,Pune,East,2022-08-11
S01833,Ramirez-Martin Store,Mumbai,North,2024-12-13
S01834,Kelley-Lester Store,Surat,South,2022-08-23
S01835,Smith-Mckee Store,Mumbai,Central,2020-04-08
S01836,"Sullivan, Holland and Moore Store",Delhi,East,2023-03-25
S01837,"Gentry, Jones and Long Store",Chennai,East,2021-11-22
S01838,"Middleton, Smith and Cole Store",Bengaluru,North,2023-04-26
S01839,Welch-Barajas Store,Bengaluru,West,2016-10-20
S01840,Cabrera-Ward Store,Chennai,East,2023-02-05
S01841,"Cabrera, Clark and Espinoza Store",Ahmedabad,East,2018-04-17
S01842,Jackson-Gomez Store,Kolkata,North,2017-02-17
S01843,Lambert-Rasmussen Store,Kolkata,West,2022-06-06
S01844,Thomas Inc Store,Surat,South,2017-07-13
S01845,Ortiz-Reid Store,Pune,North,2020-06-24
S01846,Murphy-Williamson Store,Surat,East,2023-02-28
S01847,Fisher and Sons Store,Pune,West,2018-06-05
S01848,King and Sons Store,Kolkata,West,2017-08-08
S01849,Jennings and Sons Store,Ahmedabad,East,2016-12-11
S01850,Morrison-Williams Store,Chennai,South,2025-11-13
S01851,Gaines-Farley Store,Jaipur,West,2016-10-05
S01852,Sanders-Moore Store,Kolkata,East,2024-07-23
S01853,Sutton-Garcia Store,Surat,Central,2017-06-09
S01854,Kaiser PLC Store,Hyderabad,South,2016-01-08
S01855,Moore-Burke Store,Delhi,East,2017-12-16
S01856,Cowan-Parks Store,Hyderabad,West,2020-12-20
S01857,Mason-Carter Store,Bengaluru,Central,2021-02-14
S01858,Vazquez PLC Store,Delhi,North,2018-09-04
S01859,Pearson-Bailey Store,Pune,Central,2019-03-18
S01860,Taylor-Ramos Store,Surat,East,2022-03-05
S01861,Richardson and Sons Store,Delhi,West,2017-09-14
S01862,Gray-Taylor Store,Ahmedabad,Central,2022-04-09
S01863,Phelps PLC Store,Mumbai,North,2023-05-24
S01864,Evans Inc Store,Bengaluru,South,2017-10-21
S01865,"Roth, Sanford and Owens Store",Kolkata,North,2021-05-16
S01866,Reeves Inc Store,Ahmedabad,West,2025-09-06
S01867,Jensen LLC Store,Hyderabad,North,2019-02-20
S01868,"Cox, Flores and Douglas Store",Surat,South,2024-12-08
S01869,Bauer LLC Store,Jaipur,North,2016-07-22
S01870,Wilson-Hale Store,Chennai,Central,2025-03-10
S01871,Santana-Allen Store,Pune,South,2022-06-21
S01872,"Chang, Roberts and Miller Store",Jaipur,North,2017-05-30
S01873,Potter Group Store,Surat,West,2020-04-14
S01874,"Torres, Martin and Evans Store",Kolkata,North,2021-04-06
S01875,Wilson LLC Store,Mumbai,North,2019-12-26
S01876,Lewis-Preston Store,Bengaluru,West,2025-09-12
S01877,"Ruiz, Jones and Johnson Store",Jaipur,South,2022-02-15
S01878,Martin LLC Store,Bengaluru,West,2025-07-06
S01879,Ramirez-Small Store,Pune,South,2024-03-23
S01880,"Escobar, Turner and Braun Store",Jaipur,Central,2025-06-16
S01881,Miller PLC Store,Ahmedabad,North,2018-11-25
S01882,Montgomery Inc Store,Chennai,Central,2019-03-29
S01883,King and Sons Store,Kolkata,West,2020-10-25
S01884,Herrera Ltd Store,Surat,North,2020-09-19
S01885,"Gonzalez, Garcia and Schultz Store",Bengaluru,East,2022-06-04
S01886,"Smith, Jackson and Smith Store",Hyderabad,Central,2020-03-16
S01887,Brown-Harmon Store,Surat,East,2017-07-11
S01888,"Rogers, Baker and Love Store",Delhi,North,2025-06-21
S01889,"King, Calderon and Meza Store",Delhi,West,2017-09-21
S01890,"Ward, Warner and Rios Store",Hyderabad,South,2018-04-30
S01891,Lucero-Jimenez Store,Ahmedabad,Central,2025-06-24
S01892,"Moss, Sanchez and Sanders Store",Jaipur,Central,2024-06-23
S01893,"Davis, Brown and Sparks Store",Hyderabad,West,2025-07-02
S01894,Russell-Hampton Store,Delhi,North,2019-12-17
S01895,"Gonzales, Haynes and Dorsey Store",Kolkata,North,2021-05-10
S01896,Rubio Group Store,Surat,North,2016-05-25
S01897,Bailey-Smith Store,Mumbai,East,2016-10-11
S01898,"Jones, Haley and Jones Store",Hyderabad,Central,2020-03-31
S01899,"Smith, Green and Sanchez Store",Chennai,West,2019-07-10
S01900,"Baker, Ramirez and Bush Store",Mumbai,Central,2025-05-11
S01901,"Williams, Pearson and Garrison Store",Surat,East,2024-02-10
S01902,"Hicks, Perry and Hernandez Store",Hyderabad,Central,2022-08-11
S01903,Hansen-Sellers Store,Pune,Central,2025-06-25
S01904,Johnson-Garcia Store,Hyderabad,North,2019-11-01
S01905,Daniel-Greene Store,Kolkata,West,2015-12-28
S01906,Craig-Jimenez Store,Pune,North,2023-07-26
S01907,Fields Group Store,Chennai,North,2019-06-04
S01908,Kerr Ltd Store,Bengaluru,Central,2016-10-23
S01909,Lopez Inc Store,Mumbai,North,2019-11-26
S01910,"Wilson, Hernandez and Bradley Store",Surat,North,2017-12-14
S01911,Mcgrath and Sons Store,Bengaluru,Central,2018-07-17
S01912,"Cobb, Wade and Arias Store",Surat,South,2020-08-06
S01913,Evans Ltd Store,Chennai,South,2025-03-06
S01914,Miller Inc Store,Ahmedabad,East,2023-05-29
S01915,Watts Ltd Store,Ahmedabad,North,2022-07-30
S01916,Sanford-Smith Store,Ahmedabad,East,2020-04-05
S01917,Brewer-Dunn Store,Mumbai,Central,2021-03-25
S01918,Bowman LLC Store,Jaipur,North,2024-05-31
S01919,Ruiz-Jones Store,Mumbai,East,2023-07-18
S01920,Lewis-Williams Store,Jaipur,South,2016-01-17
S01921,Bryan-English Store,Kolkata,South,2018-02-11
S01922,Santana and Sons Store,Ahmedabad,South,2016-03-03
S01923,"Gay, Cole and Santos Store",Surat,West,2017-03-13
S01924,"Fischer, Herrera and Edwards Store",Bengaluru,East,2022-09-12
S01925,Henderson Group Store,Mumbai,North,2022-04-06
S01926,Williams Inc Store,Kolkata,Central,2015-12-24
S01927,"Valencia, Martinez and Rodgers Store",Ahmedabad,North,2018-04-09
S01928,Rivera-Mueller Store,Kolkata,Central,2017-11-28
S01929,Martin Group Store,Bengaluru,North,2017-10-04
S01930,"Adams, Whitehead and Tyler Store",Surat,South,2025-01-25
S01931,"Singleton, Carey and Long Store",Jaipur,West,2019-03-24
S01932,Johnson-Silva Store,Surat,West,2016-11-04
S01933,Jones LLC Store,Surat,East,2020-04-17
S01934,"Arroyo, Jones and Robbins Store",Jaipur,Central,2023-08-27
S01935,"Everett, Taylor and Koch Store",Bengaluru,South,2021-12-13
S01936,"Hudson, Vargas and Hardy Store",Chennai,Central,2019-01-20
S01937,Sanchez-Miller Store,Chennai,West,2017-02-11
S01938,Montoya Group Store,Chennai,Central,2018-02-09
S01939,Cobb-Bean Store,Kolkata,North,2021-10-25
S01940,Bishop Group Store,Jaipur,East,2021-10-01
S01941,Hancock LLC Store,Pune,East,2020-11-13
S01942,Costa Ltd Store,Surat,East,2022-10-04
S01943,Ali Group Store,Bengaluru,North,2022-09-08
S01944,Hicks-Barnes Store,Kolkata,North,2023-10-28
S01945,Parrish Ltd Store,Mumbai,Central,2018-09-29
S01946,Hancock-Hanson Store,Delhi,North,2017-10-21
S01947,"Hall, Pittman and Torres Store",Pune,South,2016-05-25
S01948,Graves Inc Store,Chennai,North,2025-10-09
S01949,Hinton Group Store,Jaipur,North,2016-04-28
S01950,"Bush, Conway and Thompson Store",Bengaluru,Central,2023-02-23
S01951,Meadows-Green Store,Surat,North,2016-11-19
S01952,"Harris, Trevino and Shaffer Store",Ahmedabad,East,2016-07-26
S01953,Wilson PLC Store,Bengaluru,South,2023-05-16
S01954,Weber-Henderson Store,Delhi,Central,2018-12-04
S01955,Parrish-Stephens Store,Hyderabad,South,2016-10-16
S01956,Palmer-Valencia Store,Surat,Central,2019-12-18
S01957,"Mcbride, Murphy and Ruiz Store",Delhi,Central,2016-05-28
S01958,"Mann, Ali and Rogers Store",Jaipur,East,2018-08-24
S01959,"Fritz, Rodriguez and Ramirez Store",Jaipur,South,2017-09-03
S01960,"Johnson, Long and Greene Store",Ahmedabad,West,2022-07-14
S01961,Phelps and Sons Store,Delhi,South,2019-09-24
S01962,"King, Jackson and Baker Store",Delhi,Central,2018-05-08
S01963,Moss PLC Store,Bengaluru,East,2018-02-05
S01964,Perry-Holder Store,Delhi,North,2024-04-09
S01965,Ramirez LLC Store,Hyderabad,East,2022-03-29
S01966,Walter-Parker Store,Bengaluru,East,2018-11-16
S01967,Mueller LLC Store,Delhi,South,2019-08-26
S01968,Smith-Diaz Store,Surat,South,2018-10-24
S01969,Fernandez-Adams Store,Pune,Central,2021-02-03
S01970,Robinson-Deleon Store,Pune,West,2018-11-11
S01971,"Perkins, Thornton and Ferguson Store",Bengaluru,Central,2021-06-22
S01972,"Walter, Perry and Bailey Store",Delhi,East,2021-12-10
S01973,Cain and Sons Store,Jaipur,Central,2017-03-26
S01974,Ellis-Perez Store,Ahmedabad,West,2020-03-28
S01975,Cook PLC Store,Bengaluru,North,2023-08-22
S01976,Harris-Oconnell Store,Bengaluru,North,2017-10-23
S01977,"Miller, Dixon and Small Store",Hyderabad,South,2019-12-12
S01978,Kirby Ltd Store,Surat,West,2017-05-21
S01979,Carter-Chambers Store,Ahmedabad,Central,2023-02-24
S01980,"Carter, Leonard and Jones Store",Kolkata,East,2017-04-02
S01981,Davidson LLC Store,Hyderabad,North,2016-04-02
S01982,"Hale, Cole and Espinoza Store",Pune,West,2018-03-16
S01983,Castillo Ltd Store,Bengaluru,Central,2019-04-08
S01984,Owens-Carpenter Store,Hyderabad,East,2025-09-15
S01985,Reyes Ltd Store,Mumbai,Central,2021-01-19
S01986,"Johnston, Horton and Jordan Store",Bengaluru,South,2025-02-17
S01987,Cook Group Store,Mumbai,West,2024-05-16
S01988,"Coleman, Simon and Martin Store",Hyderabad,North,2020-09-01
S01989,Camacho Inc Store,Delhi,West,2020-10-08
S01990,Chavez-Taylor Store,Kolkata,East,2016-02-17
S01991,"Perez, Poole and Mccoy Store",Chennai,North,2018-12-24
S01992,Sullivan PLC Store,Jaipur,South,2021-03-08
S01993,"Ramirez, Crawford and Wilson Store",Bengaluru,West,2022-08-22
S01994,Mcdonald-Morris Store,Jaipur,North,2024-04-07
S01995,Rhodes PLC Store,Kolkata,West,2023-07-17
S01996,Chandler-Jefferson Store,Ahmedabad,West,2023-12-24
S01997,Parker-Harris Store,Jaipur,East,2022-01-27
S01998,"Park, Foster and Ayala Store",Kolkata,West,2018-02-17
S01999,Garcia and Sons Store,Bengaluru,South,2018-05-25
S02000,Sullivan Group Store,Surat,South,2016-01-13
S02001,Cox-Mathews Store,Mumbai,South,2023-08-08
S02002,"Lopez, Gutierrez and Lester Store",Delhi,West,2023-12-25
S02003,"Smith, Davis and Douglas Store",Mumbai,South,2017-05-20
S02004,George-Williams Store,Ahmedabad,East,2025-02-24
S02005,"Sutton, Woods and Williams Store",Surat,East,2016-09-28
S02006,"Robinson, Brewer and Smith Store",Hyderabad,West,2022-05-06
S02007,Lucero-Hernandez Store,Surat,Central,2016-02-13
S02008,Montes and Sons Store,Pune,Central,2025-01-09
S02009,Cooley-Marquez Store,Jaipur,Central,2019-01-25
S02010,Thomas Ltd Store,Ahmedabad,Central,2025-01-29
S02011,"Armstrong, Reynolds and Bruce Store",Surat,Central,2024-09-06
S02012,Bishop LLC Store,Hyderabad,East,2016-04-29
S02013,"Harmon, Jenkins and Watkins Store",Ahmedabad,North,2022-12-22
S02014,"Doyle, Cummings and Evans Store",Chennai,Central,2017-06-16
S02015,"Smith, Garcia and Palmer Store",Chennai,South,2025-07-13
S02016,Mora-Blake Store,Mumbai,East,2020-06-16
S02017,Myers-Wall Store,Surat,West,2017-01-18
S02018,"Garcia, Hall and Powell Store",Surat,East,2016-03-13
S02019,"Tate, Nelson and Simmons Store",Delhi,East,2016-08-21
S02020,"Lopez, Phillips and Brown Store",Delhi,North,2025-09-29
S02021,"Brown, Hamilton and Pena Store",Jaipur,Central,2017-02-24
S02022,Simmons LLC Store,Mumbai,Central,2020-12-14
S02023,Kim LLC Store,Jaipur,North,2016-04-07
S02024,Johnson Inc Store,Jaipur,West,2019-07-07
S02025,Jackson-Joyce Store,Surat,East,2019-11-16
S02026,"Velez, Ochoa and Ramirez Store",Delhi,West,2017-03-17
S02027,"Michael, Blake and Nguyen Store",Ahmedabad,South,2024-08-13
S02028,Green PLC Store,Bengaluru,South,2024-09-03
S02029,"Davis, Jones and Jackson Store",Chennai,North,2018-04-01
S02030,Reynolds-Marsh Store,Jaipur,Central,2016-01-24
S02031,Smith-Nguyen Store,Kolkata,Central,2019-05-12
S02032,Johnson Inc Store,Jaipur,North,2022-07-21
S02033,Rogers-Kelley Store,Ahmedabad,East,2019-03-25
S02034,Duncan-Donovan Store,Mumbai,East,2016-03-24
S02035,Wells-Perez Store,Kolkata,Central,2019-09-08
S02036,"Rodriguez, Wright and Cohen Store",Delhi,Central,2025-03-16
S02037,Price-Nguyen Store,Pune,North,2016-05-09
S02038,Mccoy-Montoya Store,Bengaluru,South,2017-01-14
S02039,"Valdez, Tate and Johnson Store",Chennai,West,2020-03-23
S02040,"Shah, Cole and Chen Store",Ahmedabad,South,2021-10-12
S02041,Mitchell-Kennedy Store,Bengaluru,West,2023-01-22
S02042,Johnson-White Store,Hyderabad,North,2024-09-26
S02043,Ramirez-Little Store,Mumbai,North,2020-01-19
S02044,Lawrence and Sons Store,Bengaluru,Central,2017-11-29
S02045,"Hamilton, Flores and Burton Store",Hyderabad,North,2018-03-04
S02046,Johnson-Harris Store,Ahmedabad,Central,2019-09-23
S02047,Lane-Jackson Store,Mumbai,Central,2019-11-15
S02048,Harris-Goodwin Store,Bengaluru,West,2024-07-13
S02049,"Martin, Williams and Coffey Store",Ahmedabad,Central,2016-12-18
S02050,Bowen-Hernandez Store,Bengaluru,East,2024-06-02
S02051,Moreno-Wood Store,Surat,East,2019-08-30
S02052,"Douglas, Krause and Johnson Store",Mumbai,West,2019-01-25
S02053,Alexander Inc Store,Delhi,Central,2019-06-18
S02054,Robinson LLC Store,Chennai,Central,2023-01-24
S02055,Ortega-Armstrong Store,Kolkata,East,2021-05-01
S02056,Cannon-Burns Store,Kolkata,East,2020-06-06
S02057,Mills-Lynch Store,Chennai,South,2020-09-23
S02058,"Hayden, Sanchez and Chapman Store",Pune,South,2019-01-28
S02059,"Kelly, Key and Sanders Store",Mumbai,North,2022-03-29
S02060,Lang PLC Store,Bengaluru,North,2025-07-26
S02061,Sanchez-Perez Store,Mumbai,East,2020-03-11
S02062,Carey Inc Store,Surat,Central,2022-04-08
S02063,Johnson-Shaw Store,Pune,South,2024-09-30
S02064,Hart Ltd Store,Hyderabad,Central,2022-09-15
S02065,Roberts-Vargas Store,Surat,North,2016-07-18
S02066,Roberts-Casey Store,Kolkata,South,2019-06-23
S02067,Price Inc Store,Kolkata,North,2016-06-21
S02068,Lee Inc Store,Hyderabad,West,2018-07-12
S02069,"Anderson, Sullivan and Carey Store",Surat,West,2025-08-16
S02070,"Acevedo, Myers and Coffey Store",Delhi,East,2019-09-30
S02071,Brown LLC Store,Chennai,North,2023-06-05
S02072,Cannon Ltd Store,Pune,North,2018-11-23
S02073,Pope-Payne Store,Chennai,West,2021-01-09
S02074,Francis PLC Store,Surat,East,2021-03-10
S02075,Crawford Ltd Store,Jaipur,South,2022-05-11
S02076,"Nguyen, Martinez and Hahn Store",Surat,East,2024-01-14
S02077,Owens-Gray Store,Chennai,North,2023-11-05
S02078,Moody-Davis Store,Hyderabad,North,2019-12-06
S02079,"Randolph, Morrison and Cox Store",Pune,East,2017-12-01
S02080,"Ortega, Keller and Brown Store",Ahmedabad,North,2017-12-09
S02081,"Johnson, Cox and Munoz Store",Delhi,East,2023-10-17
S02082,"Best, Rojas and Brown Store",Delhi,North,2024-02-11
S02083,Weiss Ltd Store,Delhi,South,2019-08-14
S02084,Ritter LLC Store,Jaipur,East,2018-04-02
S02085,Parker LLC Store,Hyderabad,West,2017-03-12
S02086,Beck Inc Store,Jaipur,North,2023-01-09
S02087,Franklin-Harrington Store,Surat,Central,2019-09-22
S02088,"Kelley, Miller and Johnson Store",Jaipur,East,2019-11-07
S02089,"Taylor, Estrada and Waters Store",Bengaluru,Central,2023-04-14
S02090,Hart-Reyes Store,Hyderabad,South,2020-09-23
S02091,"Cruz, Snow and Stone Store",Jaipur,East,2022-01-13
S02092,"Carlson, Flowers and Bauer Store",Jaipur,North,2022-08-18
S02093,Skinner Ltd Store,Delhi,North,2021-01-30
S02094,Robertson Inc Store,Surat,West,2021-07-27
S02095,"Andrews, Ortiz and Richards Store",Chennai,South,2024-02-01
S02096,Thompson-Smith Store,Hyderabad,East,2018-12-31
S02097,Nelson Ltd Store,Delhi,East,2018-08-04
S02098,Patrick and Sons Store,Pune,East,2021-06-09
S02099,Diaz-Rodriguez Store,Pune,South,2017-12-31
S02100,Oliver-Henderson Store,Mumbai,West,2017-11-11
S02101,"Moreno, Cox and Lopez Store",Jaipur,West,2025-10-11
S02102,Knight and Sons Store,Jaipur,East,2020-08-26
S02103,"Lester, Clark and Garcia Store",Pune,Central,2019-07-01
S02104,Lam Group Store,Chennai,West,2019-12-12
S02105,Walls Group Store,Chennai,West,2020-10-18
S02106,"Cochran, Davis and Rivera Store",Ahmedabad,Central,2018-04-14
S02107,Patrick PLC Store,Ahmedabad,North,2019-10-20
S02108,Brennan Group Store,Pune,South,2018-04-09
S02109,Walker-Murphy Store,Delhi,South,2020-05-14
S02110,"Gomez, Bowman and Burns Store",Hyderabad,South,2019-01-31
S02111,Brown LLC Store,Pune,Central,2024-10-29
S02112,Blevins-Salazar Store,Ahmedabad,East,2023-11-10
S02113,Burke Group Store,Bengaluru,East,2021-02-20
S02114,Fernandez Group Store,Surat,South,2025-01-09
S02115,Wright and Sons Store,Bengaluru,East,2023-02-03
S02116,Gaines-Martinez Store,Hyderabad,North,2019-03-04
S02117,Davis and Sons Store,Pune,West,2025-10-31
S02118,"Marshall, Stewart and Mcdonald Store",Delhi,West,2024-09-27
S02119,Vasquez-Singh Store,Mumbai,North,2019-11-21
S02120,"Hernandez, Harmon and Rowe Store",Hyderabad,South,2016-09-03
S02121,"Castillo, Anderson and Bond Store",Kolkata,West,2024-03-13
S02122,"Taylor, Harper and Johnson Store",Ahmedabad,Central,2024-07-20
S02123,Pratt Ltd Store,Mumbai,West,2021-04-02
S02124,"Underwood, Wilson and Nelson Store",Mumbai,East,2019-10-23
S02125,"Brown, Hill and Franklin Store",Hyderabad,North,2021-09-08
S02126,Mclean Ltd Store,Jaipur,East,2017-01-01
S02127,"Campbell, Paul and Wilson Store",Ahmedabad,West,2021-02-03
S02128,Walls and Sons Store,Chennai,North,2020-01-21
S02129,Williams-Smith Store,Surat,West,2016-01-08
S02130,"Armstrong, Murphy and Love Store",Ahmedabad,West,2025-10-27
S02131,Hoffman Inc Store,Mumbai,South,2020-05-21
S02132,Sheppard-Lin Store,Hyderabad,South,2016-08-14
S02133,Johnson and Sons Store,Chennai,North,2019-06-28
S02134,Peters Group Store,Hyderabad,West,2018-12-03
S02135,Reynolds-Richard Store,Surat,East,2020-02-11
S02136,Turner-Delacruz Store,Ahmedabad,North,2023-03-05
S02137,Perry PLC Store,Ahmedabad,Central,2020-03-31
S02138,Anderson LLC Store,Ahmedabad,South,2021-02-14
S02139,"Flowers, Wall and Gonzalez Store",Surat,West,2020-02-13
S02140,Wilson-Blake Store,Ahmedabad,Central,2023-06-13
S02141,Christensen LLC Store,Delhi,East,2019-03-15
S02142,"Black, Martin and Dominguez Store",Chennai,West,2019-01-09
S02143,"Velasquez, Hughes and Burton Store",Hyderabad,North,2016-09-26
S02144,Duran and Sons Store,Surat,South,2016-08-20
S02145,Horton-Nguyen Store,Pune,Central,2017-02-04
S02146,Greene-Sanders Store,Chennai,North,2024-04-17
S02147,Welch-White Store,Bengaluru,North,2017-09-05
S02148,Clements Inc Store,Jaipur,East,2021-07-12
S02149,Johnson-Curry Store,Mumbai,Central,2021-11-07
S02150,Williamson Inc Store,Delhi,Central,2022-04-16
S02151,Carson Inc Store,Jaipur,East,2019-05-07
S02152,Rodgers Ltd Store,Jaipur,Central,2017-04-03
S02153,"Cochran, Spence and Reynolds Store",Bengaluru,South,2019-08-22
S02154,Vaughn-Strong Store,Ahmedabad,North,2021-11-05
S02155,Palmer and Sons Store,Delhi,South,2016-02-01
S02156,Gay PLC Store,Jaipur,West,2019-02-04
S02157,Matthews Inc Store,Mumbai,North,2024-01-28
S02158,Barnett Group Store,Chennai,East,2021-06-20
S02159,Bailey Group Store,Ahmedabad,East,2016-12-19
S02160,Roman-Roberts Store,Bengaluru,South,2019-03-20
S02161,Manning Group Store,Chennai,Central,2016-07-22
S02162,Jimenez-Allen Store,Jaipur,East,2020-02-28
S02163,"Holt, Larson and Cooper Store",Pune,East,2021-06-02
S02164,"Bates, Meyer and Rangel Store",Ahmedabad,West,2022-03-20
S02165,"Sims, Sims and Wall Store",Mumbai,West,2019-03-30
S02166,Willis-Allen Store,Surat,East,2017-01-21
S02167,Smith and Sons Store,Bengaluru,East,2024-07-21
S02168,Harris Ltd Store,Ahmedabad,Central,2022-07-28
S02169,"Kelly, Adams and Houston Store",Kolkata,East,2025-06-24
S02170,White-Jones Store,Chennai,Central,2024-04-26
S02171,Franco and Sons Store,Pune,East,2020-02-03
S02172,"Young, Jones and Gray Store",Bengaluru,West,2024-07-08
S02173,Thompson Group Store,Mumbai,North,2025-03-03
S02174,Lloyd-Rodriguez Store,Kolkata,North,2016-10-02
S02175,Ward-Johnson Store,Kolkata,South,2023-02-28
S02176,Burns Group Store,Mumbai,Central,2019-02-22
S02177,Roberts PLC Store,Surat,North,2021-08-26
S02178,Armstrong-Nunez Store,Kolkata,East,2016-04-24
S02179,Mckinney Inc Store,Jaipur,East,2020-06-16
S02180,"Washington, Hernandez and Lang Store",Surat,East,2017-01-17
S02181,"Watson, Hernandez and Walton Store",Jaipur,West,2024-08-22
S02182,Barr-Berry Store,Ahmedabad,Central,2024-12-22
S02183,Duran Inc Store,Bengaluru,South,2017-05-07
S02184,Moody PLC Store,Pune,West,2017-01-19
S02185,"Morris, Allen and Stein Store",Delhi,West,2016-10-05
S02186,Martin-Mathis Store,Hyderabad,South,2025-07-19
S02187,Alexander PLC Store,Delhi,South,2022-05-15
S02188,"Williams, Jones and Jones Store",Ahmedabad,East,2021-07-14
S02189,"Watts, Aguilar and Warren Store",Jaipur,Central,2020-07-07
S02190,Price Inc Store,Surat,West,2016-09-24
S02191,"Wilson, Sutton and Lowe Store",Delhi,North,2017-02-02
S02192,Perez Inc Store,Pune,Central,2019-05-11
S02193,Whitaker-Farmer Store,Hyderabad,West,2021-12-21
S02194,Ray Inc Store,Delhi,West,2022-08-19
S02195,"Pena, Randall and Reyes Store",Hyderabad,West,2018-04-02
S02196,Smith-Cole Store,Jaipur,South,2017-09-18
S02197,"Hill, Howard and Rivera Store",Pune,North,2021-02-01
S02198,Jones Ltd Store,Kolkata,North,2019-09-27
S02199,Sanchez-Powell Store,Chennai,South,2024-07-31
S02200,"Sutton, Palmer and Caldwell Store",Jaipur,East,2023-12-06
S02201,Jones-Martinez Store,Delhi,Central,2023-09-09
S02202,Ayala Inc Store,Surat,South,2016-12-15
S02203,"Horton, Matthews and Haley Store",Hyderabad,Central,2023-11-19
S02204,Williams-Sullivan Store,Ahmedabad,South,2022-11-19
S02205,Hill-Russell Store,Bengaluru,West,2020-12-02
S02206,Simmons-Barrett Store,Delhi,East,2025-08-20
S02207,Mason Inc Store,Kolkata,Central,2016-11-16
S02208,Bright Ltd Store,Chennai,West,2023-10-19
S02209,Nelson Group Store,Pune,West,2024-10-01
S02210,"Huerta, Anderson and Ramsey Store",Bengaluru,West,2015-12-11
S02211,"Garcia, Guerrero and Sullivan Store",Delhi,Central,2022-07-12
S02212,"Newton, Smith and Bartlett Store",Pune,West,2017-03-31
S02213,"Walton, Hernandez and Monroe Store",Surat,Central,2022-10-31
S02214,Knox and Sons Store,Pune,Central,2020-10-25
S02215,"Rodriguez, Dickerson and Clark Store",Jaipur,West,2022-08-18
S02216,"Chambers, Larsen and Thornton Store",Chennai,East,2021-06-07
S02217,King-Thomas Store,Hyderabad,South,2024-02-03
S02218,Rowe Group Store,Pune,Central,2019-11-03
S02219,Prince LLC Store,Jaipur,East,2016-11-10
S02220,Cox-Sheppard Store,Chennai,South,2019-02-07
S02221,Stanton-Montes Store,Delhi,South,2018-11-18
S02222,"Moore, Berry and Tucker Store",Pune,West,2020-03-16
S02223,"Ryan, Banks and Morris Store",Chennai,West,2022-07-25
S02224,Camacho-Rogers Store,Kolkata,Central,2018-03-21
S02225,White-Mercado Store,Surat,South,2025-06-10
S02226,Collins-Richardson Store,Jaipur,West,2016-06-08
S02227,"Delacruz, Miles and Figueroa Store",Bengaluru,South,2018-06-08
S02228,Pearson-Johnson Store,Surat,South,2019-05-26
S02229,Watkins-Hale Store,Hyderabad,West,2020-11-25
S02230,"Stevens, Davis and Ward Store",Mumbai,South,2025-03-10
S02231,Short Group Store,Surat,East,2024-07-25
S02232,George Ltd Store,Ahmedabad,West,2022-08-07
S02233,Knox-Mendoza Store,Ahmedabad,Central,2020-04-23
S02234,Mcdonald and Sons Store,Jaipur,Central,2022-02-18
S02235,Hill Inc Store,Ahmedabad,South,2023-12-25
S02236,Pollard LLC Store,Kolkata,Central,2022-04-22
S02237,Davis-Wilcox Store,Chennai,North,2023-10-06
S02238,Wang LLC Store,Ahmedabad,West,2022-05-11
S02239,Thompson Ltd Store,Kolkata,Central,2023-09-16
S02240,"Wilson, Smith and Gould Store",Delhi,West,2017-08-07
S02241,"Owens, Brown and Reid Store",Ahmedabad,Central,2024-07-01
S02242,Singh Ltd Store,Ahmedabad,North,2025-03-09
S02243,Cameron Ltd Store,Mumbai,North,2025-01-06
S02244,"Ford, Martin and Ramos Store",Pune,North,2025-05-17
S02245,"Cole, Berry and Parker Store",Kolkata,North,2022-05-09
S02246,Rodriguez-Ferguson Store,Chennai,West,2021-02-12
S02247,Sutton Inc Store,Bengaluru,West,2021-01-25
S02248,"Rodgers, Chavez and Orr Store",Delhi,East,2016-01-04
S02249,Lopez-Lopez Store,Bengaluru,East,2024-05-05
S02250,"Allen, Daniels and Green Store",Pune,South,2018-02-09
S02251,Chavez-Williams Store,Kolkata,South,2019-06-30
S02252,Jones-Jones Store,Chennai,South,2017-04-18
S02253,Wells PLC Store,Surat,North,2021-07-08
S02254,Wood-Hays Store,Pune,West,2019-05-19
S02255,"Hill, Mitchell and Crawford Store",Hyderabad,West,2025-03-20
S02256,"Green, Simmons and Jacobson Store",Bengaluru,Central,2022-05-18
S02257,Watts and Sons Store,Pune,North,2020-09-04
S02258,Calderon Group Store,Mumbai,Central,2021-05-13
S02259,"Harrison, Mills and Smith Store",Surat,South,2015-12-18
S02260,Garcia PLC Store,Pune,Central,2023-09-21
S02261,Benton LLC Store,Mumbai,South,2021-01-04
S02262,Rangel LLC Store,Mumbai,West,2018-06-03
S02263,Garcia-Vega Store,Chennai,West,2025-04-17
S02264,"Collins, Jordan and Wise Store",Bengaluru,West,2018-03-08
S02265,Glover-Howard Store,Bengaluru,North,2016-11-22
S02266,Jones-Miller Store,Bengaluru,South,2019-10-05
S02267,Hughes-Rogers Store,Ahmedabad,North,2022-01-29
S02268,Klein-Campbell Store,Jaipur,West,2015-12-21
S02269,Jefferson-Edwards Store,Ahmedabad,North,2018-02-26
S02270,"Rocha, Foster and Tran Store",Chennai,East,2016-11-08
S02271,Palmer Group Store,Hyderabad,East,2021-04-16
S02272,Griffith LLC Store,Ahmedabad,Central,2017-08-16
S02273,Flores-Morris Store,Bengaluru,Central,2017-11-15
S02274,"Wallace, Norman and Ruiz Store",Hyderabad,Central,2022-09-02
S02275,"Mckay, Martin and Skinner Store",Delhi,East,2020-05-28
S02276,"Chaney, Bentley and Tran Store",Delhi,Central,2019-05-05
S02277,Conner-Parker Store,Delhi,South,2024-03-07
S02278,Thompson Ltd Store,Ahmedabad,West,2019-08-04
S02279,"Byrd, Miller and Torres Store",Jaipur,East,2016-12-18
S02280,"Clayton, Scott and Levy Store",Jaipur,Central,2018-04-23
S02281,Miller-Reynolds Store,Surat,West,2019-12-01
S02282,Evans Group Store,Kolkata,South,2025-01-30
S02283,Jones-Meyers Store,Surat,South,2024-02-07
S02284,Jones Group Store,Jaipur,West,2018-08-16
S02285,Ramirez and Sons Store,Hyderabad,Central,2024-11-24
S02286,"Alvarez, Duke and Wade Store",Bengaluru,East,2024-02-27
S02287,Smith-Mann Store,Kolkata,South,2023-11-17
S02288,"Chang, Miller and Roberts Store",Delhi,South,2017-06-03
S02289,Riggs-Cantu Store,Bengaluru,North,2018-04-20
S02290,"Morris, Green and Morgan Store",Delhi,South,2021-04-16
S02291,Perry-Collins Store,Chennai,East,2023-10-16
S02292,"Watson, Shaw and Vaughn Store",Hyderabad,South,2021-06-01
S02293,"Taylor, Palmer and Smith Store",Hyderabad,West,2015-11-29
S02294,Smith Inc Store,Ahmedabad,East,2023-03-17
S02295,Curtis Group Store,Mumbai,South,2024-10-25
S02296,Hanson Inc Store,Delhi,South,2018-11-29
S02297,"Richardson, Davidson and Parker Store",Ahmedabad,Central,2017-01-24
S02298,Fischer-Miller Store,Delhi,East,2023-04-05
S02299,Ortiz-Shannon Store,Surat,East,2022-02-11
S02300,Rodgers-Johnson Store,Hyderabad,West,2016-12-15
S02301,"Perry, Johnson and Beck Store",Kolkata,East,2022-02-22
S02302,"Pennington, Jones and Terrell Store",Kolkata,Central,2018-12-12
S02303,Dominguez-Zhang Store,Ahmedabad,North,2023-04-22
S02304,"Johnson, Thompson and Hernandez Store",Bengaluru,West,2024-12-17
S02305,"Chung, Rodriguez and King Store",Pune,South,2023-11-30
S02306,"Raymond, King and Nguyen Store",Chennai,North,2018-06-15
S02307,Lane PLC Store,Ahmedabad,East,2019-12-29
S02308,"Fernandez, Baker and Nelson Store",Pune,Central,2025-02-04
S02309,Davis-Kim Store,Jaipur,South,2024-08-11
S02310,"Vasquez, Johnson and Campbell Store",Surat,South,2023-03-29
S02311,Peterson-Gibson Store,Surat,Central,2018-04-13
S02312,"Bartlett, Lopez and Ferguson Store",Ahmedabad,Central,2020-02-19
S02313,Kelly-Foster Store,Jaipur,East,2025-09-09
S02314,"Walsh, Wagner and Schultz Store",Bengaluru,South,2018-02-20
S02315,Mendez-Chambers Store,Bengaluru,West,2019-03-02
S02316,Butler Ltd Store,Jaipur,Central,2025-10-09
S02317,"Clark, Jennings and Valentine Store",Ahmedabad,East,2018-05-13
S02318,"Mckenzie, Mcdaniel and Mcdonald Store",Jaipur,Central,2019-09-04
S02319,"Rhodes, Phillips and Smith Store",Jaipur,East,2016-12-11
S02320,"Cooper, Davis and Smith Store",Chennai,Central,2022-12-03
S02321,"Nelson, Gordon and Franklin Store",Surat,South,2017-05-18
S02322,Burgess Inc Store,Hyderabad,Central,2017-06-07
S02323,Ramirez Group Store,Chennai,Central,2023-07-27
S02324,"Simpson, Reed and Jennings Store",Mumbai,South,2018-08-26
S02325,"Jones, Obrien and Aguilar Store",Chennai,Central,2021-03-04
S02326,"Morales, Martin and Schultz Store",Pune,North,2025-03-10
S02327,"Bridges, Fischer and Hall Store",Jaipur,South,2017-02-28
S02328,Parker Inc Store,Jaipur,West,2017-01-17
S02329,Rubio-Young Store,Mumbai,Central,2019-01-02
S02330,"White, Lopez and Henderson Store",Ahmedabad,West,2023-06-25
S02331,Pittman LLC Store,Ahmedabad,North,2024-04-30
S02332,Johnson-Porter Store,Delhi,South,2022-09-08
S02333,Ballard and Sons Store,Kolkata,South,2021-06-30
S02334,Munoz-Alvarez Store,Ahmedabad,West,2020-03-19
S02335,Patterson-Woods Store,Delhi,North,2016-05-21
S02336,Perez Inc Store,Pune,North,2020-08-20
S02337,"Wade, Villegas and Fritz Store",Bengaluru,South,2019-08-28
S02338,Gilmore-Johnson Store,Delhi,East,2017-07-12
S02339,"Young, Santos and Gilbert Store",Surat,West,2021-01-06
S02340,"Moore, Wallace and Williams Store",Kolkata,East,2017-05-05
S02341,"Villanueva, Sanders and Hughes Store",Jaipur,North,2017-03-01
S02342,Salinas Group Store,Jaipur,West,2021-02-15
S02343,Roach Group Store,Delhi,North,2025-05-09
S02344,Scott-Curry Store,Chennai,East,2016-04-13
S02345,Williams Group Store,Bengaluru,East,2023-10-27
S02346,Gates and Sons Store,Surat,Central,2017-01-23
S02347,Sanchez Inc Store,Chennai,North,2018-01-16
S02348,Campbell LLC Store,Chennai,North,2020-09-13
S02349,Wilkerson-Martinez Store,Hyderabad,Central,2024-12-02
S02350,Lee-Nguyen Store,Surat,South,2025-06-17
S02351,"Gomez, Little and Sanchez Store",Pune,West,2017-10-30
S02352,"Bowen, Hill and Jennings Store",Hyderabad,Central,2022-06-16
S02353,Barr-Smith Store,Ahmedabad,North,2016-02-05
S02354,Becker-Hunter Store,Bengaluru,South,2017-12-13
S02355,Copeland-Graham Store,Mumbai,East,2017-07-18
S02356,"Snyder, Medina and Ayala Store",Ahmedabad,West,2016-01-01
S02357,Eaton PLC Store,Chennai,South,2018-09-13
S02358,Huff Ltd Store,Delhi,North,2018-06-12
S02359,"Williams, Wright and Garner Store",Jaipur,East,2019-08-05
S02360,"Johnson, Hughes and Mccormick Store",Jaipur,East,2019-03-01
S02361,"Ware, Guzman and Morris Store",Mumbai,South,2017-04-14
S02362,"Soto, Guzman and Mcclain Store",Ahmedabad,West,2020-03-19
S02363,Wilson-Jackson Store,Jaipur,South,2020-11-03
S02364,"Moody, Wilson and Flores Store",Jaipur,North,2020-02-18
S02365,Aguilar-Reed Store,Jaipur,East,2022-10-06
S02366,"Lynch, Murphy and Rivers Store",Ahmedabad,West,2016-11-09
S02367,Krueger-Donaldson Store,Surat,Central,2019-08-17
S02368,Keller PLC Store,Kolkata,South,2018-02-17
S02369,"Taylor, Walsh and Sanchez Store",Delhi,West,2021-11-15
S02370,Alexander-Scott Store,Ahmedabad,East,2023-05-27
S02371,"Moore, Shannon and Vargas Store",Jaipur,West,2024-05-05
S02372,"Schmidt, Shields and Hull Store",Surat,South,2017-05-24
S02373,"Valentine, Rios and Evans Store",Mumbai,East,2024-01-07
S02374,Bauer-Miller Store,Surat,South,2020-08-21
S02375,Wolfe and Sons Store,Jaipur,North,2024-02-14
S02376,"Daniels, Blackwell and Jenkins Store",Chennai,North,2020-02-07
S02377,Holder-Young Store,Ahmedabad,North,2025-09-29
S02378,Smith Group Store,Mumbai,East,2020-07-13
S02379,Church-Gray Store,Bengaluru,Central,2018-07-21
S02380,Frey PLC Store,Bengaluru,East,2022-01-27
S02381,Mcmahon Ltd Store,Bengaluru,Central,2016-06-29
S02382,Little-Stephens Store,Hyderabad,North,2020-09-10
S02383,"Contreras, Jordan and Stevens Store",Ahmedabad,West,2017-03-03
S02384,Cooper-Daniel Store,Chennai,South,2024-09-07
S02385,"Hendricks, Delgado and Harris Store",Mumbai,North,2016-08-06
S02386,Mcdowell-Carter Store,Hyderabad,East,2025-10-25
S02387,Daniel Group Store,Jaipur,East,2016-10-11
S02388,Williams-Krueger Store,Bengaluru,South,2025-05-01
S02389,Jones-Werner Store,Hyderabad,North,2016-10-31
S02390,"Wood, Scott and Frazier Store",Hyderabad,West,2022-08-21
S02391,Taylor-Myers Store,Hyderabad,North,2016-06-19
S02392,Johnson-Jones Store,Hyderabad,South,2018-02-07
S02393,"Burns, Torres and Freeman Store",Pune,Central,2021-03-30
S02394,Barton Group Store,Surat,North,2019-09-24
S02395,Smith Group Store,Delhi,South,2017-07-26
S02396,Woods Inc Store,Mumbai,Central,2021-02-03
S02397,Murphy-Brown Store,Mumbai,East,2016-12-14
S02398,"Holland, Campbell and Cross Store",Bengaluru,North,2019-07-19
S02399,Hopkins-Sampson Store,Chennai,West,2024-11-11
S02400,Aguilar-Yang Store,Pune,West,2018-07-19
S02401,Campos-Parker Store,Pune,East,2019-12-28
S02402,"Cook, Yang and Hall Store",Bengaluru,South,2024-09-24
S02403,Howard Group Store,Mumbai,West,2019-01-18
S02404,"French, Buckley and Proctor Store",Chennai,East,2024-06-14
S02405,Jenkins and Sons Store,Surat,Central,2020-06-04
S02406,Tran-Murphy Store,Hyderabad,Central,2024-12-13
S02407,"Nguyen, Barnett and Peterson Store",Kolkata,South,2020-10-12
S02408,"Horton, Watson and Oliver Store",Bengaluru,East,2022-05-31
S02409,"Miller, Webb and Smith Store",Mumbai,Central,2020-11-05
S02410,Phelps Inc Store,Pune,North,2021-07-16
S02411,"Leonard, Woods and Lyons Store",Jaipur,West,2017-03-26
S02412,"Boyle, Mckee and Ward Store",Ahmedabad,Central,2018-01-11
S02413,Carpenter PLC Store,Surat,West,2020-06-14
S02414,Ford Inc Store,Kolkata,East,2023-07-04
S02415,Hoffman and Sons Store,Chennai,South,2017-02-20
S02416,Burgess-Beck Store,Hyderabad,Central,2018-03-17
S02417,"Williams, Spencer and Sosa Store",Delhi,West,2025-07-30
S02418,"Winters, Wood and Giles Store",Bengaluru,Central,2019-02-11
S02419,Anderson-Perez Store,Chennai,North,2023-11-30
S02420,Floyd-Hall Store,Bengaluru,South,2021-09-30
S02421,Fitzgerald Group Store,Chennai,West,2018-10-28
S02422,Mccormick-Chandler Store,Surat,North,2024-02-06
S02423,Lee-Gomez Store,Hyderabad,West,2016-02-09
S02424,"Jackson, Suarez and Adams Store",Delhi,South,2024-08-17
S02425,Jones-Cunningham Store,Ahmedabad,West,2018-04-13
S02426,Phillips and Sons Store,Mumbai,South,2016-10-13
S02427,Hoffman Group Store,Bengaluru,North,2023-06-13
S02428,"Martinez, Thomas and Wright Store",Pune,South,2021-03-08
S02429,Olson Ltd Store,Ahmedabad,North,2018-06-28
S02430,"Solis, Wall and Garcia Store",Jaipur,West,2019-10-22
S02431,Pacheco-Shannon Store,Chennai,West,2022-03-06
S02432,Velez-Moore Store,Chennai,North,2016-10-10
S02433,Miller Group Store,Delhi,West,2019-12-12
S02434,Castro-Ramos Store,Ahmedabad,North,2017-11-06
S02435,Anthony-Jones Store,Mumbai,West,2021-05-10
S02436,Beck-Valdez Store,Mumbai,South,2018-07-22
S02437,Jones-Fleming Store,Delhi,South,2023-01-22
S02438,Marks and Sons Store,Jaipur,South,2022-01-08
S02439,Blanchard-Webster Store,Kolkata,South,2020-10-09
S02440,Cortez-Wilson Store,Chennai,Central,2019-06-21
S02441,Myers-Booth Store,Hyderabad,East,2023-03-27
S02442,Martinez-Ramos Store,Pune,West,2018-08-14
S02443,"Weiss, Powell and Moore Store",Surat,West,2023-03-03
S02444,Bates-Smith Store,Pune,West,2017-05-20
S02445,"Martinez, Roman and Rogers Store",Jaipur,South,2015-12-26
S02446,"Edwards, Mack and Wilson Store",Chennai,South,2024-08-10
S02447,"Moore, Fischer and Hunt Store",Surat,South,2017-04-17
S02448,Christian Group Store,Kolkata,East,2017-07-12
S02449,"Tucker, Turner and Payne Store",Bengaluru,North,2019-08-16
S02450,Roth Group Store,Delhi,South,2025-11-18
S02451,Lopez-Santiago Store,Delhi,Central,2018-10-10
S02452,"Austin, Shaw and Morton Store",Delhi,West,2021-01-05
S02453,Buchanan-Saunders Store,Bengaluru,East,2022-03-06
S02454,Anderson PLC Store,Chennai,East,2019-04-15
S02455,Lee Inc Store,Surat,South,2016-09-18
S02456,Jones-Adams Store,Mumbai,North,2019-09-16
S02457,Russell-Rollins Store,Pune,East,2024-06-01
S02458,"Mayer, Wilson and Elliott Store",Delhi,Central,2015-12-21
S02459,Perry Ltd Store,Delhi,South,2016-11-13
S02460,Roman Group Store,Surat,West,2025-01-05
S02461,"Weber, Robinson and Chase Store",Kolkata,South,2022-09-23
S02462,Cooper-Robinson Store,Hyderabad,West,2017-09-01
S02463,Lee-Gates Store,Chennai,North,2024-04-26
S02464,"Ward, Harper and Carney Store",Ahmedabad,Central,2022-06-25
S02465,Cummings Ltd Store,Delhi,East,2017-05-08
S02466,Martinez Ltd Store,Hyderabad,West,2018-03-19
S02467,"Nguyen, Watson and Thornton Store",Bengaluru,South,2025-01-26
S02468,Smith-Parsons Store,Delhi,Central,2018-08-02
S02469,"Walls, Mitchell and Little Store",Hyderabad,West,2020-06-04
S02470,Fuller LLC Store,Chennai,Central,2017-09-13
S02471,Sanchez PLC Store,Pune,North,2025-02-10
S02472,Stewart PLC Store,Jaipur,Central,2019-08-07
S02473,Jackson-Martin Store,Ahmedabad,East,2022-04-10
S02474,"Kelley, Rogers and Matthews Store",Mumbai,South,2016-05-13
S02475,Martinez PLC Store,Bengaluru,Central,2017-09-15
S02476,Smith Inc Store,Jaipur,West,2018-03-09
S02477,Mathis-Wise Store,Delhi,East,2024-08-14
S02478,Mcdonald Group Store,Hyderabad,East,2016-10-31
S02479,"Brown, Miller and Tucker Store",Pune,East,2025-07-29
S02480,"Tate, Stephenson and Allen Store",Bengaluru,West,2022-01-01
S02481,Nelson-Gonzalez Store,Pune,South,2023-09-08
S02482,Reilly and Sons Store,Delhi,West,2016-04-15
S02483,Patrick-Morrison Store,Surat,North,2023-08-12
S02484,King LLC Store,Hyderabad,North,2016-11-08
S02485,Rogers LLC Store,Hyderabad,West,2022-10-18
S02486,White LLC Store,Jaipur,North,2019-06-02
S02487,Robinson and Sons Store,Jaipur,North,2021-02-14
S02488,Davis-Rodriguez Store,Ahmedabad,West,2021-07-31
S02489,Mack-Briggs Store,Jaipur,North,2016-07-13
S02490,Mason-Rose Store,Ahmedabad,East,2021-12-09
S02491,Sloan-Wright Store,Hyderabad,West,2020-10-11
S02492,"Burton, Smith and Smith Store",Ahmedabad,North,2024-03-17
S02493,"Romero, Randolph and Pineda Store",Delhi,East,2019-12-28
S02494,Curtis Inc Store,Surat,Central,2021-06-16
S02495,Page-Jackson Store,Bengaluru,South,2023-10-27
S02496,"Clark, Jennings and Cunningham Store",Delhi,North,2024-10-26
S02497,Kim and Sons Store,Mumbai,North,2022-03-22
S02498,"Young, Parker and Cuevas Store",Ahmedabad,Central,2024-03-17
S02499,Pham-Rivera Store,Surat,West,2020-01-10
S02500,Graves PLC Store,Jaipur,East,2017-11-29
S02501,"Smith, Fletcher and Palmer Store",Bengaluru,South,2019-08-25
S02502,"Olsen, Jackson and Hernandez Store",Delhi,North,2016-05-28
S02503,Keller-Miller Store,Jaipur,Central,2016-02-02
S02504,Mendoza-Morris Store,Ahmedabad,South,2016-06-24
S02505,"Wolfe, Graham and Wright Store",Jaipur,South,2020-09-16
S02506,Barnes-Hood Store,Pune,West,2020-01-13
S02507,Roberts Inc Store,Kolkata,North,2021-11-22
S02508,"Taylor, Jackson and Diaz Store",Surat,Central,2016-10-15
S02509,Alvarez Inc Store,Ahmedabad,North,2025-07-08
S02510,"Webb, Brown and Williams Store",Kolkata,Central,2020-08-26
S02511,"Moore, Jordan and Sullivan Store",Delhi,West,2018-08-11
S02512,Moore-Chase Store,Ahmedabad,East,2017-02-11
S02513,Robinson Inc Store,Hyderabad,Central,2018-11-18
S02514,Moran PLC Store,Bengaluru,South,2019-04-28
S02515,"Casey, Schmidt and Callahan Store",Delhi,Central,2025-06-16
S02516,King-Sanchez Store,Delhi,South,2018-02-18
S02517,Clark-Powell Store,Delhi,South,2019-03-13
S02518,Hunter-Ortiz Store,Ahmedabad,Central,2018-07-03
S02519,Nelson Ltd Store,Mumbai,North,2023-10-27
S02520,Johnson-Stewart Store,Pune,Central,2018-02-20
S02521,Johnson-Boyd Store,Kolkata,West,2020-07-18
S02522,Smith Inc Store,Pune,West,2015-12-02
S02523,Henson-Franco Store,Hyderabad,South,2022-11-16
S02524,Jones Ltd Store,Jaipur,Central,2024-10-27
S02525,Glass LLC Store,Surat,South,2018-02-02
S02526,Rodriguez PLC Store,Hyderabad,East,2023-10-30
S02527,Smith Inc Store,Delhi,East,2019-11-02
S02528,Ward LLC Store,Pune,Central,2018-10-29
S02529,Rodriguez-Cline Store,Kolkata,West,2017-11-11
S02530,"Brown, Ho and Martin Store",Ahmedabad,Central,2022-11-19
S02531,"Rios, Moss and Martin Store",Chennai,West,2019-07-12
S02532,Wilson Ltd Store,Mumbai,Central,2020-09-05
S02533,"Schneider, Middleton and Anderson Store",Pune,North,2019-03-20
S02534,Davis and Sons Store,Chennai,East,2023-06-06
S02535,"Padilla, Mcintyre and Sims Store",Kolkata,Central,2020-11-04
S02536,Gaines LLC Store,Surat,South,2019-03-24
S02537,Clark Ltd Store,Mumbai,East,2016-11-06
S02538,Carter-Fox Store,Hyderabad,Central,2021-07-24
S02539,Walsh and Sons Store,Delhi,South,2018-09-06
S02540,Curtis LLC Store,Hyderabad,East,2016-07-23
S02541,Smith-Banks Store,Chennai,North,2024-02-24
S02542,"Pena, Flores and Newton Store",Kolkata,East,2021-11-29
S02543,"Wise, Brown and Brown Store",Kolkata,Central,2023-07-11
S02544,"Reyes, Frye and Jones Store",Pune,North,2024-12-01
S02545,Flores Ltd Store,Surat,North,2017-01-17
S02546,"Parsons, Patrick and Johnson Store",Pune,Central,2021-02-01
S02547,Mullen-Martinez Store,Pune,Central,2020-09-28
S02548,Gutierrez PLC Store,Bengaluru,East,2018-12-13
S02549,Harrison PLC Store,Ahmedabad,North,2019-11-19
S02550,Anderson and Sons Store,Jaipur,North,2016-07-03
S02551,Mejia PLC Store,Jaipur,East,2023-08-06
S02552,"Perry, Mejia and Hunter Store",Ahmedabad,North,2024-11-25
S02553,Collins-May Store,Kolkata,East,2020-09-15
S02554,Aguilar-Andrews Store,Hyderabad,East,2024-09-12
S02555,Martinez Ltd Store,Mumbai,West,2019-04-11
S02556,Nguyen-Garcia Store,Delhi,North,2019-12-14
S02557,Wolfe and Sons Store,Chennai,North,2023-02-15
S02558,Manning-Roberts Store,Ahmedabad,East,2021-02-23
S02559,Cochran and Sons Store,Pune,West,2018-12-21
S02560,"Ramirez, Wiley and Henry Store",Chennai,Central,2016-06-08
S02561,"Schultz, Grimes and Shepherd Store",Hyderabad,West,2019-10-22
S02562,Torres Group Store,Ahmedabad,West,2015-12-13
S02563,Gonzales-Gilbert Store,Pune,South,2020-09-18
S02564,Martin-Smith Store,Kolkata,East,2021-08-22
S02565,Chapman-Boyd Store,Ahmedabad,South,2016-04-05
S02566,"Ho, Walters and Wyatt Store",Pune,North,2022-03-28
S02567,Shaffer-Bryan Store,Kolkata,West,2024-01-23
S02568,Griffith-Fitzgerald Store,Hyderabad,West,2019-03-23
S02569,"Montgomery, Flores and Jordan Store",Bengaluru,North,2018-06-05
S02570,Andersen-Rios Store,Kolkata,Central,2025-02-17
S02571,"Johnson, Allen and Wallace Store",Jaipur,Central,2020-04-11
S02572,"Graham, Phillips and Wilson Store",Surat,South,2025-03-24
S02573,Woods-Davis Store,Bengaluru,Central,2023-02-07
S02574,"Evans, Hodges and Moore Store",Jaipur,West,2023-12-23
S02575,Sutton Group Store,Kolkata,West,2020-06-06
S02576,"Edwards, Frank and Barton Store",Chennai,West,2019-04-27
S02577,"Kent, Smith and Faulkner Store",Kolkata,South,2021-07-05
S02578,Willis-Jenkins Store,Jaipur,Central,2020-01-23
S02579,Mendez Inc Store,Surat,South,2021-10-21
S02580,Martinez PLC Store,Delhi,West,2018-11-16
S02581,Tran-Spence Store,Chennai,South,2023-03-23
S02582,"Pugh, Perez and Johnson Store",Chennai,North,2018-06-02
S02583,Howard PLC Store,Pune,North,2019-03-02
S02584,Payne-Rios Store,Jaipur,East,2020-05-30
S02585,Mcneil Ltd Store,Pune,North,2020-08-09
S02586,"Leonard, Martinez and Torres Store",Jaipur,South,2016-07-24
S02587,Gonzalez-Suarez Store,Pune,South,2021-04-08
S02588,"Walter, Smith and Cortez Store",Bengaluru,North,2023-10-19
S02589,"Burns, Mills and Barnett Store",Mumbai,East,2018-08-22
S02590,"Hess, Myers and Jennings Store",Ahmedabad,South,2017-08-28
S02591,"Rodriguez, Morrison and Cooper Store",Jaipur,Central,2025-08-21
S02592,"Stewart, Mcclure and Dixon Store",Chennai,South,2018-05-25
S02593,Thompson Group Store,Bengaluru,Central,2024-06-22
S02594,Green Group Store,Delhi,North,2021-06-06
S02595,"Williams, Willis and Ramirez Store",Mumbai,West,2024-01-23
S02596,Davis Group Store,Bengaluru,East,2024-07-10
S02597,Everett-Nelson Store,Delhi,North,2018-07-06
S02598,"Nelson, Kennedy and Villegas Store",Mumbai,South,2020-07-24
S02599,"Ortiz, Torres and Allen Store",Chennai,Central,2022-09-04
S02600,Cooper-Lindsey Store,Kolkata,North,2022-10-01
S02601,Singleton-Moore Store,Delhi,West,2021-04-16
S02602,"Ryan, Ramos and Mcneil Store",Ahmedabad,Central,2019-09-28
S02603,"Holden, Davis and Hensley Store",Delhi,North,2021-11-18
S02604,"Perry, Yoder and Estes Store",Ahmedabad,West,2023-11-16
S02605,"Sullivan, Garcia and Hughes Store",Chennai,West,2024-02-23
S02606,"Webster, Khan and Andersen Store",Mumbai,South,2016-06-15
S02607,Fernandez-Robinson Store,Kolkata,North,2017-12-13
S02608,Villanueva and Sons Store,Pune,North,2021-10-11
S02609,Johnson Inc Store,Pune,West,2022-08-26
S02610,Simmons Ltd Store,Delhi,North,2023-11-24
S02611,"Sanders, Duncan and Bowen Store",Kolkata,South,2022-04-19
S02612,"Espinoza, Simpson and Lewis Store",Delhi,South,2021-09-25
S02613,Smith-Lin Store,Pune,South,2024-09-19
S02614,"Wright, Smith and Williams Store",Jaipur,West,2019-06-19
S02615,Simmons-Boyd Store,Chennai,East,2025-09-09
S02616,"Costa, Morgan and Bennett Store",Delhi,East,2022-09-30
S02617,"Phillips, Snyder and Garner Store",Bengaluru,Central,2022-02-28
S02618,Garcia and Sons Store,Delhi,East,2019-02-27
S02619,"Dixon, Porter and Moran Store",Kolkata,Central,2018-06-14
S02620,"Mitchell, Delgado and Sanchez Store",Hyderabad,North,2025-05-29
S02621,Perry-Perez Store,Kolkata,East,2022-09-01
S02622,Warren-Lee Store,Kolkata,Central,2024-06-17
S02623,Hernandez LLC Store,Bengaluru,East,2021-02-13
S02624,Wade-Scott Store,Jaipur,Central,2021-09-02
S02625,"Clark, Ortega and Johnson Store",Kolkata,South,2017-08-16
S02626,"Mcgee, Campbell and Banks Store",Kolkata,East,2016-09-06
S02627,Stokes-Duncan Store,Ahmedabad,South,2023-12-06
S02628,Williams-Reeves Store,Surat,East,2016-09-26
S02629,Atkinson-Nichols Store,Bengaluru,North,2022-09-27
S02630,Wilson LLC Store,Kolkata,North,2017-03-01
S02631,"Hawkins, Murray and Johnson Store",Hyderabad,West,2024-11-08
S02632,Romero Group Store,Surat,West,2021-03-14
S02633,Tucker Ltd Store,Bengaluru,West,2024-08-28
S02634,Johnson-Porter Store,Surat,South,2021-02-13
S02635,Gentry LLC Store,Bengaluru,Central,2020-05-26
S02636,Gibbs-Payne Store,Chennai,West,2024-12-27
S02637,Johnson-Jackson Store,Jaipur,West,2016-12-04
S02638,Ferguson-Mckinney Store,Kolkata,North,2018-02-06
S02639,Mack-Reed Store,Chennai,West,2016-06-25
S02640,"Nelson, Sanchez and Fleming Store",Surat,Central,2022-02-23
S02641,"Allen, Hudson and Glass Store",Surat,West,2019-03-20
S02642,Gomez-Kaiser Store,Hyderabad,West,2024-06-06
S02643,Bailey and Sons Store,Mumbai,Central,2025-11-17
S02644,Sims-Anthony Store,Ahmedabad,North,2025-11-16
S02645,"Young, Kirby and Mitchell Store",Chennai,Central,2024-08-27
S02646,Palmer-Cooper Store,Delhi,North,2024-07-10
S02647,"Wells, Jones and Mendoza Store",Kolkata,Central,2023-02-12
S02648,Fuller Inc Store,Ahmedabad,East,2016-12-21
S02649,Fischer Group Store,Kolkata,Central,2016-01-07
S02650,"Smith, Jones and Ellis Store",Kolkata,East,2018-06-14
S02651,Howard-Brown Store,Pune,Central,2020-01-24
S02652,Lane-Henry Store,Delhi,East,2018-08-03
S02653,"Smith, Mcdonald and Davis Store",Pune,East,2022-10-12
S02654,"Heath, Williams and Ingram Store",Ahmedabad,East,2018-05-04
S02655,Garcia Group Store,Mumbai,West,2016-06-21
S02656,"Perry, Mcbride and Smith Store",Jaipur,East,2016-11-02
S02657,"Davidson, Ellis and Perez Store",Surat,Central,2019-08-09
S02658,"Porter, Warren and Patel Store",Mumbai,Central,2019-07-09
S02659,"Robertson, Johnson and Turner Store",Kolkata,West,2025-02-19
S02660,Holloway-Coleman Store,Kolkata,Central,2022-07-31
S02661,"Horn, Tucker and Ali Store",Bengaluru,North,2020-12-23
S02662,Melendez-Phillips Store,Surat,Central,2021-03-09
S02663,"Dunn, Clark and Mcdonald Store",Jaipur,South,2022-12-14
S02664,"Conley, West and Ray Store",Bengaluru,West,2017-10-26
S02665,Peck Group Store,Pune,West,2016-07-06
S02666,"Morgan, Martinez and Reeves Store",Pune,North,2018-02-05
S02667,"Clark, Lewis and Ramsey Store",Mumbai,South,2025-02-15
S02668,Peterson-Ramos Store,Jaipur,West,2017-11-17
S02669,Smith LLC Store,Bengaluru,North,2019-05-22
S02670,"Smith, Cline and Allen Store",Mumbai,North,2019-05-29
S02671,"Austin, Richardson and Buckley Store",Delhi,Central,2020-02-26
S02672,"Bray, Davis and Peterson Store",Chennai,South,2024-04-19
S02673,Monroe and Sons Store,Pune,Central,2025-08-17
S02674,Martinez-Potter Store,Jaipur,West,2021-02-28
S02675,Gutierrez-Jones Store,Ahmedabad,South,2016-04-23
S02676,Harris Ltd Store,Hyderabad,South,2020-08-23
S02677,Marquez-West Store,Jaipur,North,2024-02-20
S02678,Sosa-Jackson Store,Jaipur,Central,2021-10-25
S02679,"Lloyd, Kaiser and Scott Store",Chennai,Central,2021-11-14
S02680,"Martinez, Carlson and Campbell Store",Chennai,Central,2024-08-29
S02681,"Johnson, Woodard and Hall Store",Bengaluru,West,2023-07-17
S02682,Martinez-Taylor Store,Jaipur,East,2020-11-08
S02683,"Kirby, Mann and Alexander Store",Jaipur,East,2023-11-25
S02684,Martinez-Mercado Store,Hyderabad,East,2022-03-31
S02685,Scott and Sons Store,Pune,South,2023-09-01
S02686,"Jones, Farrell and Frye Store",Kolkata,West,2021-05-14
S02687,Brooks-Gregory Store,Jaipur,East,2017-11-08
S02688,"Morgan, Mills and Shaffer Store",Mumbai,Central,2017-06-03
S02689,"Simpson, Hobbs and Matthews Store",Kolkata,South,2021-12-08
S02690,"Evans, Ross and Harris Store",Chennai,East,2025-01-01
S02691,"Robertson, Bailey and Bishop Store",Jaipur,North,2021-05-18
S02692,"Barrett, Joseph and Scott Store",Mumbai,North,2021-11-09
S02693,Evans-Murphy Store,Kolkata,Central,2024-10-21
S02694,Johnston LLC Store,Jaipur,North,2025-10-09
S02695,Cantu-Bates Store,Jaipur,North,2017-09-23
S02696,Anderson and Sons Store,Pune,North,2023-01-15
S02697,Warren-Stephens Store,Pune,East,2024-10-01
S02698,"Scott, Green and Garcia Store",Surat,West,2016-01-25
S02699,Sims-Schmidt Store,Mumbai,South,2024-11-16
S02700,Stevens-Gomez Store,Hyderabad,West,2018-08-04
S02701,Bennett Inc Store,Jaipur,South,2025-05-31
S02702,Thompson-Young Store,Jaipur,Central,2022-10-02
S02703,Sandoval-Davis Store,Hyderabad,East,2024-03-23
S02704,"Fischer, Espinoza and Graham Store",Surat,Central,2018-05-04
S02705,King-Hernandez Store,Delhi,West,2017-02-03
S02706,Taylor PLC Store,Chennai,South,2016-09-04
S02707,"Flynn, Walsh and Peters Store",Pune,West,2017-08-30
S02708,Price-Mcneil Store,Ahmedabad,East,2016-08-15
S02709,Neal-Stephens Store,Surat,Central,2025-05-21
S02710,"Jacobson, Jones and Wright Store",Bengaluru,North,2017-06-28
S02711,Taylor-Owens Store,Jaipur,East,2020-04-21
S02712,"Moss, Hayden and Lewis Store",Surat,West,2015-12-31
S02713,"Stone, Barrera and Lopez Store",Bengaluru,Central,2021-02-09
S02714,Harding-Santiago Store,Kolkata,South,2022-11-10
S02715,Wagner-Nelson Store,Ahmedabad,South,2019-09-26
S02716,"Barber, Barry and Rivera Store",Kolkata,West,2019-11-10
S02717,"Wright, Fox and Frazier Store",Kolkata,Central,2022-10-31
S02718,Hill and Sons Store,Hyderabad,West,2017-03-28
S02719,"Pearson, Galvan and Smith Store",Pune,South,2024-12-02
S02720,Banks-Cochran Store,Jaipur,East,2024-04-20
S02721,Lopez-Osborne Store,Jaipur,North,2022-05-02
S02722,"Schmidt, Mathews and Sullivan Store",Delhi,East,2024-01-14
S02723,"Sullivan, Diaz and Moore Store",Pune,East,2020-07-25
S02724,"Martinez, Sharp and Perez Store",Jaipur,North,2020-03-27
S02725,Salazar Ltd Store,Mumbai,East,2025-06-20
S02726,Rivera Ltd Store,Mumbai,Central,2023-11-08
S02727,Allen-Nguyen Store,Ahmedabad,Central,2019-05-27
S02728,Hughes Group Store,Surat,South,2025-04-22
S02729,Haney-Meza Store,Kolkata,East,2017-05-24
S02730,Dunn-Oneal Store,Delhi,North,2018-05-24
S02731,Jacobson Ltd Store,Mumbai,East,2017-05-08
S02732,Jackson Inc Store,Delhi,Central,2016-04-22
S02733,Dyer-Bradley Store,Bengaluru,North,2024-09-24
S02734,Cook Ltd Store,Pune,West,2022-06-07
S02735,Oliver-Kline Store,Mumbai,Central,2019-11-07
S02736,Richmond-Bruce Store,Hyderabad,West,2022-04-25
S02737,Huffman-Chen Store,Delhi,North,2020-04-27
S02738,"Craig, Warner and Cohen Store",Pune,North,2017-12-31
S02739,Salazar-Dalton Store,Chennai,East,2021-11-24
S02740,Mejia-Allison Store,Jaipur,West,2016-08-24
S02741,Krueger Group Store,Jaipur,South,2022-03-05
S02742,Roth-Marquez Store,Mumbai,East,2022-06-12
S02743,Taylor-Tran Store,Kolkata,Central,2017-01-25
S02744,Miller-Scott Store,Bengaluru,East,2023-12-11
S02745,"Henson, Leon and Moore Store",Hyderabad,North,2024-03-18
S02746,Wright-Moreno Store,Bengaluru,South,2020-04-19
S02747,Yoder Group Store,Kolkata,West,2022-04-03
S02748,Howard and Sons Store,Hyderabad,North,2018-07-23
S02749,Ray-Howard Store,Jaipur,East,2018-02-10
S02750,Walker Group Store,Chennai,West,2023-04-30
S02751,"Martin, Cohen and Gregory Store",Mumbai,North,2018-02-27
S02752,Young and Sons Store,Kolkata,Central,2018-08-21
S02753,Nelson-Williams Store,Mumbai,Central,2017-06-29
S02754,Mcdonald LLC Store,Jaipur,West,2021-07-14
S02755,Hart-Jenkins Store,Chennai,West,2021-01-26
S02756,Taylor and Sons Store,Hyderabad,Central,2024-10-10
S02757,Lambert and Sons Store,Mumbai,South,2022-06-01
S02758,Collins-Valdez Store,Pune,West,2016-07-10
S02759,Wilson-Beck Store,Surat,West,2020-06-21
S02760,Duncan LLC Store,Ahmedabad,North,2020-02-04
S02761,"Preston, Hayes and White Store",Bengaluru,South,2022-07-30
S02762,Walker and Sons Store,Jaipur,Central,2019-06-19
S02763,Black-Moses Store,Pune,West,2016-07-31
S02764,"Young, Scott and Miles Store",Delhi,Central,2016-01-21
S02765,Snow-Perry Store,Pune,South,2020-04-14
S02766,Kennedy and Sons Store,Delhi,West,2021-04-17
S02767,"Powers, Nguyen and Carter Store",Pune,North,2020-09-12
S02768,Thompson-Rice Store,Ahmedabad,West,2020-01-23
S02769,Green-Anderson Store,Surat,North,2019-06-20
S02770,Alvarez-Green Store,Jaipur,East,2015-12-02
S02771,"Woods, Hernandez and Sullivan Store",Surat,Central,2018-09-11
S02772,Rodriguez PLC Store,Chennai,North,2018-03-29
S02773,"Dyer, Nguyen and Young Store",Jaipur,South,2019-06-30
S02774,"Romero, Johnston and Barrett Store",Surat,East,2020-07-31
S02775,Russell-Smith Store,Hyderabad,West,2025-01-06
S02776,Fleming LLC Store,Pune,West,2024-01-05
S02777,Hubbard-Small Store,Delhi,East,2025-05-22
S02778,Jones-Turner Store,Pune,Central,2019-11-28
S02779,"Vargas, Norton and Hawkins Store",Pune,Central,2024-09-11
S02780,"Conway, Leon and Cooper Store",Kolkata,North,2024-07-06
S02781,Garcia-Sullivan Store,Jaipur,South,2018-03-29
S02782,Adams and Sons Store,Jaipur,East,2019-05-23
S02783,Cole and Sons Store,Surat,East,2016-10-12
S02784,Evans Group Store,Mumbai,North,2021-07-17
S02785,"Maldonado, Perez and Foster Store",Mumbai,North,2020-10-12
S02786,Griffin Ltd Store,Delhi,Central,2016-06-22
S02787,Melton Inc Store,Hyderabad,South,2016-08-29
S02788,Nelson-Kelly Store,Hyderabad,Central,2023-01-02
S02789,Mcintosh PLC Store,Surat,Central,2018-11-25
S02790,Gay PLC Store,Pune,West,2020-09-12
S02791,Harris Inc Store,Delhi,East,2018-08-27
S02792,Armstrong LLC Store,Jaipur,West,2016-01-07
S02793,"Walton, Townsend and Tucker Store",Jaipur,West,2023-10-07
S02794,Gonzalez-Pierce Store,Bengaluru,West,2025-05-06
S02795,"Weber, Green and Williams Store",Kolkata,North,2023-05-12
S02796,"Brown, Johnson and Bright Store",Jaipur,North,2018-01-04
S02797,Perez-Crawford Store,Bengaluru,North,2017-07-22
S02798,"Casey, Williams and Page Store",Ahmedabad,West,2025-10-23
S02799,Eaton LLC Store,Hyderabad,Central,2022-01-20
S02800,Gray and Sons Store,Kolkata,Central,2017-05-19
S02801,Combs-Beck Store,Delhi,South,2025-06-12
S02802,Clarke-Ibarra Store,Pune,West,2023-03-12
S02803,"Ramirez, Long and Wilkerson Store",Chennai,Central,2016-05-24
S02804,"Evans, White and Chapman Store",Hyderabad,North,2021-02-26
S02805,Owens and Sons Store,Bengaluru,East,2015-12-27
S02806,"Moore, Hart and Thomas Store",Hyderabad,South,2023-09-11
S02807,"Green, Taylor and Benton Store",Surat,South,2023-11-09
S02808,"Thompson, Barber and Miller Store",Pune,South,2020-02-14
S02809,Lawrence Ltd Store,Mumbai,East,2022-08-07
S02810,White Ltd Store,Hyderabad,South,2025-08-31
S02811,"Singh, Le and Padilla Store",Chennai,Central,2020-06-16
S02812,"Shepherd, Carter and Clark Store",Hyderabad,East,2019-04-27
S02813,Ray LLC Store,Delhi,Central,2021-08-07
S02814,Warner-Mills Store,Mumbai,East,2018-11-26
S02815,King-Mcmahon Store,Bengaluru,Central,2019-10-29
S02816,Carson-Scott Store,Jaipur,West,2016-12-27
S02817,Smith-Bryant Store,Ahmedabad,North,2016-11-26
S02818,Church-Boyd Store,Bengaluru,Central,2022-12-25
S02819,Cantrell LLC Store,Surat,Central,2021-10-29
S02820,Reynolds Group Store,Bengaluru,South,2017-10-09
S02821,"Dixon, Gray and Palmer Store",Ahmedabad,South,2020-05-13
S02822,Watson-Price Store,Kolkata,Central,2025-04-28
S02823,Oneill Group Store,Mumbai,South,2023-03-01
S02824,Bernard LLC Store,Delhi,East,2020-10-04
S02825,"Berger, Anderson and Johnson Store",Hyderabad,Central,2019-08-13
S02826,"Brooks, Carrillo and Jenkins Store",Delhi,West,2017-10-08
S02827,"Hood, Hudson and Richard Store",Surat,North,2020-01-16
S02828,Giles Ltd Store,Chennai,Central,2020-07-25
S02829,"Butler, Anderson and Oliver Store",Jaipur,West,2024-03-15
S02830,Smith-Davis Store,Mumbai,East,2021-03-08
S02831,"Rodriguez, Hill and Smith Store",Delhi,North,2023-10-08
S02832,"Gibson, Hensley and Obrien Store",Ahmedabad,Central,2021-05-22
S02833,Macdonald-Nelson Store,Chennai,North,2023-10-14
S02834,Cross PLC Store,Bengaluru,South,2018-08-08
S02835,Mccoy LLC Store,Kolkata,North,2019-05-15
S02836,"Rodriguez, Baker and Cunningham Store",Bengaluru,North,2020-04-07
S02837,Jones-Flores Store,Ahmedabad,North,2024-09-10
S02838,"Kaiser, Jennings and Coffey Store",Surat,West,2017-09-18
S02839,Christensen Group Store,Hyderabad,South,2022-12-04
S02840,Rangel Ltd Store,Pune,South,2019-02-22
S02841,"Sampson, Robinson and Harris Store",Delhi,North,2015-12-26
S02842,"Sanders, Cox and Hodges Store",Pune,West,2021-11-28
S02843,George-Miller Store,Chennai,Central,2023-07-03
S02844,"Salas, Stevens and Brock Store",Hyderabad,East,2021-02-23
S02845,King-Young Store,Jaipur,Central,2017-03-23
S02846,Long-Larson Store,Delhi,East,2019-04-27
S02847,Gomez-Salazar Store,Ahmedabad,South,2025-04-02
S02848,"Davis, Williams and Alexander Store",Kolkata,East,2022-05-22
S02849,"Murphy, Mcgee and Hurst Store",Delhi,North,2019-04-18
S02850,Bass Group Store,Bengaluru,West,2022-03-10
S02851,Gibbs-Lopez Store,Kolkata,Central,2023-12-08
S02852,"Smith, Silva and Kennedy Store",Jaipur,East,2016-08-22
S02853,Arnold-George Store,Jaipur,South,2020-11-29
S02854,Solomon PLC Store,Pune,East,2016-08-13
S02855,Robertson-Gibson Store,Surat,North,2022-09-08
S02856,Thomas LLC Store,Bengaluru,North,2024-04-21
S02857,"Armstrong, Campbell and Lee Store",Mumbai,West,2025-06-27
S02858,Perez LLC Store,Surat,Central,2025-08-24
S02859,Reyes Ltd Store,Pune,East,2021-03-04
S02860,"Guzman, Austin and Johnson Store",Mumbai,West,2017-06-09
S02861,Rivera LLC Store,Bengaluru,South,2025-03-19
S02862,Thompson-Woods Store,Hyderabad,South,2023-03-20
S02863,Matthews-Perkins Store,Jaipur,South,2019-05-30
S02864,Turner-Sanders Store,Bengaluru,South,2022-01-07
S02865,White-Mendoza Store,Kolkata,South,2019-07-17
S02866,Armstrong-Butler Store,Jaipur,North,2023-01-01
S02867,"Nelson, Small and Rodriguez Store",Jaipur,North,2019-11-14
S02868,Thomas-Miller Store,Bengaluru,Central,2025-03-16
S02869,Santiago and Sons Store,Pune,South,2016-03-29
S02870,Wiggins LLC Store,Surat,East,2019-02-20
S02871,Pena-Munoz Store,Bengaluru,Central,2020-11-11
S02872,Ray-Hayden Store,Bengaluru,West,2020-05-24
S02873,"Miller, Ward and Juarez Store",Ahmedabad,Central,2024-01-29
S02874,Abbott-Nguyen Store,Jaipur,Central,2017-01-12
S02875,Newman Inc Store,Kolkata,North,2025-05-22
S02876,Robinson LLC Store,Chennai,Central,2016-03-27
S02877,Howe-Bradley Store,Ahmedabad,Central,2021-11-04
S02878,Dixon and Sons Store,Surat,West,2019-11-16
S02879,Williams Ltd Store,Ahmedabad,South,2019-10-17
S02880,Garcia-Best Store,Pune,Central,2017-10-20
S02881,Mcfarland-Sanchez Store,Jaipur,South,2023-11-06
S02882,"Haley, Brooks and Barnett Store",Chennai,North,2020-10-29
S02883,Koch Group Store,Mumbai,East,2017-12-03
S02884,"Stark, Williams and Williams Store",Hyderabad,West,2020-07-28
S02885,"Larson, Anderson and Davis Store",Bengaluru,Central,2023-03-13
S02886,Thornton-Fry Store,Hyderabad,West,2023-12-14
S02887,Vang PLC Store,Hyderabad,North,2023-04-12
S02888,Mann Group Store,Bengaluru,East,2023-07-19
S02889,Simmons LLC Store,Chennai,South,2022-12-30
S02890,Pruitt-Fernandez Store,Pune,East,2023-10-30
S02891,"Jennings, Perez and Smith Store",Mumbai,South,2018-11-06
S02892,"Hill, Marshall and Barnett Store",Ahmedabad,East,2021-08-29
S02893,Guerrero-Williams Store,Delhi,East,2020-05-31
S02894,Long and Sons Store,Mumbai,East,2020-10-28
S02895,Tran-Thompson Store,Hyderabad,North,2018-03-27
S02896,Powell-Osborne Store,Jaipur,South,2020-07-28
S02897,"Joseph, Johnson and Taylor Store",Delhi,North,2021-01-21
S02898,Robinson Ltd Store,Chennai,Central,2023-08-04
S02899,Warren-Simon Store,Hyderabad,Central,2023-05-26
S02900,"Shields, Harris and Walker Store",Bengaluru,Central,2017-11-18
S02901,Thomas-Pace Store,Kolkata,East,2025-08-29
S02902,"Miles, Weeks and Howe Store",Mumbai,North,2023-11-25
S02903,Lowe-Wells Store,Mumbai,Central,2023-04-26
S02904,"Collins, Allen and Murphy Store",Chennai,Central,2019-06-21
S02905,"Phillips, Brown and Craig Store",Jaipur,North,2024-02-11
S02906,Martin Group Store,Ahmedabad,North,2023-02-15
S02907,Jimenez-Rogers Store,Surat,South,2024-05-11
S02908,"Freeman, Martinez and Scott Store",Kolkata,West,2022-09-10
S02909,Ramirez-Gutierrez Store,Ahmedabad,Central,2018-05-04
S02910,Sanchez Group Store,Chennai,West,2024-10-19
S02911,Jones-Foster Store,Chennai,North,2018-04-06
S02912,Mejia-Gregory Store,Mumbai,South,2022-05-22
S02913,"Sullivan, Smith and Dunlap Store",Mumbai,North,2024-03-27
S02914,"Smith, Kelly and Bailey Store",Hyderabad,North,2023-02-27
S02915,Sexton-Bray Store,Chennai,South,2021-04-11
S02916,Morgan-Moore Store,Pune,South,2021-11-10
S02917,"Ball, Molina and Padilla Store",Pune,South,2024-03-09
S02918,Hines and Sons Store,Ahmedabad,North,2016-07-14
S02919,Owen and Sons Store,Delhi,South,2020-12-22
S02920,Jimenez-Anderson Store,Mumbai,North,2020-08-24
S02921,Wright-Cooper Store,Pune,North,2023-04-27
S02922,"Hoffman, Davis and Moore Store",Delhi,South,2025-08-13
S02923,"Robinson, Robbins and Hall Store",Bengaluru,South,2016-08-17
S02924,Hoffman and Sons Store,Bengaluru,South,2023-11-27
S02925,Mclean LLC Store,Chennai,West,2017-09-13
S02926,Cole and Sons Store,Delhi,Central,2022-06-18
S02927,Malone Ltd Store,Pune,North,2019-07-17
S02928,Lin-Smith Store,Bengaluru,West,2019-02-12
S02929,Miller-Beck Store,Jaipur,Central,2023-05-10
S02930,Baker LLC Store,Bengaluru,South,2017-06-01
S02931,"Mccarthy, Parks and Murphy Store",Chennai,North,2018-12-25
S02932,"Smith, Johnson and Collins Store",Hyderabad,West,2024-10-04
S02933,Buckley Ltd Store,Chennai,South,2022-10-14
S02934,Johnson-Frey Store,Bengaluru,West,2016-04-08
S02935,Smith and Sons Store,Pune,North,2018-03-16
S02936,Miller-Acosta Store,Jaipur,Central,2019-05-19
S02937,Garcia PLC Store,Kolkata,North,2018-02-15
S02938,Cole-Compton Store,Hyderabad,Central,2021-11-07
S02939,Smith-Sullivan Store,Delhi,North,2025-10-12
S02940,"Garcia, Wright and Solis Store",Pune,West,2024-11-27
S02941,"Douglas, Fitzgerald and Vasquez Store",Bengaluru,Central,2024-03-08
S02942,Grimes PLC Store,Ahmedabad,West,2022-11-13
S02943,"Gray, Nunez and Russo Store",Bengaluru,East,2023-03-17
S02944,Henry Inc Store,Mumbai,South,2025-09-30
S02945,Schmidt-Weiss Store,Pune,West,2018-08-24
S02946,"Dean, Rivas and Lewis Store",Kolkata,West,2024-11-12
S02947,"Perez, Hill and Mitchell Store",Chennai,Central,2016-11-21
S02948,King-Hancock Store,Jaipur,East,2016-04-29
S02949,"Mendez, Love and Gill Store",Pune,South,2021-08-15
S02950,Massey PLC Store,Pune,West,2021-09-28
S02951,Benson-Hartman Store,Ahmedabad,North,2020-07-21
S02952,Morse and Sons Store,Delhi,West,2016-05-14
S02953,Smith-Watts Store,Jaipur,Central,2016-11-03
S02954,Gonzalez and Sons Store,Ahmedabad,West,2017-12-16
S02955,Gonzalez and Sons Store,Bengaluru,East,2017-05-24
S02956,Hurley Ltd Store,Surat,South,2016-08-02
S02957,Bryant-Cabrera Store,Hyderabad,South,2020-01-27
S02958,"Rowe, Burgess and Jones Store",Pune,West,2019-04-10
S02959,Jimenez-Brown Store,Kolkata,Central,2021-08-03
S02960,"Williams, Villegas and Lloyd Store",Bengaluru,East,2020-06-01
S02961,Williams Inc Store,Bengaluru,North,2022-12-22
S02962,Cook and Sons Store,Mumbai,East,2019-09-27
S02963,"Martin, Brown and Smith Store",Delhi,West,2020-03-31
S02964,"Floyd, Johnson and Robertson Store",Mumbai,East,2022-03-10
S02965,Dixon PLC Store,Kolkata,South,2016-04-02
S02966,"Johnson, Jimenez and Ayala Store",Bengaluru,East,2019-12-15
S02967,"Cooper, Young and Hanson Store",Delhi,West,2016-03-28
S02968,"Hudson, Rowe and Watkins Store",Hyderabad,Central,2020-10-14
S02969,Salas LLC Store,Ahmedabad,West,2024-03-28
S02970,Brown-Mueller Store,Ahmedabad,South,2023-09-24
S02971,Reyes-Chaney Store,Hyderabad,North,2023-11-19
S02972,Fields-Morgan Store,Ahmedabad,West,2024-07-02
S02973,Mendoza and Sons Store,Kolkata,East,2023-07-29
S02974,"White, Thornton and Shaffer Store",Chennai,South,2016-10-06
S02975,Tran Group Store,Pune,East,2018-09-30
S02976,"Bird, Thompson and Luna Store",Chennai,South,2021-01-13
S02977,Gilbert Group Store,Kolkata,West,2021-09-04
S02978,"Walter, Garcia and Lara Store",Surat,West,2019-05-09
S02979,Mccoy-Saunders Store,Pune,West,2025-04-22
S02980,Martin LLC Store,Hyderabad,West,2017-12-30
S02981,Smith LLC Store,Bengaluru,South,2021-07-06
S02982,Williams Inc Store,Hyderabad,East,2024-11-04
S02983,Collins Inc Store,Delhi,East,2024-02-17
S02984,Miller-Deleon Store,Ahmedabad,East,2021-11-29
S02985,"Ruiz, Williams and Jones Store",Mumbai,West,2018-09-14
S02986,James PLC Store,Hyderabad,North,2017-10-22
S02987,"Cunningham, Nelson and Diaz Store",Chennai,South,2023-11-14
S02988,Romero-Walker Store,Surat,West,2024-04-04
S02989,Perez LLC Store,Mumbai,Central,2018-10-31
S02990,"Underwood, Thomas and Morris Store",Chennai,North,2016-08-31
S02991,Bryant and Sons Store,Delhi,East,2025-09-17
S02992,Fuller Ltd Store,Surat,North,2022-04-06
S02993,Lee Group Store,Ahmedabad,West,2023-01-11
S02994,Gomez PLC Store,Hyderabad,West,2016-04-08
S02995,Sanders Inc Store,Kolkata,West,2018-09-01
S02996,Ashley-Williamson Store,Jaipur,West,2022-02-14
S02997,Gonzales-Calhoun Store,Hyderabad,East,2019-11-30
S02998,Gibbs-Vazquez Store,Jaipur,East,2016-05-28
S02999,Thomas Inc Store,Surat,West,2018-10-08
S03000,Rivera-Carr Store,Jaipur,Central,2017-07-27
S03001,Monroe Group Store,Surat,South,2025-09-21
S03002,Allen-Hopkins Store,Hyderabad,South,2022-12-12
S03003,"Reed, Williams and Davis Store",Mumbai,East,2023-05-14
S03004,"Houston, York and Oneal Store",Mumbai,East,2019-02-14
S03005,Harris Group Store,Surat,Central,2023-12-03
S03006,"Howe, Rios and Sanchez Store",Mumbai,West,2023-02-20
S03007,"Buck, Delgado and Powers Store",Mumbai,West,2024-01-25
S03008,"Velez, Day and Martin Store",Chennai,North,2021-01-30
S03009,Robinson LLC Store,Jaipur,East,2017-10-25
S03010,Gentry LLC Store,Ahmedabad,West,2018-12-03
S03011,Anderson-Daniels Store,Hyderabad,West,2021-07-30
S03012,Aguirre-Hernandez Store,Surat,North,2020-05-02
S03013,Greene Ltd Store,Hyderabad,West,2021-12-20
S03014,Turner-Long Store,Delhi,North,2024-12-25
S03015,Parker PLC Store,Ahmedabad,South,2024-10-07
S03016,Thomas-Mullen Store,Kolkata,East,2017-10-23
S03017,"Miller, Johnson and Campbell Store",Bengaluru,West,2021-07-31
S03018,Crawford PLC Store,Mumbai,Central,2022-07-25
S03019,"Quinn, Jenkins and Adams Store",Pune,Central,2018-08-14
S03020,Cook-Wallace Store,Delhi,South,2019-10-25
S03021,Walton Ltd Store,Ahmedabad,Central,2023-12-08
S03022,Valenzuela Inc Store,Hyderabad,North,2016-07-20
S03023,Mcintyre LLC Store,Ahmedabad,East,2018-07-24
S03024,Mills-Cain Store,Delhi,South,2021-11-19
S03025,Torres-Smith Store,Pune,West,2021-01-11
S03026,Castillo-Lee Store,Chennai,South,2020-02-16
S03027,"Marks, Santos and Randolph Store",Bengaluru,South,2022-09-28
S03028,Brown-Barnes Store,Surat,East,2023-08-31
S03029,"Garner, Gilbert and Brooks Store",Bengaluru,East,2019-08-09
S03030,"Tyler, Lewis and Morrison Store",Ahmedabad,East,2020-04-14
S03031,Johnson-Conway Store,Ahmedabad,South,2018-04-09
S03032,Henson-Smith Store,Hyderabad,Central,2018-09-02
S03033,Shields Inc Store,Surat,West,2018-07-05
S03034,"Lamb, Holt and Evans Store",Pune,East,2024-09-08
S03035,Macdonald-Long Store,Pune,East,2024-04-04
S03036,"Buchanan, Wilson and Smith Store",Hyderabad,East,2018-11-12
S03037,Harris Group Store,Surat,North,2021-08-15
S03038,Perez Ltd Store,Ahmedabad,West,2019-08-01
S03039,Barajas-Jones Store,Chennai,South,2020-05-24
S03040,Jennings-Hill Store,Jaipur,West,2017-04-13
S03041,Flynn Inc Store,Delhi,East,2019-05-10
S03042,Hicks Ltd Store,Surat,North,2021-10-08
S03043,Casey-Browning Store,Ahmedabad,East,2017-09-11
S03044,Kelley LLC Store,Delhi,North,2017-06-27
S03045,Gray and Sons Store,Bengaluru,South,2022-10-27
S03046,Singleton-Bridges Store,Kolkata,South,2017-01-24
S03047,Crane-Nguyen Store,Surat,Central,2025-07-07
S03048,Duncan and Sons Store,Delhi,South,2016-07-14
S03049,"Lynch, Morales and Jimenez Store",Bengaluru,North,2019-03-27
S03050,Delgado Ltd Store,Kolkata,East,2020-02-21
S03051,Torres Ltd Store,Pune,South,2019-05-01
S03052,Mckee Group Store,Pune,East,2018-08-28
S03053,"Rangel, Jones and Williams Store",Chennai,Central,2024-03-17
S03054,Campbell Ltd Store,Jaipur,East,2024-02-24
S03055,Cuevas Ltd Store,Hyderabad,Central,2025-09-03
S03056,"Rodgers, Morales and Peters Store",Pune,South,2020-05-08
S03057,Vazquez-Smith Store,Pune,South,2019-05-08
S03058,"Lynch, Molina and Fields Store",Mumbai,South,2025-06-29
S03059,Medina-Warren Store,Pune,North,2022-06-29
S03060,"Allen, Hicks and Cantu Store",Chennai,East,2025-01-12
S03061,Brown-Weeks Store,Bengaluru,South,2025-03-19
S03062,Henderson LLC Store,Kolkata,North,2017-03-24
S03063,"Reese, Ingram and Davis Store",Bengaluru,West,2025-08-29
S03064,Hall Inc Store,Ahmedabad,East,2018-02-01
S03065,Lee Inc Store,Ahmedabad,North,2020-07-26
S03066,Smith Group Store,Hyderabad,South,2022-07-13
S03067,Bradley-Meyer Store,Jaipur,East,2024-01-19
S03068,Moore-Kent Store,Jaipur,North,2023-02-23
S03069,Mosley and Sons Store,Mumbai,Central,2021-04-10
S03070,Barnett-Mcgee Store,Delhi,East,2016-08-26
S03071,Koch-Skinner Store,Kolkata,West,2019-09-17
S03072,Johnson-Morgan Store,Delhi,South,2024-07-18
S03073,"Miller, Walters and Larson Store",Bengaluru,Central,2025-02-27
S03074,Smith-Wells Store,Ahmedabad,East,2018-02-14
S03075,Smith and Sons Store,Pune,South,2016-11-02
S03076,Spencer-Berg Store,Pune,South,2021-11-23
S03077,Peterson-Reed Store,Chennai,East,2020-11-14
S03078,Dunn-Ramirez Store,Mumbai,North,2016-10-09
S03079,Ball Group Store,Hyderabad,North,2022-12-26
S03080,"Cooper, Lee and Moss Store",Kolkata,South,2023-06-18
S03081,"Peters, Stone and Davis Store",Kolkata,North,2017-05-05
S03082,"Green, Phillips and Bowen Store",Jaipur,South,2021-05-07
S03083,Larson Group Store,Hyderabad,South,2023-01-29
S03084,Villarreal LLC Store,Hyderabad,North,2021-08-23
S03085,Gutierrez-Rich Store,Kolkata,Central,2024-04-09
S03086,"Robinson, Bennett and Bennett Store",Mumbai,South,2020-05-08
S03087,Haynes Ltd Store,Delhi,East,2021-02-14
S03088,Bryant Inc Store,Mumbai,South,2022-08-29
S03089,Jenkins and Sons Store,Kolkata,South,2021-02-01
S03090,Hendrix Group Store,Hyderabad,Central,2023-02-25
S03091,Schultz Group Store,Pune,North,2020-02-27
S03092,Frederick-Mccarty Store,Surat,Central,2024-07-23
S03093,Lucero-Johnson Store,Bengaluru,East,2019-04-07
S03094,"Morrison, Adams and Johnson Store",Ahmedabad,Central,2023-12-26
S03095,Spencer Group Store,Mumbai,West,2018-11-28
S03096,Conner-Gould Store,Bengaluru,West,2022-06-14
S03097,Freeman PLC Store,Kolkata,South,2019-01-27
S03098,"Ellis, Miller and Watson Store",Mumbai,West,2016-12-29
S03099,Fernandez-Sanchez Store,Bengaluru,South,2016-09-06
S03100,Hernandez Inc Store,Hyderabad,North,2017-11-07
S03101,Turner-Howard Store,Jaipur,West,2017-02-21
S03102,Compton-Wilkerson Store,Chennai,South,2020-02-09
S03103,Hernandez-Martinez Store,Pune,North,2025-06-16
S03104,Bowen Ltd Store,Bengaluru,East,2019-02-08
S03105,"Johnson, Reynolds and Keller Store",Mumbai,West,2017-01-28
S03106,Tran-Carter Store,Bengaluru,West,2020-03-10
S03107,"Sharp, Wilkinson and Ellis Store",Pune,Central,2023-05-08
S03108,Adams-Villegas Store,Jaipur,North,2024-01-11
S03109,Atkinson-Salinas Store,Ahmedabad,North,2025-09-04
S03110,Rios-Blair Store,Mumbai,North,2024-11-22
S03111,Graham Group Store,Surat,West,2021-07-04
S03112,Green Ltd Store,Jaipur,West,2025-08-12
S03113,"Smith, Hill and Yoder Store",Delhi,South,2015-12-26
S03114,Holland and Sons Store,Hyderabad,North,2016-09-03
S03115,Chavez-Pineda Store,Bengaluru,East,2020-09-15
S03116,Rodriguez-Fowler Store,Surat,Central,2019-04-01
S03117,Swanson and Sons Store,Jaipur,South,2021-10-09
S03118,"Graham, Spencer and Martin Store",Chennai,West,2025-08-20
S03119,"Smith, Mitchell and Richardson Store",Surat,Central,2019-02-08
S03120,Moore Inc Store,Delhi,East,2016-01-24
S03121,Underwood-Floyd Store,Bengaluru,West,2020-06-14
S03122,Snyder and Sons Store,Surat,West,2025-03-20
S03123,"Cunningham, Bradley and Cook Store",Pune,Central,2021-10-19
S03124,Young-Brown Store,Ahmedabad,North,2018-05-19
S03125,"Snow, Day and Hendricks Store",Bengaluru,West,2022-03-01
S03126,"Morton, Nguyen and Marquez Store",Mumbai,West,2020-06-15
S03127,"Phillips, Phelps and Santana Store",Hyderabad,East,2017-05-21
S03128,"Simmons, Jimenez and Burnett Store",Ahmedabad,South,2018-03-11
S03129,Robertson Ltd Store,Pune,West,2020-12-27
S03130,"Mccann, Marks and Mosley Store",Pune,South,2025-11-04
S03131,Thomas-Smith Store,Hyderabad,South,2017-06-17
S03132,Carter-James Store,Kolkata,North,2017-08-24
S03133,Mcmahon-Hawkins Store,Chennai,West,2022-09-23
S03134,"Clark, Booth and Carr Store",Kolkata,South,2016-05-23
S03135,Garcia-Robinson Store,Jaipur,South,2024-04-19
S03136,Mcgrath and Sons Store,Jaipur,North,2023-05-05
S03137,Osborne LLC Store,Hyderabad,East,2022-09-06
S03138,"Peck, Medina and Brown Store",Hyderabad,South,2025-02-07
S03139,"Hanson, Jackson and Martinez Store",Pune,Central,2019-10-18
S03140,Butler-Reyes Store,Hyderabad,North,2022-04-03
S03141,Walker Inc Store,Chennai,South,2023-07-22
S03142,Alexander PLC Store,Jaipur,East,2022-05-13
S03143,"Martinez, Patton and Lawrence Store",Hyderabad,East,2025-05-20
S03144,"Dominguez, Chapman and Sampson Store",Hyderabad,West,2024-07-13
S03145,"Duffy, Hodge and Gonzalez Store",Delhi,West,2019-06-29
S03146,"Bryan, Green and Solis Store",Chennai,East,2017-09-10
S03147,"Brown, Boyd and Ward Store",Kolkata,East,2016-04-20
S03148,Warren and Sons Store,Mumbai,South,2017-12-25
S03149,Robles Inc Store,Delhi,North,2017-08-06
S03150,Gomez-Flores Store,Surat,South,2022-05-15
S03151,Perez-Robertson Store,Pune,East,2020-06-24
S03152,Fischer-Acevedo Store,Jaipur,West,2016-08-20
S03153,"Garza, Anderson and Jenkins Store",Ahmedabad,North,2020-11-08
S03154,"Turner, Leon and Evans Store",Surat,North,2021-10-04
S03155,Evans-Young Store,Hyderabad,East,2023-02-21
S03156,"Dennis, Barker and Burke Store",Ahmedabad,Central,2021-07-10
S03157,"Anderson, Arnold and Santiago Store",Bengaluru,Central,2020-09-08
S03158,"Johnson, Benson and Rose Store",Surat,East,2016-03-12
S03159,Williams-Ramsey Store,Pune,Central,2023-04-02
S03160,"Campbell, Lin and Adkins Store",Jaipur,West,2024-07-01
S03161,Peters-Hopkins Store,Ahmedabad,West,2019-08-23
S03162,Robinson-Gay Store,Jaipur,South,2021-03-28
S03163,"Smith, Bradley and Jordan Store",Surat,West,2020-12-07
S03164,Fowler-Martinez Store,Chennai,West,2024-04-13
S03165,Pierce-Kennedy Store,Jaipur,Central,2019-09-21
S03166,Melton PLC Store,Hyderabad,Central,2020-11-19
S03167,Bruce Group Store,Kolkata,North,2017-09-15
S03168,Mason PLC Store,Bengaluru,Central,2017-12-13
S03169,Morales-Anderson Store,Bengaluru,Central,2024-07-28
S03170,Good-Robinson Store,Kolkata,North,2024-10-22
S03171,Phillips Group Store,Kolkata,South,2018-09-29
S03172,Collins PLC Store,Chennai,West,2022-10-12
S03173,"Travis, Tanner and Mccarthy Store",Chennai,North,2025-09-08
S03174,"Blair, Allen and Parks Store",Chennai,Central,2019-02-18
S03175,"Young, Jennings and Ryan Store",Mumbai,West,2017-04-27
S03176,Johnson-Rivera Store,Mumbai,West,2021-04-07
S03177,Mendoza Group Store,Chennai,West,2018-09-05
S03178,Robbins-Flores Store,Bengaluru,North,2024-05-06
S03179,Chavez Inc Store,Jaipur,North,2025-10-01
S03180,Scott-Johnson Store,Ahmedabad,North,2017-01-11
S03181,"Hoffman, Walton and Brown Store",Jaipur,South,2024-01-20
S03182,Bowers and Sons Store,Delhi,South,2025-09-20
S03183,"Padilla, Harris and Collins Store",Kolkata,East,2021-07-05
S03184,Burns and Sons Store,Hyderabad,South,2023-03-07
S03185,Brown-Aguilar Store,Ahmedabad,East,2018-09-15
S03186,Gonzalez-Brown Store,Chennai,North,2019-11-07
S03187,Sharp and Sons Store,Hyderabad,East,2024-01-18
S03188,Green-Nelson Store,Chennai,Central,2023-07-26
S03189,Franklin-Hernandez Store,Hyderabad,Central,2019-02-09
S03190,Jennings-Hensley Store,Chennai,South,2024-05-17
S03191,"Clark, Smith and Marks Store",Jaipur,East,2016-05-18
S03192,"Nelson, Miller and Smith Store",Bengaluru,East,2021-01-22
S03193,"Hart, Hicks and Yates Store",Chennai,Central,2020-12-01
S03194,Carney and Sons Store,Mumbai,South,2021-05-31
S03195,Adams-Sims Store,Ahmedabad,North,2016-04-15
S03196,"Rodriguez, Wolfe and Martinez Store",Pune,North,2017-09-17
S03197,"Kaiser, Newman and Anderson Store",Pune,Central,2019-08-17
S03198,Sanchez-Herman Store,Pune,West,2019-06-30
S03199,Baker Inc Store,Mumbai,South,2024-10-07
S03200,"Gray, Mason and Hayes Store",Delhi,East,2023-09-07
S03201,"Nelson, Williams and Hernandez Store",Jaipur,Central,2020-07-14
S03202,"Smith, Lewis and White Store",Bengaluru,West,2019-03-05
S03203,"Brown, Jordan and Walsh Store",Hyderabad,East,2018-10-28
S03204,Thomas Inc Store,Kolkata,South,2019-01-26
S03205,Braun-Mcdonald Store,Kolkata,Central,2016-08-05
S03206,"Washington, Macdonald and Lewis Store",Hyderabad,South,2023-08-29
S03207,Waters-Gould Store,Bengaluru,North,2023-02-13
S03208,Williams-Hobbs Store,Jaipur,North,2018-10-13
S03209,Simmons-Smith Store,Mumbai,East,2016-01-02
S03210,Jones LLC Store,Jaipur,North,2023-01-12
S03211,Moore-Lopez Store,Kolkata,Central,2025-09-06
S03212,"Clark, Monroe and Mcintyre Store",Surat,West,2018-05-28
S03213,"Lam, Johnson and Thompson Store",Mumbai,South,2022-09-16
S03214,Lopez-Kirk Store,Delhi,North,2016-09-22
S03215,Obrien-Taylor Store,Jaipur,West,2020-05-10
S03216,Lawson PLC Store,Mumbai,North,2022-09-08
S03217,Mckee-Williams Store,Pune,South,2024-08-02
S03218,"Walker, Nguyen and Castro Store",Kolkata,North,2020-10-18
S03219,"Cordova, Clark and Davis Store",Delhi,North,2019-07-30
S03220,Murray and Sons Store,Jaipur,West,2020-03-05
S03221,"Bruce, Garcia and Franco Store",Pune,South,2018-05-17
S03222,Garcia and Sons Store,Ahmedabad,East,2016-06-04
S03223,Myers Group Store,Surat,Central,2022-01-20
S03224,White-Ross Store,Ahmedabad,West,2025-10-25
S03225,Webb-Duncan Store,Mumbai,South,2025-04-06
S03226,Peterson Group Store,Delhi,South,2024-01-07
S03227,Francis Inc Store,Bengaluru,Central,2023-01-21
S03228,Zavala-Larsen Store,Pune,Central,2021-08-23
S03229,Perkins Group Store,Ahmedabad,East,2018-08-20
S03230,"Shaw, Gallegos and Gomez Store",Bengaluru,South,2022-10-16
S03231,"Jones, Jones and Johnson Store",Ahmedabad,East,2024-06-06
S03232,"Turner, Anderson and Moore Store",Chennai,Central,2021-01-16
S03233,"Howe, Myers and Brandt Store",Pune,Central,2023-07-06
S03234,Morris-Ford Store,Bengaluru,West,2020-01-21
S03235,Douglas Group Store,Mumbai,Central,2023-08-18
S03236,"Vasquez, Rogers and Harper Store",Surat,East,2016-05-06
S03237,"Kirby, Rice and Stephens Store",Chennai,South,2016-04-24
S03238,Barton Inc Store,Surat,West,2017-03-09
S03239,"Case, Cortez and Hansen Store",Ahmedabad,Central,2021-07-16
S03240,"Jennings, Harris and Evans Store",Jaipur,West,2016-05-06
S03241,"Smith, Watkins and Mckee Store",Ahmedabad,South,2017-08-27
S03242,"Davis, Reeves and Cummings Store",Pune,South,2019-02-10
S03243,Patel-Thompson Store,Surat,Central,2016-07-28
S03244,"Carr, Aguilar and Sims Store",Delhi,Central,2017-09-07
S03245,Zavala Ltd Store,Kolkata,West,2017-01-02
S03246,Lopez-Webb Store,Chennai,West,2019-06-17
S03247,Patel-Wilson Store,Chennai,South,2025-07-27
S03248,Murphy-Murphy Store,Pune,North,2020-08-05
S03249,Espinoza-Luna Store,Chennai,East,2021-10-31
S03250,Chase-Arnold Store,Mumbai,East,2019-02-10
S03251,"Evans, Peters and Cook Store",Pune,North,2023-07-01
S03252,"Brown, French and Carr Store",Delhi,South,2022-01-27
S03253,Russell and Sons Store,Hyderabad,South,2021-08-03
S03254,"Evans, Wolfe and Ramos Store",Jaipur,West,2017-10-07
S03255,"Coleman, Lopez and Allen Store",Bengaluru,North,2016-09-27
S03256,Blair Inc Store,Jaipur,Central,2022-08-11
S03257,"Patel, Meyer and Brown Store",Kolkata,Central,2018-04-23
S03258,Smith-Pineda Store,Delhi,West,2018-07-10
S03259,"Hoffman, Sanchez and Luna Store",Ahmedabad,Central,2024-01-27
S03260,"Austin, Riggs and Hunt Store",Kolkata,North,2022-08-17
S03261,Yu Inc Store,Bengaluru,West,2022-04-01
S03262,Elliott-Gentry Store,Hyderabad,South,2025-07-08
S03263,Vega Ltd Store,Bengaluru,South,2018-10-21
S03264,Dixon Inc Store,Mumbai,Central,2021-06-14
S03265,Baird and Sons Store,Delhi,West,2023-09-15
S03266,Lawrence-Burke Store,Hyderabad,West,2023-01-02
S03267,"Livingston, Robinson and Silva Store",Bengaluru,West,2024-08-11
S03268,Velez-Clay Store,Jaipur,South,2024-09-28
S03269,Durham LLC Store,Jaipur,West,2023-04-23
S03270,"Nelson, Sheppard and Carlson Store",Mumbai,West,2021-07-26
S03271,Wilson LLC Store,Ahmedabad,South,2021-02-20
S03272,Barnes Inc Store,Delhi,Central,2015-11-22
S03273,"Fowler, Brown and Wells Store",Bengaluru,East,2019-02-24
S03274,"Smith, Yates and Lewis Store",Delhi,West,2021-02-14
S03275,"Ball, Mccarty and Parker Store",Jaipur,West,2022-01-07
S03276,Thompson PLC Store,Delhi,Central,2018-06-03
S03277,"Johnson, Chandler and Wilson Store",Ahmedabad,West,2016-06-16
S03278,White-Stephens Store,Chennai,East,2021-07-30
S03279,Barajas and Sons Store,Kolkata,East,2019-06-17
S03280,Lynn Group Store,Kolkata,West,2016-03-14
S03281,Hernandez-Bean Store,Chennai,East,2017-11-04
S03282,"Reyes, Curry and Carlson Store",Hyderabad,North,2021-02-09
S03283,Miller LLC Store,Surat,West,2018-04-27
S03284,Smith Ltd Store,Ahmedabad,North,2023-01-02
S03285,Hood PLC Store,Chennai,North,2016-08-11
S03286,Haynes-Jimenez Store,Chennai,West,2022-01-21
S03287,"Wright, Townsend and Ortiz Store",Mumbai,North,2024-12-04
S03288,Lane Ltd Store,Pune,East,2019-07-31
S03289,"Mahoney, Kane and Lyons Store",Bengaluru,West,2019-10-29
S03290,"Craig, Myers and Harris Store",Chennai,West,2022-02-03
S03291,Pierce LLC Store,Chennai,North,2020-08-04
S03292,Stone Ltd Store,Pune,West,2022-02-09
S03293,"Flores, Hammond and Howell Store",Ahmedabad,Central,2019-03-22
S03294,Wolfe-Morales Store,Chennai,Central,2024-11-07
S03295,Gallegos-Lester Store,Mumbai,Central,2016-06-29
S03296,"Whitney, Miller and Williams Store",Chennai,North,2020-08-22
S03297,"Anderson, King and Torres Store",Hyderabad,Central,2022-06-15
S03298,Diaz-Mcintyre Store,Hyderabad,East,2019-03-14
S03299,Cook-Perez Store,Chennai,East,2017-07-15
S03300,Thompson-Moreno Store,Jaipur,North,2016-07-25
S03301,"Wright, Daniels and Lewis Store",Hyderabad,Central,2023-02-03
S03302,"Schneider, Morris and Fields Store",Jaipur,South,2019-02-08
S03303,Bradley Inc Store,Hyderabad,North,2025-05-05
S03304,Blair LLC Store,Mumbai,Central,2018-12-09
S03305,Carpenter Group Store,Mumbai,South,2020-05-10
S03306,"Chen, Burgess and White Store",Delhi,West,2020-12-05
S03307,Rollins-Dawson Store,Jaipur,East,2022-06-11
S03308,"Underwood, Peters and Wilson Store",Bengaluru,North,2018-03-27
S03309,Maldonado-Gray Store,Mumbai,Central,2021-09-23
S03310,Mullen Group Store,Hyderabad,Central,2017-01-09
S03311,Miller-Bowers Store,Jaipur,Central,2017-12-13
S03312,Brewer Ltd Store,Mumbai,East,2023-12-07
S03313,Simmons-Mays Store,Ahmedabad,North,2021-11-20
S03314,"Perry, Walker and Meza Store",Bengaluru,North,2022-03-22
S03315,Herrera Ltd Store,Surat,Central,2017-02-01
S03316,"Smith, Bradley and Parker Store",Surat,Central,2016-11-16
S03317,Morales-Ray Store,Surat,West,2017-01-02
S03318,Smith Group Store,Bengaluru,West,2017-07-29
S03319,King PLC Store,Kolkata,South,2021-06-19
S03320,"Walker, Morris and Morton Store",Delhi,South,2022-03-12
S03321,Lambert and Sons Store,Jaipur,West,2018-12-16
S03322,"Morris, Ali and Lopez Store",Surat,East,2020-08-20
S03323,"Richardson, Romero and Rose Store",Bengaluru,Central,2025-10-07
S03324,Terry-Diaz Store,Pune,West,2022-12-24
S03325,Schultz Group Store,Chennai,North,2020-08-09
S03326,"Wallace, Bass and Clements Store",Pune,West,2017-06-05
S03327,Johnson-Delacruz Store,Bengaluru,East,2020-09-18
S03328,Cole-Mitchell Store,Jaipur,South,2023-06-12
S03329,Johnson-Baldwin Store,Chennai,South,2022-07-27
S03330,Holmes-Lowery Store,Mumbai,East,2024-09-15
S03331,"Jackson, Crane and Gray Store",Ahmedabad,North,2025-11-14
S03332,Jones Ltd Store,Delhi,South,2018-02-28
S03333,"Nelson, Gregory and Davis Store",Hyderabad,North,2021-12-09
S03334,Newman-Hardy Store,Pune,South,2021-02-05
S03335,Fox and Sons Store,Kolkata,East,2024-10-13
S03336,Mercer-Herrera Store,Hyderabad,South,2024-12-06
S03337,Hughes LLC Store,Mumbai,North,2025-08-10
S03338,Fry-Clark Store,Pune,South,2023-11-12
S03339,Copeland-Andrews Store,Kolkata,West,2020-01-25
S03340,"Taylor, Kennedy and Davis Store",Ahmedabad,North,2022-12-31
S03341,Johnson Ltd Store,Bengaluru,North,2020-01-09
S03342,Munoz Inc Store,Bengaluru,North,2023-07-06
S03343,Weeks and Sons Store,Bengaluru,West,2023-12-17
S03344,"Wilson, Wilkerson and Murray Store",Jaipur,South,2022-06-13
S03345,Gray Ltd Store,Hyderabad,South,2025-10-08
S03346,"Roach, Stokes and Brown Store",Hyderabad,Central,2016-10-01
S03347,Daniels Ltd Store,Mumbai,East,2024-07-25
S03348,Rojas PLC Store,Kolkata,Central,2018-03-28
S03349,Singh Group Store,Kolkata,North,2019-01-13
S03350,"Griffin, Hawkins and Tran Store",Chennai,South,2024-12-02
S03351,Chavez-Rodriguez Store,Hyderabad,East,2018-01-21
S03352,Coleman-Henderson Store,Ahmedabad,North,2024-02-22
S03353,Harrington-Nichols Store,Chennai,West,2024-03-12
S03354,Smith-Dennis Store,Chennai,West,2022-05-05
S03355,Martin-Parker Store,Kolkata,South,2016-05-08
S03356,Reese Group Store,Bengaluru,South,2019-12-30
S03357,Skinner Inc Store,Ahmedabad,Central,2025-10-27
S03358,"Lambert, Hale and Baker Store",Ahmedabad,Central,2016-05-04
S03359,Boyer Inc Store,Kolkata,South,2018-03-13
S03360,"Page, Soto and Munoz Store",Surat,South,2016-02-02
S03361,"Atkins, May and Mcguire Store",Surat,East,2021-12-08
S03362,Martin-Harris Store,Delhi,East,2016-12-08
S03363,Thomas-Ruiz Store,Pune,Central,2017-06-11
S03364,Walker and Sons Store,Kolkata,East,2021-06-21
S03365,Case-Williams Store,Ahmedabad,West,2025-09-15
S03366,Harvey LLC Store,Ahmedabad,West,2021-04-21
S03367,Patterson-Steele Store,Bengaluru,Central,2022-10-13
S03368,Wiggins-Li Store,Ahmedabad,South,2025-07-09
S03369,Williams PLC Store,Ahmedabad,South,2018-05-06
S03370,Graham Group Store,Surat,Central,2017-12-08
S03371,Stephens Ltd Store,Ahmedabad,South,2021-01-02
S03372,"Miller, Davis and Reyes Store",Pune,East,2023-06-07
S03373,"Ramirez, Miller and Foster Store",Chennai,North,2024-12-18
S03374,Miles LLC Store,Kolkata,East,2025-10-27
S03375,Escobar-Davis Store,Surat,South,2023-01-06
S03376,Rich PLC Store,Surat,West,2021-02-05
S03377,Benjamin-Webb Store,Surat,North,2024-09-03
S03378,Brown-Harris Store,Jaipur,Central,2021-07-06
S03379,Smith PLC Store,Pune,South,2023-01-29
S03380,James Inc Store,Kolkata,Central,2024-02-22
S03381,"Dennis, Banks and Frederick Store",Jaipur,Central,2017-05-27
S03382,Delgado LLC Store,Kolkata,Central,2022-04-12
S03383,"Fox, James and Lucas Store",Chennai,Central,2017-06-19
S03384,Davis-Johnson Store,Jaipur,North,2019-08-09
S03385,"Stewart, Wells and Sanchez Store",Surat,East,2017-07-28
S03386,"Thomas, Wilcox and Moran Store",Hyderabad,East,2018-08-17
S03387,"Patterson, Ramirez and Sutton Store",Kolkata,South,2015-12-17
S03388,"Hall, Anderson and Anderson Store",Pune,West,2019-12-24
S03389,Jones Group Store,Jaipur,North,2023-09-12
S03390,"Wilson, Hall and Dean Store",Bengaluru,Central,2024-07-21
S03391,"Bowman, Peck and Mclaughlin Store",Hyderabad,Central,2016-09-14
S03392,Cummings and Sons Store,Kolkata,South,2023-11-25
S03393,Hernandez Ltd Store,Chennai,Central,2024-01-03
S03394,Baxter Group Store,Jaipur,Central,2017-10-25
S03395,"Lynch, Smith and Lane Store",Ahmedabad,North,2021-01-10
S03396,Castillo PLC Store,Pune,North,2021-09-09
S03397,Miller Inc Store,Chennai,South,2024-05-01
S03398,Torres-Hogan Store,Surat,East,2015-11-27
S03399,Nguyen LLC Store,Bengaluru,East,2022-01-22
S03400,"Ayers, Taylor and Ray Store",Pune,North,2022-08-12
S03401,Weiss Group Store,Pune,North,2024-11-27
S03402,Howell-Smith Store,Surat,West,2024-06-12
S03403,Mitchell and Sons Store,Delhi,East,2025-05-28
S03404,Allen PLC Store,Ahmedabad,Central,2025-11-19
S03405,Jones-Bell Store,Kolkata,East,2022-03-25
S03406,Bailey-Reyes Store,Chennai,Central,2015-12-19
S03407,Carlson-Mcmillan Store,Kolkata,North,2024-02-12
S03408,Campbell-Reed Store,Chennai,East,2023-04-11
S03409,"Wise, Roberts and Lopez Store",Kolkata,Central,2019-08-21
S03410,"Pittman, Nguyen and Chung Store",Hyderabad,Central,2024-04-19
S03411,Baker and Sons Store,Hyderabad,North,2025-01-29
S03412,"Arnold, Castillo and Cook Store",Surat,East,2017-05-20
S03413,Hoover-Bailey Store,Kolkata,South,2024-04-28
S03414,Hart-Reyes Store,Delhi,East,2019-11-27
S03415,"Pena, Peters and Castillo Store",Jaipur,South,2022-05-23
S03416,Oneal and Sons Store,Ahmedabad,East,2020-10-06
S03417,Ruiz Inc Store,Mumbai,West,2017-11-01
S03418,"Hammond, Wright and Jenkins Store",Ahmedabad,Central,2017-10-10
S03419,Huber-Mills Store,Ahmedabad,Central,2023-03-28
S03420,Fritz and Sons Store,Bengaluru,South,2023-07-28
S03421,Conner PLC Store,Pune,East,2016-02-12
S03422,"Smith, Reynolds and Johnson Store",Ahmedabad,South,2020-07-03
S03423,"Landry, Hogan and Allen Store",Delhi,East,2022-10-15
S03424,Klein Inc Store,Surat,West,2017-08-04
S03425,"Lee, Hudson and Barnes Store",Delhi,South,2015-11-23
S03426,Jackson Group Store,Ahmedabad,East,2025-11-18
S03427,West-Dominguez Store,Chennai,North,2024-05-21
S03428,Waller Group Store,Pune,North,2018-03-14
S03429,Nguyen Inc Store,Delhi,South,2017-06-17
S03430,Galloway-Hurley Store,Ahmedabad,South,2024-11-26
S03431,Turner Inc Store,Surat,East,2017-05-21
S03432,Cooke-Walker Store,Kolkata,West,2023-09-30
S03433,"Brown, Kennedy and White Store",Ahmedabad,West,2020-09-02
S03434,Coleman-Lyons Store,Chennai,South,2024-04-21
S03435,"Brown, Johnson and Wells Store",Surat,Central,2021-06-21
S03436,Harper PLC Store,Jaipur,West,2020-10-15
S03437,Duncan-Moore Store,Hyderabad,Central,2025-06-25
S03438,"Nicholson, Cook and Weeks Store",Jaipur,North,2021-08-21
S03439,Sanchez-Trevino Store,Pune,South,2020-11-13
S03440,Freeman Group Store,Ahmedabad,North,2016-02-16
S03441,Ross Ltd Store,Pune,East,2022-05-26
S03442,Lewis-King Store,Bengaluru,North,2017-07-31
S03443,Henderson Group Store,Surat,West,2021-03-02
S03444,Keller and Sons Store,Chennai,Central,2021-12-21
S03445,Cabrera PLC Store,Ahmedabad,West,2016-12-11
S03446,"Lewis, Miller and Pena Store",Kolkata,West,2018-05-30
S03447,Simpson-Hickman Store,Chennai,Central,2024-04-11
S03448,"Russo, Harris and Lawson Store",Hyderabad,North,2017-08-24
S03449,"Abbott, Frazier and Dodson Store",Delhi,North,2023-12-31
S03450,Wagner-Davis Store,Chennai,West,2022-07-05
S03451,Moore-Cannon Store,Ahmedabad,Central,2023-12-18
S03452,"Rhodes, Hansen and Brown Store",Ahmedabad,Central,2017-09-09
S03453,"English, Johnson and Williams Store",Kolkata,West,2023-05-20
S03454,"Henderson, Miles and Maxwell Store",Hyderabad,North,2022-04-28
S03455,Miller PLC Store,Hyderabad,North,2015-11-28
S03456,Carter Group Store,Delhi,North,2020-07-04
S03457,"Vargas, Thompson and Gomez Store",Chennai,Central,2024-09-18
S03458,"Decker, Jones and Nicholson Store",Delhi,East,2017-11-07
S03459,Ramirez Inc Store,Jaipur,West,2020-04-16
S03460,"Bates, Moore and Stevenson Store",Mumbai,West,2020-12-02
S03461,Bean and Sons Store,Chennai,Central,2024-12-19
S03462,White and Sons Store,Hyderabad,Central,2017-04-03
S03463,Johnson Inc Store,Chennai,North,2020-09-29
S03464,"Buchanan, Ramirez and Martinez Store",Delhi,North,2016-06-29
S03465,Hall Inc Store,Ahmedabad,West,2018-04-05
S03466,Parsons and Sons Store,Delhi,North,2017-08-20
S03467,"Nash, Gonzalez and Cochran Store",Surat,Central,2023-03-23
S03468,Johnson LLC Store,Jaipur,Central,2023-04-02
S03469,Glover-Dominguez Store,Chennai,East,2024-03-31
S03470,Johnson Inc Store,Kolkata,Central,2020-10-02
S03471,Richardson-Allison Store,Delhi,Central,2018-11-29
S03472,"Beck, Davis and Hamilton Store",Chennai,South,2022-01-18
S03473,Coleman Inc Store,Delhi,North,2024-02-27
S03474,Nguyen-Lewis Store,Pune,Central,2022-12-24
S03475,Miller LLC Store,Chennai,South,2020-02-16
S03476,Ford-Graham Store,Kolkata,Central,2023-03-10
S03477,Harrington LLC Store,Bengaluru,Central,2022-07-03
S03478,"Adams, Small and Weber Store",Hyderabad,East,2020-06-06
S03479,Parsons LLC Store,Jaipur,North,2016-03-27
S03480,Ferguson PLC Store,Ahmedabad,North,2017-07-03
S03481,Preston Ltd Store,Kolkata,East,2019-03-08
S03482,"Pearson, Williams and Stevenson Store",Delhi,East,2021-07-07
S03483,Williams-Alvarez Store,Mumbai,West,2020-05-22
S03484,Gould and Sons Store,Surat,West,2021-03-13
S03485,Smith and Sons Store,Ahmedabad,Central,2018-09-24
S03486,"Mccormick, Lee and Hubbard Store",Pune,Central,2023-07-08
S03487,"Mendoza, Thornton and Hampton Store",Bengaluru,Central,2020-02-24
S03488,Hayden-Burton Store,Jaipur,South,2016-06-30
S03489,Goodwin and Sons Store,Jaipur,East,2017-10-01
S03490,Richardson-Brock Store,Jaipur,South,2021-07-22
S03491,Cooke-Mata Store,Chennai,East,2017-10-25
S03492,Webster-Evans Store,Pune,North,2015-11-26
S03493,Wilson Group Store,Jaipur,Central,2018-03-23
S03494,Clark-Williams Store,Bengaluru,East,2025-01-11
S03495,Cummings-Daniels Store,Chennai,West,2017-03-23
S03496,"Green, Adkins and Sims Store",Surat,West,2017-04-15
S03497,Aguilar-Neal Store,Delhi,East,2017-11-05
S03498,"Becker, George and Peterson Store",Pune,South,2020-08-12
S03499,Christensen LLC Store,Surat,East,2021-03-30
S03500,"Ferrell, Leon and Wilson Store",Surat,West,2019-04-02
S03501,"Green, Mann and Carroll Store",Chennai,West,2025-06-10
S03502,"Santana, Roberts and Jordan Store",Jaipur,East,2023-11-10
S03503,Anderson-Price Store,Delhi,North,2018-02-25
S03504,Turner LLC Store,Bengaluru,Central,2018-09-02
S03505,"Ingram, Gonzales and Anderson Store",Pune,East,2019-07-08
S03506,Miller-Hayes Store,Chennai,South,2024-10-20
S03507,"Banks, Watson and Wright Store",Pune,East,2017-05-24
S03508,Adkins and Sons Store,Hyderabad,Central,2018-01-02
S03509,Ryan LLC Store,Mumbai,West,2016-10-15
S03510,Hudson PLC Store,Jaipur,East,2022-03-12
S03511,Weiss and Sons Store,Chennai,North,2016-01-23
S03512,Hunt LLC Store,Mumbai,North,2018-10-21
S03513,Schmidt-Rogers Store,Kolkata,East,2024-04-06
S03514,Roberts and Sons Store,Ahmedabad,East,2018-12-05
S03515,Fields Inc Store,Pune,Central,2024-12-02
S03516,Taylor-Sanchez Store,Mumbai,West,2024-01-13
S03517,Barnett-Gibson Store,Pune,Central,2025-05-08
S03518,Johnson Ltd Store,Delhi,East,2024-11-27
S03519,Casey Inc Store,Surat,Central,2018-10-06
S03520,"Kelly, Cox and Lewis Store",Bengaluru,North,2022-12-24
S03521,Fleming Group Store,Hyderabad,Central,2023-08-28
S03522,Smith LLC Store,Mumbai,North,2022-07-14
S03523,Yang-Ortega Store,Hyderabad,South,2023-01-10
S03524,Davenport Group Store,Jaipur,North,2018-02-05
S03525,"Craig, Melton and Willis Store",Surat,East,2021-12-19
S03526,Cunningham-Newman Store,Hyderabad,West,2019-10-28
S03527,Evans-Rivera Store,Mumbai,North,2019-08-29
S03528,Ortiz-Henderson Store,Bengaluru,West,2024-03-10
S03529,Russell-Arnold Store,Mumbai,East,2023-01-03
S03530,"Anderson, Scott and Barr Store",Surat,South,2022-11-11
S03531,Jones-Calhoun Store,Chennai,West,2024-05-19
S03532,Brown-Christensen Store,Ahmedabad,South,2017-03-21
S03533,Wilson LLC Store,Delhi,West,2022-04-24
S03534,"Miller, Campos and Leonard Store",Delhi,North,2022-05-03
S03535,Williams Inc Store,Delhi,South,2016-11-14
S03536,Young-Hensley Store,Bengaluru,North,2019-10-09
S03537,Watson LLC Store,Mumbai,South,2016-11-10
S03538,Lewis Ltd Store,Delhi,West,2017-11-01
S03539,Fisher Group Store,Delhi,North,2017-11-21
S03540,Wilson-Little Store,Surat,Central,2023-02-28
S03541,Turner-Russell Store,Chennai,Central,2020-04-08
S03542,Ryan Ltd Store,Ahmedabad,North,2019-04-08
S03543,"Tran, Nixon and Garcia Store",Hyderabad,North,2017-01-16
S03544,"Mason, Cruz and Johnson Store",Chennai,West,2017-12-18
S03545,Cortez PLC Store,Bengaluru,North,2019-08-01
S03546,Davis-Bowman Store,Ahmedabad,South,2019-09-15
S03547,Newton-Cameron Store,Pune,South,2025-05-14
S03548,Melton PLC Store,Pune,North,2019-03-18
S03549,Monroe LLC Store,Jaipur,South,2024-04-10
S03550,"Jones, Guerrero and Smith Store",Mumbai,East,2023-08-23
S03551,"Duran, Clarke and Mccoy Store",Hyderabad,South,2022-07-24
S03552,York-Novak Store,Chennai,North,2017-10-27
S03553,Tate and Sons Store,Chennai,North,2024-09-15
S03554,Mcclain-Garcia Store,Ahmedabad,South,2017-03-04
S03555,Smith Group Store,Jaipur,East,2016-04-26
S03556,Mitchell and Sons Store,Chennai,West,2024-05-07
S03557,"Smith, Robinson and Gibbs Store",Delhi,North,2019-12-30
S03558,"Smith, Johnston and Perez Store",Chennai,East,2023-11-12
S03559,Boyd PLC Store,Surat,South,2023-07-19
S03560,"Carson, Nichols and Harvey Store",Delhi,West,2021-07-18
S03561,"Navarro, Hernandez and Stephenson Store",Surat,West,2019-12-03
S03562,Bradley Group Store,Ahmedabad,North,2019-07-09
S03563,Sanchez PLC Store,Kolkata,Central,2022-09-17
S03564,Arias-Miller Store,Surat,East,2018-12-06
S03565,Peterson-Williams Store,Ahmedabad,Central,2018-03-01
S03566,Sullivan LLC Store,Chennai,West,2016-10-03
S03567,Best PLC Store,Mumbai,South,2024-11-03
S03568,Bowers PLC Store,Mumbai,Central,2016-01-19
S03569,Holder Ltd Store,Chennai,West,2025-04-21
S03570,Blake-Hill Store,Chennai,East,2018-07-15
S03571,"Yoder, Morse and Patrick Store",Pune,West,2021-07-06
S03572,Moody-Flores Store,Kolkata,Central,2021-06-26
S03573,"Perry, Rodriguez and Short Store",Kolkata,South,2021-07-12
S03574,Walsh-Livingston Store,Delhi,South,2019-03-25
S03575,"Myers, Johnson and Orozco Store",Mumbai,South,2017-12-09
S03576,Wright Ltd Store,Ahmedabad,East,2021-01-28
S03577,Harmon-Dominguez Store,Surat,South,2022-09-14
S03578,"Brooks, Morrison and Charles Store",Ahmedabad,Central,2016-01-04
S03579,Vasquez-Holmes Store,Surat,South,2020-06-17
S03580,Benson-Moore Store,Pune,West,2020-09-20
S03581,"Trujillo, Meyer and Garrett Store",Hyderabad,West,2017-02-24
S03582,"Pena, Hall and Stuart Store",Delhi,West,2025-02-22
S03583,"Ayers, Marquez and Berry Store",Pune,Central,2024-03-01
S03584,"Carlson, Ewing and Bauer Store",Chennai,South,2020-05-15
S03585,"Sims, Jones and Johnston Store",Pune,West,2018-01-30
S03586,Williams-Graham Store,Bengaluru,West,2019-10-01
S03587,Perez-Daniels Store,Delhi,South,2019-06-05
S03588,Cordova and Sons Store,Hyderabad,Central,2023-03-28
S03589,Reilly Group Store,Hyderabad,East,2018-12-10
S03590,"Braun, Nolan and Rivera Store",Surat,West,2019-06-16
S03591,"Owen, Irwin and Henderson Store",Pune,North,2022-11-01
S03592,"Cunningham, Carter and Chavez Store",Pune,East,2017-05-31
S03593,"Scott, Collins and Oliver Store",Pune,East,2020-11-21
S03594,Jones Ltd Store,Hyderabad,West,2016-10-03
S03595,Bradford-Sanchez Store,Chennai,North,2020-09-30
S03596,Watts-Green Store,Bengaluru,West,2017-04-20
S03597,Thompson Ltd Store,Surat,West,2018-12-29
S03598,Russell Ltd Store,Chennai,South,2019-08-18
S03599,Reilly Ltd Store,Delhi,North,2017-03-03
S03600,Goodwin-Green Store,Bengaluru,North,2025-09-19
S03601,Dorsey Inc Store,Jaipur,North,2020-09-15
S03602,Nolan LLC Store,Surat,North,2023-10-17
S03603,"Garcia, Cooke and Terry Store",Surat,West,2023-09-01
S03604,"Barton, Harris and Stewart Store",Pune,West,2019-03-10
S03605,Young-Marshall Store,Ahmedabad,North,2019-10-07
S03606,Martinez Inc Store,Delhi,West,2023-03-31
S03607,"Hunt, Castillo and Anderson Store",Bengaluru,West,2022-01-08
S03608,"Melton, Sanchez and Travis Store",Hyderabad,South,2018-10-18
S03609,Brown LLC Store,Delhi,Central,2025-02-20
S03610,Snow Inc Store,Bengaluru,South,2016-09-15
S03611,"Sampson, Jackson and Brown Store",Surat,Central,2021-11-13
S03612,Evans Group Store,Surat,North,2019-01-06
S03613,Smith-Cobb Store,Mumbai,West,2023-02-18
S03614,Medina-Hill Store,Kolkata,Central,2017-02-28
S03615,Ross-Graves Store,Delhi,West,2016-08-15
S03616,Harris Ltd Store,Pune,West,2018-12-15
S03617,"Hill, Kelly and Schmidt Store",Jaipur,Central,2022-06-13
S03618,"Thompson, Marquez and Edwards Store",Delhi,East,2016-08-28
S03619,"Peterson, Newman and Watson Store",Kolkata,South,2018-04-22
S03620,Adams-Mora Store,Mumbai,East,2018-06-19
S03621,Sullivan LLC Store,Delhi,North,2023-12-12
S03622,"Baker, Martin and Griffith Store",Delhi,South,2016-02-24
S03623,Thomas-Contreras Store,Jaipur,East,2022-07-28
S03624,"Fuentes, Mcdaniel and Lester Store",Bengaluru,Central,2024-06-18
S03625,Jackson-Howard Store,Surat,West,2024-03-18
S03626,Barnes-Ward Store,Hyderabad,South,2022-04-03
S03627,"Perez, Lane and Mcgee Store",Surat,South,2019-02-14
S03628,Clark-Randall Store,Kolkata,West,2022-04-21
S03629,Trevino and Sons Store,Ahmedabad,South,2023-09-16
S03630,"Willis, Cooper and Wood Store",Pune,West,2020-11-05
S03631,Rodriguez-Allison Store,Mumbai,South,2021-07-01
S03632,Nguyen Ltd Store,Delhi,West,2016-11-16
S03633,Jackson-Ward Store,Jaipur,East,2021-03-20
S03634,Leach Group Store,Chennai,South,2020-07-26
S03635,Johnson-White Store,Mumbai,Central,2022-09-01
S03636,Miller-Barron Store,Surat,North,2018-12-19
S03637,"Harris, Osborn and Gallegos Store",Chennai,North,2017-02-04
S03638,Edwards LLC Store,Pune,North,2017-10-13
S03639,Christian-Simon Store,Mumbai,East,2017-10-16
S03640,Jones-Mendoza Store,Chennai,West,2021-03-19
S03641,"Skinner, Jones and Fleming Store",Surat,West,2024-08-30
S03642,Heath LLC Store,Ahmedabad,North,2022-07-10
S03643,Ortiz PLC Store,Delhi,West,2019-03-25
S03644,Page Ltd Store,Chennai,East,2016-11-04
S03645,"Moore, Mccoy and Stewart Store",Surat,Central,2025-01-30
S03646,Beck Ltd Store,Kolkata,East,2023-12-09
S03647,Hoover and Sons Store,Pune,North,2018-09-23
S03648,"Curtis, Jones and Hill Store",Hyderabad,Central,2022-01-07
S03649,Wood PLC Store,Bengaluru,Central,2017-12-11
S03650,Bass Ltd Store,Jaipur,South,2024-06-08
S03651,Savage-Jackson Store,Jaipur,South,2024-10-07
S03652,Booker Inc Store,Ahmedabad,West,2021-05-08
S03653,Anderson PLC Store,Ahmedabad,North,2025-10-07
S03654,Carter-Kaufman Store,Ahmedabad,East,2016-05-10
S03655,"Mccullough, Olsen and Jones Store",Delhi,South,2025-11-05
S03656,"Reese, Ewing and Hensley Store",Pune,North,2018-09-13
S03657,Rivera-Robertson Store,Chennai,South,2024-12-25
S03658,"Mueller, Wiley and Henry Store",Delhi,South,2015-12-18
S03659,Santiago Group Store,Bengaluru,South,2020-06-11
S03660,Rivera and Sons Store,Surat,West,2022-11-22
S03661,Lane Ltd Store,Mumbai,Central,2016-07-29
S03662,"Arroyo, Vega and Richards Store",Pune,West,2022-01-29
S03663,"Harding, Turner and Erickson Store",Kolkata,Central,2024-10-10
S03664,"Salas, Reese and Landry Store",Surat,South,2018-08-30
S03665,Park-Franklin Store,Jaipur,Central,2021-11-25
S03666,Knight-Bender Store,Hyderabad,South,2016-05-18
S03667,Randall-Mitchell Store,Delhi,Central,2017-06-13
S03668,"Carter, Love and Burns Store",Kolkata,West,2019-04-01
S03669,Martin-Rose Store,Jaipur,North,2024-07-29
S03670,Leblanc-Keller Store,Ahmedabad,Central,2024-10-06
S03671,"Lynch, Brown and Long Store",Hyderabad,West,2018-05-10
S03672,Montoya PLC Store,Mumbai,East,2017-06-05
S03673,"Williams, Walsh and Gardner Store",Hyderabad,North,2018-05-08
S03674,Clark PLC Store,Pune,North,2023-03-31
S03675,Watkins-Harvey Store,Surat,East,2017-04-15
S03676,Castillo-Bond Store,Jaipur,East,2021-06-11
S03677,Young and Sons Store,Kolkata,Central,2018-12-14
S03678,"Johnson, Crosby and Hodges Store",Delhi,West,2022-11-30
S03679,"Johnston, Willis and Alexander Store",Kolkata,Central,2025-05-30
S03680,"Bell, Maynard and Molina Store",Kolkata,East,2022-05-23
S03681,Flores-Mcdonald Store,Bengaluru,South,2025-05-26
S03682,Campbell LLC Store,Chennai,Central,2024-10-31
S03683,Mcmahon LLC Store,Chennai,Central,2017-01-20
S03684,Eaton-Garza Store,Hyderabad,Central,2017-08-21
S03685,Johnson LLC Store,Surat,North,2018-01-24
S03686,Fuller PLC Store,Jaipur,North,2018-05-15
S03687,King and Sons Store,Chennai,East,2016-07-21
S03688,"Stewart, Chase and Roach Store",Delhi,East,2019-06-30
S03689,Daniel Group Store,Surat,Central,2025-04-25
S03690,Simpson-Carey Store,Delhi,Central,2018-12-03
S03691,"Riley, Johnston and Bruce Store",Mumbai,North,2016-08-25
S03692,Weaver-Williams Store,Ahmedabad,East,2023-03-05
S03693,Pacheco Ltd Store,Jaipur,East,2021-09-19
S03694,Russell Ltd Store,Surat,Central,2016-04-03
S03695,Huerta and Sons Store,Delhi,North,2023-11-12
S03696,Chang Ltd Store,Jaipur,South,2021-09-24
S03697,Murphy-Johnson Store,Mumbai,North,2023-11-12
S03698,"Price, Bean and Erickson Store",Chennai,West,2020-10-21
S03699,"Stephens, Oneill and Hamilton Store",Surat,West,2017-09-22
S03700,"Blackwell, Daniel and Lambert Store",Mumbai,South,2025-09-14
S03701,Perez-Mckay Store,Delhi,East,2017-06-22
S03702,Miller LLC Store,Surat,Central,2020-08-20
S03703,"Edwards, Hudson and Lewis Store",Bengaluru,North,2019-07-04
S03704,Foster Inc Store,Kolkata,North,2019-04-27
S03705,Garcia Group Store,Kolkata,South,2023-07-01
S03706,Boyer Group Store,Mumbai,East,2017-08-26
S03707,Berry-Bartlett Store,Hyderabad,South,2025-03-04
S03708,Bowers PLC Store,Chennai,West,2025-05-07
S03709,"Henson, Pearson and Gregory Store",Mumbai,South,2023-12-20
S03710,Brooks-Solis Store,Kolkata,West,2022-12-25
S03711,Owens Ltd Store,Pune,South,2018-04-06
S03712,"Smith, Taylor and Leonard Store",Chennai,West,2022-02-26
S03713,"Smith, Cuevas and Mcdonald Store",Mumbai,North,2024-03-23
S03714,Heath and Sons Store,Hyderabad,Central,2018-07-24
S03715,Steele-James Store,Hyderabad,South,2024-07-24
S03716,Warner Inc Store,Kolkata,East,2017-05-03
S03717,"Harrison, Peterson and Bolton Store",Chennai,West,2018-04-01
S03718,"Flores, Holt and Holland Store",Hyderabad,Central,2017-06-27
S03719,"Adkins, Williams and Carter Store",Pune,South,2025-10-01
S03720,Garcia-Johnson Store,Ahmedabad,West,2021-02-12
S03721,Duran-Mcintyre Store,Jaipur,South,2016-09-08
S03722,"Ramirez, Brown and Kirby Store",Jaipur,Central,2022-05-07
S03723,Fry and Sons Store,Bengaluru,Central,2019-08-11
S03724,Bullock Inc Store,Hyderabad,Central,2020-07-22
S03725,Weeks-Maldonado Store,Surat,South,2023-05-10
S03726,Bennett and Sons Store,Delhi,East,2019-03-24
S03727,Rose Group Store,Bengaluru,West,2019-04-28
S03728,Collier-Mcmillan Store,Pune,North,2018-11-06
S03729,Torres Group Store,Pune,East,2025-04-05
S03730,Hall-House Store,Hyderabad,Central,2018-03-25
S03731,"Thompson, Edwards and Walker Store",Surat,West,2020-10-28
S03732,Parker-Mcdonald Store,Delhi,Central,2018-02-07
S03733,Mcintosh-Williams Store,Kolkata,East,2020-05-19
S03734,"Gross, Briggs and Wyatt Store",Pune,East,2018-12-28
S03735,Shelton LLC Store,Mumbai,South,2017-02-14
S03736,Hoffman-Young Store,Hyderabad,East,2018-05-16
S03737,Gibson Ltd Store,Delhi,South,2016-05-26
S03738,"Lopez, Tucker and Williams Store",Chennai,North,2017-01-03
S03739,Turner-Jenkins Store,Jaipur,East,2017-07-22
S03740,Carroll Ltd Store,Surat,North,2024-02-26
S03741,"Fernandez, Cole and Gallagher Store",Ahmedabad,Central,2024-10-24
S03742,"Martinez, Nelson and Mckinney Store",Surat,West,2024-07-18
S03743,"Chavez, Conley and Wolf Store",Jaipur,East,2019-04-10
S03744,Hernandez PLC Store,Jaipur,West,2021-08-04
S03745,"Hamilton, Moore and King Store",Kolkata,South,2024-07-26
S03746,"Fisher, Fuentes and Mills Store",Jaipur,North,2020-06-26
S03747,Rogers Group Store,Ahmedabad,South,2016-10-18
S03748,"Reyes, Lewis and Miller Store",Kolkata,North,2019-06-05
S03749,"Ellis, Garcia and Moore Store",Ahmedabad,East,2025-05-05
S03750,"Tate, Bowen and Bishop Store",Delhi,East,2021-04-18
S03751,Butler LLC Store,Kolkata,Central,2024-10-16
S03752,Chan-Parker Store,Bengaluru,East,2020-03-28
S03753,"Alvarado, Wade and Hill Store",Kolkata,West,2016-11-20
S03754,Hoover-Singh Store,Kolkata,North,2023-02-10
S03755,Howard Ltd Store,Hyderabad,Central,2018-08-15
S03756,Brown-Clark Store,Jaipur,South,2023-07-10
S03757,Johnson LLC Store,Surat,North,2022-08-18
S03758,"Martinez, Hale and Henry Store",Kolkata,East,2020-05-26
S03759,Smith LLC Store,Ahmedabad,Central,2022-02-18
S03760,"Matthews, Martin and Walker Store",Pune,East,2023-09-16
S03761,Schaefer-Smith Store,Kolkata,East,2023-06-11
S03762,"Lee, Anderson and Palmer Store",Delhi,East,2021-07-30
S03763,"Parks, Rivera and Perez Store",Pune,Central,2018-11-25
S03764,Rojas Ltd Store,Mumbai,West,2016-11-16
S03765,Cobb PLC Store,Jaipur,North,2022-07-27
S03766,Guerra-Johnson Store,Kolkata,East,2018-09-15
S03767,Marshall LLC Store,Ahmedabad,South,2019-08-19
S03768,Harris Inc Store,Mumbai,East,2020-11-08
S03769,Graves Group Store,Hyderabad,West,2023-09-10
S03770,Hoffman PLC Store,Chennai,South,2018-02-23
S03771,Terry-French Store,Delhi,South,2019-12-06
S03772,Francis PLC Store,Delhi,East,2017-10-11
S03773,Watson and Sons Store,Chennai,North,2025-03-29
S03774,Kelly Ltd Store,Chennai,North,2017-09-18
S03775,"Park, Hart and Bailey Store",Pune,South,2024-06-24
S03776,Johnson-Solis Store,Jaipur,East,2021-11-23
S03777,Adkins-Rojas Store,Surat,South,2020-01-23
S03778,Walls-Hughes Store,Pune,North,2019-10-02
S03779,Jackson Ltd Store,Chennai,Central,2021-08-03
S03780,Smith LLC Store,Jaipur,Central,2020-06-05
S03781,Brandt-Welch Store,Pune,East,2025-04-15
S03782,Flynn-Wright Store,Ahmedabad,East,2021-01-22
S03783,Brown Inc Store,Hyderabad,South,2024-02-26
S03784,Graham and Sons Store,Hyderabad,West,2019-08-12
S03785,"Escobar, Cruz and Smith Store",Ahmedabad,West,2016-02-08
S03786,Tran Inc Store,Mumbai,West,2019-07-21
S03787,Oneal Inc Store,Hyderabad,West,2017-11-02
S03788,Collins-Luna Store,Ahmedabad,North,2019-11-27
S03789,Jensen and Sons Store,Ahmedabad,Central,2021-07-29
S03790,Berger-Wilson Store,Hyderabad,East,2020-10-24
S03791,"Parker, Jones and Tran Store",Pune,West,2025-08-24
S03792,"Edwards, Harris and Munoz Store",Pune,South,2023-03-21
S03793,Collins-Bauer Store,Mumbai,South,2024-04-01
S03794,"Jefferson, Sanchez and Espinoza Store",Bengaluru,East,2021-06-17
S03795,"Banks, Thompson and Wong Store",Delhi,North,2021-12-21
S03796,"Nguyen, Rodriguez and Davis Store",Jaipur,South,2022-01-13
S03797,"Morris, Quinn and Gonzalez Store",Delhi,East,2025-06-03
S03798,Mcgrath-Ho Store,Pune,East,2016-02-08
S03799,Carter and Sons Store,Delhi,South,2023-02-28
S03800,"Stewart, Arnold and Miller Store",Kolkata,East,2025-01-07
S03801,"Morrison, Khan and Carter Store",Kolkata,West,2021-08-12
S03802,Phelps-Little Store,Surat,Central,2025-10-14
S03803,Obrien-Steele Store,Delhi,South,2016-09-06
S03804,"Fuller, Robinson and Mitchell Store",Chennai,East,2019-08-12
S03805,Walker and Sons Store,Kolkata,Central,2017-02-10
S03806,Jones-Silva Store,Pune,South,2018-05-05
S03807,"Maddox, Mitchell and Lee Store",Chennai,Central,2017-11-29
S03808,Delacruz-Bartlett Store,Chennai,South,2025-07-02
S03809,"Campbell, Green and Wood Store",Hyderabad,Central,2023-12-07
S03810,Parks LLC Store,Surat,North,2018-11-08
S03811,Wyatt-Hicks Store,Bengaluru,West,2018-01-03
S03812,Calhoun Group Store,Mumbai,North,2023-10-14
S03813,Espinoza-Taylor Store,Mumbai,East,2019-07-16
S03814,"Fisher, Berg and Norris Store",Delhi,South,2019-06-21
S03815,"Rogers, Schultz and Reed Store",Chennai,East,2018-07-18
S03816,"Barber, Watts and Lucas Store",Hyderabad,East,2023-01-14
S03817,Taylor Ltd Store,Chennai,Central,2017-06-16
S03818,"Johnson, Sparks and Sharp Store",Ahmedabad,East,2022-09-18
S03819,Morris Ltd Store,Surat,Central,2018-07-09
S03820,Pierce Ltd Store,Ahmedabad,South,2017-12-02
S03821,Black-Wilson Store,Hyderabad,West,2020-03-28
S03822,"Mitchell, Browning and Robinson Store",Bengaluru,East,2022-08-24
S03823,Bender PLC Store,Delhi,Central,2020-08-14
S03824,Smith Ltd Store,Hyderabad,North,2022-05-01
S03825,Moore Group Store,Chennai,South,2017-05-09
S03826,Walsh PLC Store,Chennai,South,2020-06-22
S03827,Cobb and Sons Store,Mumbai,East,2016-06-18
S03828,Shepherd-Lee Store,Ahmedabad,South,2016-06-15
S03829,Lawrence-Adams Store,Mumbai,Central,2024-05-07
S03830,Obrien LLC Store,Pune,West,2023-01-29
S03831,Leonard and Sons Store,Bengaluru,South,2024-02-23
S03832,"Christensen, Turner and Ward Store",Hyderabad,West,2017-10-30
S03833,"Flynn, Gardner and Kane Store",Chennai,South,2025-08-08
S03834,"Rogers, Jimenez and Crawford Store",Ahmedabad,Central,2021-11-04
S03835,Merritt-Gibson Store,Ahmedabad,North,2017-08-09
S03836,Peterson and Sons Store,Hyderabad,West,2021-06-28
S03837,"Barrett, Davenport and Mcneil Store",Pune,North,2021-06-24
S03838,Edwards Group Store,Chennai,East,2018-05-07
S03839,Miller-Howard Store,Jaipur,East,2020-12-18
S03840,Bass-Reilly Store,Bengaluru,North,2021-07-26
S03841,Freeman-Livingston Store,Surat,West,2017-10-07
S03842,Lucero-Walters Store,Jaipur,South,2024-09-06
S03843,Moran-Montgomery Store,Bengaluru,Central,2018-08-19
S03844,Mason Group Store,Ahmedabad,West,2016-12-09
S03845,Freeman-Brooks Store,Surat,North,2023-06-04
S03846,"King, Li and Smith Store",Delhi,South,2025-02-18
S03847,"Conner, May and Blair Store",Ahmedabad,East,2024-11-13
S03848,Combs-Love Store,Hyderabad,North,2017-05-15
S03849,Williams-Vega Store,Kolkata,West,2024-03-31
S03850,"Perry, Wilson and Marshall Store",Mumbai,South,2022-02-28
S03851,"Nguyen, Silva and Anderson Store",Chennai,North,2022-06-13
S03852,Wilson Inc Store,Hyderabad,North,2021-12-28
S03853,Miller Ltd Store,Surat,East,2019-01-03
S03854,Bruce Inc Store,Hyderabad,West,2022-01-31
S03855,Rios Inc Store,Mumbai,West,2018-03-18
S03856,Alvarez-Moss Store,Kolkata,North,2021-08-13
S03857,Rodriguez Group Store,Ahmedabad,South,2018-11-23
S03858,"Jones, Morris and Alexander Store",Pune,North,2019-02-27
S03859,Bennett PLC Store,Pune,North,2021-02-17
S03860,Bishop-Lewis Store,Chennai,East,2025-05-01
S03861,"Williams, Lee and Perez Store",Pune,South,2021-12-12
S03862,Kelly Inc Store,Bengaluru,West,2023-03-31
S03863,"White, Bright and Jones Store",Kolkata,South,2023-02-26
S03864,"Chen, Ibarra and Houston Store",Surat,Central,2022-02-21
S03865,Phillips PLC Store,Kolkata,East,2016-08-04
S03866,Smith LLC Store,Bengaluru,East,2016-03-23
S03867,"Martinez, Hodges and Campbell Store",Surat,Central,2021-07-23
S03868,Rowe Inc Store,Ahmedabad,West,2019-06-17
S03869,Perkins-Smith Store,Chennai,West,2025-11-02
S03870,Waters-Shields Store,Pune,West,2019-07-18
S03871,Wallace Ltd Store,Delhi,South,2021-06-04
S03872,"Martinez, Cantu and Potter Store",Mumbai,Central,2020-06-06
S03873,Coleman and Sons Store,Surat,Central,2022-06-27
S03874,"Gibbs, Clark and Hunt Store",Jaipur,Central,2021-03-06
S03875,Rose-Sloan Store,Hyderabad,West,2017-05-17
S03876,"Nelson, Rodriguez and Hanson Store",Hyderabad,East,2023-01-17
S03877,Edwards Inc Store,Surat,East,2017-01-13
S03878,"Harrison, Morgan and Perez Store",Jaipur,South,2019-09-03
S03879,"Swanson, Jarvis and Robinson Store",Delhi,West,2024-07-25
S03880,Smith-Ramos Store,Kolkata,Central,2020-07-04
S03881,"Lara, Diaz and Moore Store",Pune,South,2018-11-08
S03882,"Chambers, Blanchard and Castaneda Store",Delhi,South,2025-01-21
S03883,Aguilar-Cervantes Store,Ahmedabad,Central,2025-02-18
S03884,"Key, Quinn and Friedman Store",Pune,South,2017-05-23
S03885,Taylor-Shields Store,Pune,East,2025-11-13
S03886,Gallegos and Sons Store,Mumbai,Central,2017-04-17
S03887,Newman PLC Store,Bengaluru,West,2016-10-05
S03888,Bailey-Greer Store,Mumbai,Central,2019-09-09
S03889,"King, Walker and Campbell Store",Bengaluru,South,2024-11-20
S03890,Boyd-Smith Store,Ahmedabad,West,2024-04-13
S03891,"Reed, Hopkins and Mckinney Store",Hyderabad,South,2024-07-16
S03892,Oconnor-Becker Store,Surat,West,2022-11-24
S03893,"Garner, Sanders and Lopez Store",Kolkata,South,2023-03-24
S03894,"Gardner, Salinas and Nguyen Store",Chennai,South,2023-10-18
S03895,Webster Group Store,Delhi,West,2025-11-15
S03896,"George, Floyd and Mendez Store",Ahmedabad,Central,2017-06-13
S03897,Kim-Parker Store,Surat,Central,2018-05-28
S03898,Murphy-Mclaughlin Store,Chennai,East,2016-02-09
S03899,Martinez Group Store,Ahmedabad,South,2020-02-13
S03900,Garner-Hickman Store,Ahmedabad,East,2024-04-10
S03901,Fuller-Daniel Store,Chennai,Central,2019-09-05
S03902,"Jones, Smith and Taylor Store",Chennai,West,2024-02-24
S03903,Robles PLC Store,Ahmedabad,North,2019-06-26
S03904,Johns-Ramirez Store,Hyderabad,Central,2020-10-23
S03905,Chapman Group Store,Jaipur,South,2018-12-07
S03906,Bailey Group Store,Mumbai,North,2018-02-26
S03907,"Anderson, Patel and Morrow Store",Ahmedabad,Central,2024-08-22
S03908,Miller and Sons Store,Hyderabad,South,2021-03-16
S03909,Young-Martin Store,Kolkata,North,2025-02-25
S03910,Mayo PLC Store,Kolkata,Central,2015-11-26
S03911,Pham LLC Store,Pune,South,2023-09-02
S03912,Benjamin-Green Store,Bengaluru,Central,2023-03-13
S03913,"Duffy, Gallagher and Miles Store",Hyderabad,West,2022-12-21
S03914,Davenport and Sons Store,Pune,South,2024-01-06
S03915,Munoz-Becker Store,Chennai,West,2023-04-29
S03916,Steele LLC Store,Pune,Central,2019-11-10
S03917,"Clark, Mitchell and Reid Store",Bengaluru,East,2024-01-04
S03918,Fritz Group Store,Jaipur,West,2017-11-02
S03919,King LLC Store,Ahmedabad,Central,2018-08-16
S03920,Ramirez-Carroll Store,Delhi,North,2017-12-24
S03921,Scott PLC Store,Chennai,East,2024-08-08
S03922,Durham-Gonzalez Store,Mumbai,East,2018-10-01
S03923,Wade-Hernandez Store,Bengaluru,West,2023-02-24
S03924,"Raymond, Chang and Wilkerson Store",Pune,West,2021-10-07
S03925,Winters Inc Store,Pune,West,2018-03-09
S03926,Garrett Group Store,Kolkata,South,2018-05-25
S03927,"Martin, Thomas and Dunn Store",Bengaluru,Central,2016-10-17
S03928,Patterson-Shaw Store,Delhi,West,2022-03-28
S03929,"Murphy, Ryan and Brown Store",Pune,East,2016-11-24
S03930,"Hill, Haley and Perez Store",Surat,Central,2019-10-31
S03931,Madden Inc Store,Pune,North,2021-11-07
S03932,Parsons-Foley Store,Pune,North,2022-03-16
S03933,Silva Ltd Store,Surat,Central,2022-09-05
S03934,Jackson-Rios Store,Bengaluru,East,2016-03-07
S03935,"Holmes, Gross and Krause Store",Surat,North,2025-06-13
S03936,Meyers and Sons Store,Pune,East,2017-07-23
S03937,Moore Group Store,Hyderabad,East,2017-03-13
S03938,Ho Ltd Store,Bengaluru,West,2019-07-13
S03939,Jones-Gray Store,Surat,South,2023-01-23
S03940,Farmer LLC Store,Bengaluru,Central,2018-10-05
S03941,Crawford-Johnson Store,Mumbai,South,2020-02-25
S03942,"Flores, Morgan and Moore Store",Pune,East,2016-08-18
S03943,"Williamson, Wilson and Duarte Store",Jaipur,South,2022-05-20
S03944,Jones Group Store,Surat,West,2022-10-14
S03945,"Wilson, Davis and Daniels Store",Kolkata,East,2022-09-04
S03946,Mcclure PLC Store,Delhi,Central,2024-03-02
S03947,Summers-Moody Store,Kolkata,West,2017-09-04
S03948,"Hernandez, Bruce and Clark Store",Ahmedabad,East,2020-12-04
S03949,"Nelson, Murphy and Hines Store",Hyderabad,Central,2025-07-01
S03950,Conley-Anderson Store,Ahmedabad,West,2018-12-06
S03951,"Russell, Cunningham and Little Store",Bengaluru,North,2017-08-19
S03952,"Farmer, Smith and Johnson Store",Surat,North,2016-01-11
S03953,Pruitt-Smith Store,Ahmedabad,East,2018-03-24
S03954,Smith-Kaiser Store,Kolkata,North,2018-11-18
S03955,Davis Group Store,Delhi,East,2023-06-22
S03956,Conley PLC Store,Bengaluru,East,2024-05-07
S03957,Cochran LLC Store,Surat,North,2020-06-06
S03958,"Johnson, Jenkins and Fuentes Store",Surat,Central,2017-12-02
S03959,"Perkins, Carrillo and Clayton Store",Jaipur,East,2025-07-25
S03960,Nelson-Brown Store,Bengaluru,East,2016-11-24
S03961,"Payne, Reynolds and Sanford Store",Chennai,South,2021-01-01
S03962,Chavez LLC Store,Hyderabad,North,2025-03-23
S03963,Sanders-Carpenter Store,Pune,East,2020-03-31
S03964,Robertson-Johnson Store,Jaipur,Central,2018-01-07
S03965,"Burgess, Cole and Cortez Store",Surat,North,2025-05-26
S03966,"Parrish, Graves and Martinez Store",Mumbai,Central,2019-07-27
S03967,Fischer-Casey Store,Chennai,East,2022-02-11
S03968,"Miranda, Hogan and Crawford Store",Jaipur,South,2023-01-22
S03969,Strickland-Solomon Store,Pune,South,2022-10-15
S03970,"Davis, Nichols and Randall Store",Pune,West,2020-05-07
S03971,Turner Group Store,Delhi,Central,2017-03-31
S03972,Taylor-Scott Store,Surat,East,2023-07-04
S03973,"Henry, Bennett and Jennings Store",Bengaluru,East,2022-11-17
S03974,"Bender, Moran and Davis Store",Chennai,North,2017-10-24
S03975,Jimenez-Barrera Store,Delhi,Central,2019-08-18
S03976,"Shaw, Woods and Sims Store",Chennai,North,2019-05-30
S03977,Jenkins-Olson Store,Hyderabad,West,2022-06-07
S03978,Scott Group Store,Chennai,North,2019-05-23
S03979,Little Group Store,Surat,West,2023-03-27
S03980,Osborn-Hunter Store,Chennai,South,2024-01-04
S03981,Harmon Ltd Store,Hyderabad,South,2025-08-28
S03982,Browning-Decker Store,Mumbai,Central,2016-01-27
S03983,"Wilson, Adams and Reyes Store",Bengaluru,South,2019-11-21
S03984,Gray Ltd Store,Pune,West,2020-12-08
S03985,Olson Group Store,Jaipur,North,2021-06-26
S03986,Dorsey Group Store,Surat,North,2017-01-22
S03987,Roberts LLC Store,Hyderabad,West,2021-03-19
S03988,"Holmes, Smith and Adams Store",Jaipur,East,2016-08-27
S03989,"Campbell, Shields and Woods Store",Kolkata,Central,2023-09-10
S03990,"Smith, Porter and Roberson Store",Bengaluru,Central,2024-04-04
S03991,Mathis Ltd Store,Bengaluru,South,2022-02-04
S03992,Choi-Drake Store,Jaipur,East,2016-02-05
S03993,"Chapman, Miller and Santana Store",Hyderabad,Central,2023-03-04
S03994,"Simpson, Young and Avery Store",Mumbai,North,2019-07-23
S03995,"Brooks, Ross and Fowler Store",Ahmedabad,South,2020-05-01
S03996,"Pena, Hurley and Weiss Store",Pune,West,2019-01-27
S03997,Burton Group Store,Surat,Central,2022-07-28
S03998,Young Group Store,Bengaluru,West,2021-04-24
S03999,"Hill, Livingston and Alvarado Store",Hyderabad,East,2024-03-30
S04000,Williams-Brown Store,Surat,North,2017-05-26
S04001,Johnson PLC Store,Chennai,South,2020-05-01
S04002,Hanna LLC Store,Jaipur,West,2024-10-21
S04003,"Smith, Thompson and Medina Store",Delhi,Central,2018-06-04
S04004,"Benitez, Graham and Willis Store",Bengaluru,East,2018-03-27
S04005,"Davis, Bell and Thomas Store",Delhi,East,2023-09-17
S04006,"Garza, Boyer and Martinez Store",Ahmedabad,East,2020-03-23
S04007,"Davis, Meyers and Mcgee Store",Hyderabad,North,2025-04-07
S04008,Martinez PLC Store,Hyderabad,Central,2021-06-12
S04009,"Martinez, Oconnor and Ray Store",Kolkata,North,2020-06-02
S04010,Bell-Wilson Store,Ahmedabad,Central,2017-07-05
S04011,Mcintyre-Stephens Store,Hyderabad,North,2018-05-08
S04012,Quinn-Banks Store,Ahmedabad,Central,2021-04-19
S04013,"Webb, Johnson and Ruiz Store",Bengaluru,South,2025-06-10
S04014,Oliver PLC Store,Chennai,Central,2016-10-10
S04015,"Harris, Miller and Griffin Store",Surat,East,2024-11-04
S04016,"Webb, Young and Rose Store",Ahmedabad,South,2017-11-24
S04017,Morris-Myers Store,Jaipur,Central,2015-11-25
S04018,Petty Ltd Store,Ahmedabad,East,2018-04-16
S04019,Anderson LLC Store,Bengaluru,South,2017-07-06
S04020,"Kelly, Hernandez and Finley Store",Delhi,South,2020-11-05
S04021,Turner-Richardson Store,Mumbai,North,2016-11-24
S04022,"Harris, Brown and Valencia Store",Kolkata,West,2025-04-07
S04023,Peck Ltd Store,Delhi,South,2021-02-26
S04024,Johnson PLC Store,Surat,Central,2018-10-08
S04025,Williams Group Store,Hyderabad,West,2016-11-22
S04026,"Christensen, Martin and Gordon Store",Bengaluru,West,2019-06-27
S04027,"Evans, Hartman and Smith Store",Pune,West,2023-02-05
S04028,Mann and Sons Store,Pune,West,2021-05-03
S04029,Davis LLC Store,Mumbai,Central,2021-05-30
S04030,Pena-Anderson Store,Pune,East,2020-12-14
S04031,"Ramos, Diaz and Bailey Store",Pune,Central,2025-04-27
S04032,"Turner, Kirby and Martinez Store",Chennai,East,2024-12-16
S04033,Madden PLC Store,Surat,South,2018-01-29
S04034,"Vincent, Leach and Ramirez Store",Chennai,East,2022-06-28
S04035,Ware-Delgado Store,Bengaluru,West,2025-06-17
S04036,"Li, Gross and Carter Store",Mumbai,Central,2024-04-19
S04037,"Thomas, Romero and Casey Store",Delhi,South,2021-05-16
S04038,Larson-Ferguson Store,Bengaluru,East,2016-12-21
S04039,Edwards Ltd Store,Delhi,East,2023-02-26
S04040,Wagner and Sons Store,Pune,West,2025-02-04
S04041,Burns Ltd Store,Surat,East,2018-04-23
S04042,Washington-Freeman Store,Chennai,Central,2019-08-30
S04043,Li Ltd Store,Jaipur,Central,2018-04-14
S04044,"Santiago, Sims and Barrett Store",Ahmedabad,Central,2016-11-26
S04045,Nichols Ltd Store,Ahmedabad,East,2024-11-18
S04046,"Sloan, Rice and James Store",Chennai,East,2023-05-15
S04047,"Taylor, Torres and Smith Store",Kolkata,Central,2022-05-02
S04048,"Johnson, Young and Carpenter Store",Ahmedabad,South,2022-05-20
S04049,"Ray, Soto and Reynolds Store",Mumbai,Central,2016-01-03
S04050,Jackson and Sons Store,Kolkata,East,2023-09-19
S04051,Montoya-Vega Store,Pune,South,2023-03-10
S04052,Leach Ltd Store,Kolkata,Central,2025-07-12
S04053,"Crawford, Love and Johnson Store",Delhi,Central,2019-11-04
S04054,"Wilson, Reeves and Holmes Store",Mumbai,South,2017-01-09
S04055,"Thompson, Bishop and Perez Store",Ahmedabad,South,2025-10-07
S04056,"Oneill, Love and Randolph Store",Chennai,West,2024-07-16
S04057,Fuentes-Pena Store,Chennai,North,2025-09-16
S04058,Palmer-Wood Store,Jaipur,North,2018-12-03
S04059,Goodwin-Ramirez Store,Mumbai,South,2020-09-21
S04060,"Potter, Lowe and Richmond Store",Surat,South,2017-09-07
S04061,Guerra and Sons Store,Bengaluru,South,2024-09-23
S04062,"Stevenson, Sims and Levy Store",Jaipur,Central,2021-08-13
S04063,"Hernandez, Banks and Byrd Store",Surat,North,2020-12-06
S04064,"Cook, Chapman and Jimenez Store",Surat,East,2020-08-26
S04065,"Guzman, Mcclure and Hudson Store",Jaipur,West,2022-05-23
S04066,Mitchell-Davis Store,Delhi,Central,2023-10-31
S04067,"Wong, Brewer and Thompson Store",Surat,Central,2023-02-14
S04068,Chapman Group Store,Surat,East,2018-10-24
S04069,"Richards, Davis and Jones Store",Jaipur,East,2025-03-11
S04070,Shepard-Barron Store,Pune,West,2017-08-15
S04071,Stephens-Zamora Store,Hyderabad,East,2019-09-02
S04072,Snyder-Swanson Store,Surat,North,2021-04-18
S04073,Sandoval-Blanchard Store,Bengaluru,North,2017-10-05
S04074,Hale PLC Store,Bengaluru,East,2022-03-04
S04075,Harris-Snow Store,Surat,West,2023-09-19
S04076,Moody-Johnson Store,Jaipur,West,2025-04-10
S04077,Anderson Ltd Store,Bengaluru,East,2017-03-07
S04078,Bishop Ltd Store,Hyderabad,Central,2018-11-15
S04079,Soto-Clark Store,Delhi,South,2023-01-18
S04080,"Miller, Holden and Ramos Store",Chennai,East,2020-04-15
S04081,Porter Ltd Store,Surat,North,2023-05-04
S04082,Castillo Ltd Store,Delhi,West,2023-06-23
S04083,Moore-Stone Store,Bengaluru,North,2023-03-29
S04084,Bradshaw Ltd Store,Bengaluru,North,2018-03-19
S04085,"Livingston, Alvarez and Leon Store",Jaipur,South,2025-10-04
S04086,Nelson-Kelley Store,Mumbai,Central,2019-11-22
S04087,"Perry, Richardson and Keller Store",Hyderabad,West,2025-09-18
S04088,Melendez-Schwartz Store,Mumbai,West,2025-10-21
S04089,Sanchez Group Store,Bengaluru,Central,2021-07-09
S04090,Pierce Group Store,Surat,South,2019-11-12
S04091,Welch-Tapia Store,Ahmedabad,West,2020-12-11
S04092,"Moses, Cox and Sanders Store",Kolkata,South,2022-02-26
S04093,Roth Group Store,Surat,South,2024-10-15
S04094,"Perez, Simmons and Gordon Store",Mumbai,South,2018-04-02
S04095,"Jones, Mason and Keller Store",Hyderabad,East,2024-10-25
S04096,Harvey Inc Store,Surat,North,2021-11-22
S04097,Perez-Walker Store,Ahmedabad,West,2024-11-01
S04098,"Edwards, Parker and Allen Store",Kolkata,West,2018-07-03
S04099,Rogers Ltd Store,Kolkata,South,2018-11-12
S04100,"Hunt, Moore and Bullock Store",Jaipur,West,2017-10-14
S04101,"Johnson, Simpson and Fleming Store",Surat,North,2018-07-29
S04102,Jordan-Todd Store,Ahmedabad,South,2024-12-19
S04103,Love Inc Store,Ahmedabad,West,2025-10-17
S04104,May PLC Store,Ahmedabad,South,2021-03-24
S04105,Smith-Ortiz Store,Jaipur,West,2025-06-11
S04106,Sanchez LLC Store,Kolkata,East,2023-09-08
S04107,Henry LLC Store,Jaipur,West,2021-01-21
S04108,Stafford and Sons Store,Pune,North,2024-06-13
S04109,"Jones, Thomas and Chapman Store",Chennai,North,2019-07-24
S04110,Washington LLC Store,Pune,East,2024-03-26
S04111,Cohen Ltd Store,Hyderabad,Central,2025-06-03
S04112,Martin-Wolf Store,Pune,West,2022-12-24
S04113,Valencia and Sons Store,Ahmedabad,West,2016-02-20
S04114,Brown PLC Store,Ahmedabad,East,2016-10-22
S04115,"Rivera, Hernandez and Hubbard Store",Surat,North,2016-05-26
S04116,"Green, Soto and Bradley Store",Bengaluru,West,2016-08-09
S04117,Dean-Gray Store,Kolkata,Central,2016-04-28
S04118,Larson-Burke Store,Ahmedabad,West,2019-11-03
S04119,Jones-Sanders Store,Pune,West,2021-09-15
S04120,Rice-Smith Store,Surat,South,2021-01-08
S04121,Walker and Sons Store,Jaipur,South,2017-09-10
S04122,Russell-Gonzalez Store,Delhi,North,2021-02-08
S04123,Chambers-Warren Store,Kolkata,North,2017-04-02
S04124,Freeman and Sons Store,Ahmedabad,Central,2017-06-08
S04125,Jenkins LLC Store,Delhi,South,2017-09-16
S04126,Mendoza-Gonzalez Store,Hyderabad,Central,2023-08-07
S04127,"Jones, Steele and Campos Store",Ahmedabad,East,2022-11-13
S04128,"Christensen, Moss and Burgess Store",Ahmedabad,East,2019-11-16
S04129,Cross PLC Store,Surat,East,2017-10-04
S04130,Hill Group Store,Jaipur,West,2024-09-12
S04131,Olsen-Davis Store,Mumbai,Central,2024-03-03
S04132,"Davis, Hughes and Owens Store",Delhi,West,2023-08-08
S04133,Johnston-Wilson Store,Hyderabad,Central,2020-06-05
S04134,Fowler-Warner Store,Pune,East,2021-05-21
S04135,"Rowland, Davis and Mccoy Store",Jaipur,South,2023-10-22
S04136,Irwin and Sons Store,Mumbai,North,2018-12-06
S04137,Cooke-Thompson Store,Kolkata,East,2017-02-19
S04138,Barnes Ltd Store,Bengaluru,South,2024-11-17
S04139,Ward-Mcclain Store,Bengaluru,South,2025-01-14
S04140,Barnett-Williams Store,Delhi,North,2016-01-20
S04141,"Robinson, Ellis and Williams Store",Surat,West,2018-03-01
S04142,Perry-Jacobs Store,Jaipur,Central,2024-03-21
S04143,Newton-Prince Store,Mumbai,Central,2019-08-05
S04144,Johnson Group Store,Delhi,Central,2021-02-13
S04145,"Kim, Ford and Dominguez Store",Bengaluru,East,2016-09-05
S04146,Watkins Inc Store,Kolkata,Central,2020-09-19
S04147,Campbell and Sons Store,Hyderabad,North,2022-09-20
S04148,"Johnston, Green and Ayers Store",Mumbai,South,2019-06-10
S04149,Jones Inc Store,Jaipur,Central,2023-03-04
S04150,Roth-Collier Store,Ahmedabad,North,2016-03-06
S04151,Garcia PLC Store,Pune,Central,2016-02-27
S04152,Stewart-Weaver Store,Jaipur,North,2018-05-06
S04153,Spencer-Caldwell Store,Ahmedabad,Central,2018-05-13
S04154,"Dean, Turner and Jennings Store",Pune,Central,2019-03-14
S04155,Johnson Inc Store,Pune,West,2020-03-15
S04156,Hayes and Sons Store,Mumbai,East,2025-08-21
S04157,Johnson LLC Store,Delhi,East,2018-07-31
S04158,Newman-Jackson Store,Mumbai,West,2018-12-18
S04159,Hartman Ltd Store,Surat,West,2017-12-18
S04160,"Peterson, Shelton and Cochran Store",Jaipur,North,2023-10-12
S04161,"Johnson, Thornton and Maldonado Store",Surat,Central,2019-06-10
S04162,Camacho and Sons Store,Bengaluru,East,2025-03-13
S04163,"Wallace, Bailey and Wilkinson Store",Delhi,East,2022-04-25
S04164,Sheppard Ltd Store,Delhi,East,2024-05-13
S04165,"Mcdowell, Garcia and Hansen Store",Chennai,East,2021-10-02
S04166,"Howard, Reed and Moore Store",Hyderabad,South,2025-03-30
S04167,"Hancock, Johnson and Brown Store",Surat,West,2025-02-18
S04168,"Smith, Hall and Knox Store",Hyderabad,South,2024-10-28
S04169,Olson-Ware Store,Mumbai,Central,2024-02-13
S04170,Krause-Johnson Store,Mumbai,East,2017-09-29
S04171,Stuart Ltd Store,Ahmedabad,North,2024-02-08
S04172,"Edwards, Fisher and Davis Store",Hyderabad,North,2023-04-25
S04173,Singh Group Store,Jaipur,West,2023-04-03
S04174,Perez LLC Store,Jaipur,West,2015-12-20
S04175,"Schwartz, Armstrong and Garcia Store",Pune,Central,2023-02-04
S04176,"Stark, Henderson and Cook Store",Hyderabad,Central,2021-02-19
S04177,"Gutierrez, Howe and Wang Store",Delhi,South,2023-02-25
S04178,Simpson-French Store,Hyderabad,Central,2017-02-06
S04179,Wolfe and Sons Store,Bengaluru,North,2021-04-01
S04180,"Strong, Drake and Smith Store",Jaipur,East,2020-03-06
S04181,"Thomas, Smith and Thomas Store",Kolkata,North,2018-11-16
S04182,Sanders Group Store,Chennai,South,2017-11-18
S04183,Wilson LLC Store,Surat,South,2017-02-07
S04184,"Blake, Meadows and Gonzalez Store",Pune,North,2018-10-17
S04185,Villa-Turner Store,Pune,North,2019-09-15
S04186,Chen-Collins Store,Hyderabad,South,2019-05-05
S04187,Wolfe-Frazier Store,Hyderabad,East,2021-12-10
S04188,Taylor Group Store,Jaipur,Central,2017-12-15
S04189,Maldonado Ltd Store,Hyderabad,East,2017-02-25
S04190,"White, Sosa and Parks Store",Mumbai,West,2019-01-03
S04191,Hebert-Franklin Store,Surat,East,2018-11-02
S04192,"Blair, Herman and Saunders Store",Jaipur,East,2020-02-29
S04193,"Brown, Davis and Cannon Store",Ahmedabad,West,2025-06-22
S04194,Juarez LLC Store,Mumbai,Central,2016-05-30
S04195,Clarke Ltd Store,Chennai,Central,2016-06-19
S04196,Gillespie-Nixon Store,Bengaluru,North,2017-11-14
S04197,"Jones, Joyce and Montoya Store",Mumbai,East,2022-04-19
S04198,Harris-Perez Store,Chennai,North,2023-11-23
S04199,"Smith, Rivera and Schultz Store",Chennai,East,2024-10-07
S04200,Gamble Ltd Store,Jaipur,Central,2025-02-10
S04201,Kidd PLC Store,Ahmedabad,North,2018-10-01
S04202,Carey-Hayes Store,Jaipur,East,2017-11-16
S04203,"Parker, Miller and Wells Store",Ahmedabad,West,2017-02-14
S04204,Perez-Gordon Store,Ahmedabad,East,2025-11-06
S04205,Zamora LLC Store,Jaipur,South,2025-02-19
S04206,Thomas Group Store,Pune,Central,2024-04-28
S04207,Holland-Burch Store,Chennai,East,2021-06-01
S04208,Morales-Rodriguez Store,Delhi,West,2016-08-18
S04209,"Bautista, Smith and Howard Store",Chennai,West,2019-01-24
S04210,Gonzalez-Ramirez Store,Ahmedabad,North,2021-07-17
S04211,Clark-Griffin Store,Pune,South,2021-01-20
S04212,"Williams, Flynn and Castaneda Store",Bengaluru,South,2018-07-13
S04213,Fields Group Store,Hyderabad,East,2022-03-06
S04214,"Burns, Stevens and Lewis Store",Bengaluru,West,2018-10-20
S04215,Mcdaniel-Moore Store,Hyderabad,North,2021-11-20
S04216,Grant and Sons Store,Kolkata,East,2022-08-06
S04217,Porter-Wells Store,Bengaluru,East,2018-04-21
S04218,King-Torres Store,Hyderabad,East,2016-07-06
S04219,"Solomon, Marsh and Baker Store",Kolkata,West,2016-09-25
S04220,Smith Ltd Store,Surat,East,2017-05-31
S04221,Hutchinson-Caldwell Store,Mumbai,East,2016-04-02
S04222,Beard-Davis Store,Pune,Central,2022-03-07
S04223,Morgan Inc Store,Hyderabad,South,2022-06-07
S04224,Fox LLC Store,Bengaluru,North,2025-02-05
S04225,"Sanchez, Ware and Cruz Store",Pune,East,2017-09-30
S04226,Franklin Inc Store,Ahmedabad,South,2016-04-07
S04227,Page-Walton Store,Mumbai,Central,2024-01-10
S04228,Hartman-Smith Store,Hyderabad,West,2022-05-09
S04229,Abbott-Brown Store,Pune,Central,2017-12-26
S04230,"Anderson, Clark and Fox Store",Mumbai,Central,2017-06-09
S04231,Liu-Hill Store,Pune,South,2022-09-27
S04232,"Boyd, Davenport and Braun Store",Kolkata,North,2024-12-21
S04233,Matthews Ltd Store,Jaipur,South,2021-11-01
S04234,Ruiz-Perez Store,Bengaluru,South,2025-01-31
S04235,"Johnson, Reid and Ford Store",Chennai,East,2022-07-23
S04236,Fuentes-Miller Store,Kolkata,Central,2024-03-05
S04237,"Martinez, Walker and Wagner Store",Delhi,South,2019-02-17
S04238,Huynh PLC Store,Chennai,East,2021-12-03
S04239,Flores PLC Store,Kolkata,West,2025-07-22
S04240,Avila-Andrade Store,Hyderabad,West,2023-01-31
S04241,"Coleman, Sullivan and Mcdaniel Store",Jaipur,Central,2021-07-03
S04242,Wilson-Cox Store,Kolkata,West,2022-12-20
S04243,Taylor-Martin Store,Delhi,Central,2017-04-21
S04244,Woods-Bell Store,Surat,East,2022-04-10
S04245,"Herrera, Myers and Gardner Store",Surat,North,2021-12-02
S04246,Sloan PLC Store,Bengaluru,Central,2018-04-19
S04247,Dickerson-Martinez Store,Mumbai,West,2017-04-29
S04248,"Gonzales, Ford and Bray Store",Pune,West,2025-06-24
S04249,Martin-Harris Store,Jaipur,West,2022-09-15
S04250,Kelly Inc Store,Bengaluru,North,2024-03-24
S04251,Morrison-Buchanan Store,Surat,South,2025-10-20
S04252,Gilbert LLC Store,Kolkata,West,2022-11-13
S04253,Turner-Long Store,Hyderabad,North,2018-03-22
S04254,Parker-Yoder Store,Ahmedabad,East,2020-01-28
S04255,"Murray, Murray and Andrews Store",Hyderabad,West,2022-01-19
S04256,Ward-Bush Store,Bengaluru,Central,2018-08-06
S04257,Glenn and Sons Store,Mumbai,South,2016-02-05
S04258,Davis Inc Store,Bengaluru,West,2017-06-09
S04259,"Walsh, Dyer and Meyer Store",Hyderabad,East,2019-12-07
S04260,Pierce-Miller Store,Kolkata,South,2019-06-24
S04261,Miller and Sons Store,Chennai,Central,2025-10-22
S04262,Smith Inc Store,Delhi,Central,2022-08-21
S04263,Cooper Inc Store,Ahmedabad,North,2022-11-17
S04264,Mann-Jackson Store,Pune,South,2025-05-21
S04265,"Vega, Hill and Singleton Store",Bengaluru,East,2020-11-05
S04266,Osborne-Lucero Store,Delhi,Central,2016-11-06
S04267,Wilcox PLC Store,Hyderabad,West,2019-12-15
S04268,Sanders-Gutierrez Store,Kolkata,North,2018-11-14
S04269,"Martinez, Mitchell and Bennett Store",Bengaluru,East,2022-10-04
S04270,Schwartz-White Store,Delhi,West,2016-06-15
S04271,Jacobs LLC Store,Hyderabad,East,2021-05-27
S04272,Palmer-Hunt Store,Delhi,North,2024-06-02
S04273,"Powell, Decker and Smith Store",Bengaluru,South,2023-11-11
S04274,Underwood and Sons Store,Jaipur,North,2020-07-17
S04275,Powell PLC Store,Kolkata,South,2022-12-27
S04276,Ray-Armstrong Store,Ahmedabad,East,2017-04-21
S04277,"Galvan, Pena and Rogers Store",Ahmedabad,Central,2023-01-30
S04278,"Gardner, Matthews and Rivera Store",Kolkata,East,2016-11-29
S04279,Mitchell-Bell Store,Mumbai,Central,2019-04-19
S04280,"Cooper, Lowery and Aguirre Store",Kolkata,East,2019-02-16
S04281,"Oneill, Thompson and Arellano Store",Chennai,South,2019-04-07
S04282,Graves-Reed Store,Mumbai,West,2018-08-06
S04283,Morgan-Allen Store,Chennai,South,2020-10-08
S04284,Wilson Inc Store,Ahmedabad,North,2025-03-09
S04285,Hendrix-Frank Store,Pune,South,2018-04-23
S04286,Rogers-Jimenez Store,Bengaluru,West,2023-03-01
S04287,Combs PLC Store,Chennai,West,2018-01-13
S04288,Cooper-Gonzales Store,Bengaluru,West,2022-05-04
S04289,Bell and Sons Store,Hyderabad,North,2023-09-14
S04290,Clark-Turner Store,Chennai,South,2016-08-15
S04291,Hall LLC Store,Jaipur,Central,2024-03-16
S04292,Dickerson and Sons Store,Kolkata,West,2018-07-17
S04293,Charles Group Store,Hyderabad,Central,2021-08-17
S04294,"Campbell, Warren and Jones Store",Pune,South,2016-12-18
S04295,Santiago Inc Store,Hyderabad,East,2023-06-29
S04296,"Harris, Simpson and Best Store",Kolkata,West,2021-01-03
S04297,Wells-Patton Store,Pune,Central,2022-11-12
S04298,Sullivan and Sons Store,Hyderabad,Central,2017-07-19
S04299,Mason PLC Store,Surat,Central,2024-02-22
S04300,Robertson-Garcia Store,Chennai,Central,2020-12-21
S04301,Elliott Inc Store,Ahmedabad,South,2021-04-30
S04302,Bowers Inc Store,Ahmedabad,East,2017-01-27
S04303,"White, Sullivan and Long Store",Chennai,West,2017-08-17
S04304,Jones-Terry Store,Kolkata,South,2022-02-09
S04305,Wood-Garcia Store,Delhi,South,2021-05-13
S04306,Lawrence-Jones Store,Mumbai,West,2022-03-04
S04307,Franklin-Ryan Store,Pune,Central,2018-04-25
S04308,"Greer, Davidson and Perez Store",Surat,West,2022-11-08
S04309,Pace LLC Store,Ahmedabad,North,2024-02-04
S04310,Garcia-West Store,Hyderabad,West,2025-11-09
S04311,Miller LLC Store,Pune,West,2018-01-03
S04312,Garcia Inc Store,Surat,West,2017-12-08
S04313,"Roberts, Wright and Weber Store",Bengaluru,East,2022-06-30
S04314,"Nelson, Green and Johnson Store",Jaipur,East,2023-01-03
S04315,"Green, Arnold and Stevens Store",Pune,Central,2018-05-02
S04316,"Mosley, Reynolds and Aguirre Store",Jaipur,North,2017-05-01
S04317,"Snow, Smith and Palmer Store",Hyderabad,West,2015-12-01
S04318,Jacobson Inc Store,Bengaluru,West,2023-06-14
S04319,Stevens-Pruitt Store,Surat,North,2023-03-12
S04320,Ayala-Fox Store,Delhi,North,2020-03-31
S04321,Mccoy and Sons Store,Bengaluru,North,2016-03-31
S04322,"Snyder, Meadows and Lopez Store",Jaipur,West,2021-03-15
S04323,Sharp-Mccarthy Store,Hyderabad,Central,2019-01-22
S04324,Miller-Pitts Store,Pune,North,2020-02-12
S04325,Reynolds Ltd Store,Ahmedabad,South,2024-09-27
S04326,Green-Jones Store,Delhi,North,2019-09-21
S04327,Morales Group Store,Kolkata,West,2018-01-24
S04328,"Rivera, Lucas and Johnson Store",Surat,North,2019-05-13
S04329,"Evans, Sosa and Obrien Store",Mumbai,East,2022-08-13
S04330,Gomez Group Store,Bengaluru,South,2019-10-04
S04331,Tran-Graham Store,Chennai,East,2020-12-09
S04332,"Taylor, Fowler and Smith Store",Surat,South,2020-01-21
S04333,"Garcia, Harris and Brooks Store",Ahmedabad,West,2022-04-08
S04334,Andrade Inc Store,Jaipur,Central,2025-10-20
S04335,"Edwards, Blake and Ayala Store",Hyderabad,East,2021-10-31
S04336,Taylor-King Store,Pune,West,2018-03-22
S04337,"Medina, Jones and Brown Store",Mumbai,South,2024-07-18
S04338,"Collins, Chavez and Mason Store",Mumbai,West,2018-02-02
S04339,Dalton-Snyder Store,Delhi,Central,2020-03-20
S04340,Miller-Gay Store,Ahmedabad,North,2017-08-29
S04341,Gray-Martin Store,Surat,Central,2022-05-17
S04342,"Bell, Payne and Thompson Store",Ahmedabad,Central,2021-12-29
S04343,"Burton, Holland and Long Store",Hyderabad,East,2016-03-31
S04344,Chen Group Store,Chennai,Central,2016-07-01
S04345,Miller LLC Store,Jaipur,North,2019-11-05
S04346,Brown-Hill Store,Jaipur,Central,2016-02-04
S04347,"Barrera, Meyer and Sosa Store",Chennai,North,2021-03-04
S04348,Torres Ltd Store,Pune,West,2018-07-24
S04349,Thompson and Sons Store,Kolkata,South,2023-11-11
S04350,Price and Sons Store,Ahmedabad,North,2021-03-31
S04351,Roberts LLC Store,Chennai,West,2021-04-09
S04352,"Shaw, Perez and Dennis Store",Delhi,North,2024-05-23
S04353,"Grimes, Cooper and Carroll Store",Jaipur,East,2024-11-26
S04354,Williams-Morales Store,Kolkata,North,2019-11-10
S04355,Smith-Williams Store,Ahmedabad,North,2022-09-16
S04356,Webster Inc Store,Bengaluru,West,2019-08-14
S04357,"Solis, Rojas and Matthews Store",Delhi,West,2021-05-21
S04358,Reed-Montgomery Store,Pune,Central,2019-07-08
S04359,Combs LLC Store,Surat,Central,2016-11-13
S04360,Davis Group Store,Chennai,North,2020-05-21
S04361,"White, Thompson and Dixon Store",Bengaluru,West,2019-10-26
S04362,Sanders-Davis Store,Chennai,North,2019-09-17
S04363,Elliott PLC Store,Hyderabad,Central,2018-05-08
S04364,"Oneill, Mercado and Walker Store",Mumbai,South,2024-09-30
S04365,Reyes Inc Store,Hyderabad,North,2022-01-16
S04366,Ellison Ltd Store,Kolkata,West,2018-04-27
S04367,Morris-Lee Store,Kolkata,East,2020-06-01
S04368,"Greene, Hill and Kelly Store",Kolkata,South,2023-12-17
S04369,Daniels PLC Store,Kolkata,South,2018-08-12
S04370,"Wilson, Mckenzie and Hampton Store",Ahmedabad,Central,2024-09-11
S04371,Robinson-Martin Store,Pune,Central,2016-02-12
S04372,Richards-Vasquez Store,Surat,South,2016-01-18
S04373,White Ltd Store,Jaipur,Central,2021-12-28
S04374,Moreno Ltd Store,Surat,West,2017-04-18
S04375,Schneider-Patel Store,Jaipur,South,2022-07-29
S04376,Morales-Pena Store,Delhi,West,2024-08-23
S04377,Baker-Flores Store,Mumbai,Central,2019-12-07
S04378,"Bauer, Mccormick and Gibson Store",Chennai,Central,2019-10-28
S04379,"Miller, Clark and Robinson Store",Ahmedabad,East,2020-09-04
S04380,Romero Inc Store,Mumbai,Central,2025-01-22
S04381,"Prince, Travis and Reed Store",Surat,Central,2019-11-16
S04382,Smith-Allen Store,Hyderabad,South,2024-08-25
S04383,Diaz Ltd Store,Surat,North,2018-06-11
S04384,Newton Ltd Store,Bengaluru,North,2022-10-10
S04385,Lee Inc Store,Delhi,North,2020-04-17
S04386,Morrison Ltd Store,Chennai,East,2022-09-15
S04387,Bentley-Rush Store,Delhi,Central,2022-06-23
S04388,Blanchard-Greene Store,Surat,North,2025-05-19
S04389,Alvarez and Sons Store,Delhi,Central,2023-11-18
S04390,Williams-Smith Store,Ahmedabad,South,2020-07-04
S04391,Adams and Sons Store,Jaipur,West,2023-10-14
S04392,Sanders-Lewis Store,Kolkata,Central,2021-04-23
S04393,"Gutierrez, Jones and Blankenship Store",Chennai,East,2022-09-14
S04394,Simpson-Tapia Store,Bengaluru,East,2025-09-06
S04395,Shelton PLC Store,Pune,Central,2025-09-28
S04396,"Frye, Hughes and Cook Store",Mumbai,West,2018-10-25
S04397,"Hoffman, Malone and Russell Store",Bengaluru,East,2024-10-22
S04398,Huber-Armstrong Store,Kolkata,East,2017-06-10
S04399,"Martin, Nguyen and Downs Store",Chennai,North,2025-08-12
S04400,Woods Ltd Store,Pune,West,2018-04-07
S04401,"Freeman, Martin and Roman Store",Bengaluru,North,2016-03-20
S04402,Madden-York Store,Pune,North,2021-09-08
S04403,Keith-Navarro Store,Ahmedabad,South,2017-04-18
S04404,"Norris, Stewart and Flores Store",Hyderabad,East,2022-10-24
S04405,Lopez-Hebert Store,Chennai,West,2020-02-25
S04406,Richards-Petersen Store,Ahmedabad,East,2022-10-25
S04407,Gomez-Fernandez Store,Jaipur,North,2019-07-16
S04408,"Martinez, Sellers and Singleton Store",Surat,East,2018-07-14
S04409,"Underwood, Barron and Simmons Store",Delhi,East,2024-01-01
S04410,Burnett Ltd Store,Pune,East,2025-05-31
S04411,"Johnson, Ryan and Young Store",Jaipur,North,2017-04-16
S04412,Gonzalez-Fitzgerald Store,Surat,South,2022-09-06
S04413,Oliver-Willis Store,Delhi,North,2024-01-27
S04414,Williams-Sutton Store,Pune,East,2023-07-26
S04415,Washington Group Store,Chennai,North,2019-11-14
S04416,Walker-Estes Store,Chennai,North,2018-02-25
S04417,Adams-Ramos Store,Chennai,East,2020-09-08
S04418,Osborne and Sons Store,Chennai,East,2019-01-15
S04419,"Alexander, Vincent and Huber Store",Surat,South,2016-11-12
S04420,"Travis, Gomez and Floyd Store",Bengaluru,South,2020-06-06
S04421,Wong LLC Store,Kolkata,South,2019-10-01
S04422,Flynn-Diaz Store,Bengaluru,Central,2022-02-24
S04423,Ross PLC Store,Pune,South,2021-03-28
S04424,"Scott, Lewis and Hunt Store",Hyderabad,South,2019-05-09
S04425,Salazar LLC Store,Jaipur,West,2018-08-09
S04426,Hayes-Perez Store,Delhi,Central,2022-02-18
S04427,"Charles, Mccoy and Anderson Store",Ahmedabad,East,2017-03-20
S04428,Brown-Bond Store,Ahmedabad,Central,2022-02-05
S04429,Zimmerman-Riley Store,Kolkata,East,2025-10-19
S04430,Diaz Inc Store,Bengaluru,Central,2025-04-03
S04431,Mendez PLC Store,Pune,East,2022-05-27
S04432,"Huber, Rodriguez and Bautista Store",Jaipur,West,2015-12-04
S04433,Nelson Ltd Store,Chennai,West,2024-03-25
S04434,Smith Ltd Store,Delhi,West,2021-05-29
S04435,Lopez-Kennedy Store,Bengaluru,Central,2020-01-30
S04436,"Howe, Mooney and Mcclure Store",Delhi,West,2025-09-19
S04437,Delgado-Gonzalez Store,Bengaluru,South,2021-12-28
S04438,Dillon Ltd Store,Chennai,West,2021-11-25
S04439,"Sanders, Diaz and Casey Store",Mumbai,Central,2018-03-11
S04440,Hall-Ortiz Store,Mumbai,East,2021-03-23
S04441,Russell and Sons Store,Pune,West,2025-02-11
S04442,Lee Inc Store,Delhi,North,2016-07-17
S04443,"Shaw, Drake and Jacobs Store",Ahmedabad,West,2025-01-13
S04444,"Holmes, Parker and Morrison Store",Hyderabad,East,2022-07-07
S04445,Wade-Butler Store,Mumbai,South,2016-01-10
S04446,Bowman Inc Store,Jaipur,South,2016-10-25
S04447,Garcia-Wade Store,Chennai,East,2024-05-28
S04448,Branch Inc Store,Bengaluru,South,2021-09-02
S04449,Weiss Ltd Store,Kolkata,West,2023-03-30
S04450,Gonzalez-Bailey Store,Chennai,West,2023-05-01
S04451,Vaughan Ltd Store,Bengaluru,West,2021-09-29
S04452,"Spencer, Mason and Williams Store",Delhi,West,2021-09-23
S04453,Williams LLC Store,Bengaluru,South,2025-11-17
S04454,"Jackson, Jackson and Young Store",Kolkata,West,2017-01-21
S04455,Williams-Morgan Store,Delhi,Central,2019-07-01
S04456,Payne and Sons Store,Surat,West,2019-07-27
S04457,"Jackson, Taylor and Cunningham Store",Bengaluru,West,2024-05-19
S04458,"Drake, Stanton and Garcia Store",Bengaluru,Central,2017-12-15
S04459,Ramos-Stewart Store,Mumbai,West,2018-01-05
S04460,"Brandt, Goodman and Pope Store",Delhi,West,2016-09-23
S04461,Thompson Ltd Store,Bengaluru,South,2018-02-05
S04462,Larson PLC Store,Mumbai,Central,2019-12-05
S04463,Smith Inc Store,Pune,East,2021-04-24
S04464,David-Blair Store,Chennai,Central,2023-03-16
S04465,Dalton-Sullivan Store,Chennai,North,2021-05-29
S04466,Rogers-Mercado Store,Kolkata,Central,2022-03-12
S04467,"Harrison, Meadows and Webster Store",Surat,West,2025-06-16
S04468,"Larson, Brown and Brown Store",Pune,East,2015-11-28
S04469,"Adkins, Bell and Delgado Store",Jaipur,West,2020-12-18
S04470,"Johnson, Waters and James Store",Jaipur,North,2023-10-28
S04471,Drake-Hansen Store,Delhi,North,2019-06-04
S04472,James-Chen Store,Mumbai,East,2025-04-24
S04473,Davis-Vega Store,Delhi,Central,2019-01-13
S04474,Alvarado-Snyder Store,Ahmedabad,West,2024-09-20
S04475,Dunn-Alvarez Store,Kolkata,West,2023-07-20
S04476,Duncan and Sons Store,Ahmedabad,Central,2016-03-25
S04477,Huang Inc Store,Jaipur,West,2024-10-09
S04478,Phillips LLC Store,Pune,Central,2016-04-14
S04479,"Patterson, Brown and Hubbard Store",Chennai,South,2020-04-09
S04480,Franklin LLC Store,Bengaluru,South,2020-06-17
S04481,Serrano Inc Store,Chennai,South,2024-07-31
S04482,Murphy-Torres Store,Ahmedabad,East,2018-10-07
S04483,Martinez-Dunn Store,Pune,South,2020-09-23
S04484,"Ryan, Frederick and Garrett Store",Hyderabad,South,2017-03-22
S04485,Ramirez and Sons Store,Pune,Central,2024-03-07
S04486,Clayton-Rodriguez Store,Surat,East,2024-08-30
S04487,"Brown, Miller and Freeman Store",Chennai,South,2020-08-25
S04488,Burch-Hendricks Store,Delhi,East,2025-02-26
S04489,Fox Inc Store,Jaipur,Central,2015-12-01
S04490,Salazar Ltd Store,Hyderabad,Central,2019-05-03
S04491,"Wells, Salazar and Richards Store",Surat,West,2023-11-27
S04492,"Peterson, Woodward and Kim Store",Ahmedabad,East,2022-06-14
S04493,Castro LLC Store,Bengaluru,Central,2018-07-18
S04494,"Savage, Chase and Lawrence Store",Mumbai,Central,2022-03-24
S04495,Dyer and Sons Store,Surat,South,2020-08-19
S04496,Taylor and Sons Store,Surat,Central,2019-08-23
S04497,"Cobb, Phillips and Kelly Store",Delhi,South,2016-09-13
S04498,"Mueller, Burns and Singh Store",Jaipur,Central,2016-09-13
S04499,Hill PLC Store,Jaipur,Central,2020-12-07
S04500,"Patrick, Mayo and Glass Store",Chennai,East,2016-08-04
S04501,"Burton, Evans and Cummings Store",Mumbai,Central,2021-08-30
S04502,"Hanson, Kim and Fowler Store",Delhi,East,2020-06-22
S04503,"Jones, Walsh and Walker Store",Hyderabad,West,2024-12-06
S04504,Cooper-Velez Store,Hyderabad,West,2016-01-20
S04505,Jones-Gonzalez Store,Delhi,South,2019-09-20
S04506,Austin Ltd Store,Jaipur,East,2017-07-23
S04507,Kelly-Garcia Store,Kolkata,South,2018-05-17
S04508,"Campbell, Miller and Rodriguez Store",Hyderabad,West,2022-09-28
S04509,Smith LLC Store,Bengaluru,West,2017-04-29
S04510,"Brown, Cooke and White Store",Ahmedabad,East,2019-09-16
S04511,Warren Ltd Store,Delhi,Central,2024-12-08
S04512,"Kemp, Simpson and Patterson Store",Mumbai,Central,2024-10-08
S04513,Campbell-Lee Store,Mumbai,Central,2020-11-21
S04514,Ryan and Sons Store,Hyderabad,West,2016-09-20
S04515,Myers Ltd Store,Delhi,North,2024-02-10
S04516,"Guzman, Butler and Thompson Store",Mumbai,West,2018-06-28
S04517,Escobar-Rodriguez Store,Mumbai,South,2023-02-17
S04518,"Smith, Potts and Barker Store",Surat,West,2022-02-02
S04519,"Morris, Perry and Nguyen Store",Surat,West,2016-07-18
S04520,Walker LLC Store,Hyderabad,East,2019-12-19
S04521,Hodge and Sons Store,Pune,East,2020-03-15
S04522,Hansen-Murphy Store,Mumbai,South,2024-04-09
S04523,"Delgado, Clarke and Jackson Store",Ahmedabad,East,2023-08-31
S04524,Holt PLC Store,Kolkata,Central,2020-07-20
S04525,"Mccarthy, Sanchez and Yoder Store",Surat,South,2019-08-19
S04526,Montgomery PLC Store,Hyderabad,Central,2021-11-28
S04527,Sanders LLC Store,Hyderabad,West,2016-04-26
S04528,Vega LLC Store,Surat,West,2017-06-09
S04529,Morgan Group Store,Delhi,East,2023-08-29
S04530,Melendez LLC Store,Mumbai,East,2024-05-06
S04531,Clark Group Store,Hyderabad,North,2019-01-19
S04532,Whitney Ltd Store,Delhi,West,2024-09-05
S04533,Rice Ltd Store,Chennai,West,2021-06-06
S04534,Sharp Ltd Store,Delhi,South,2020-01-19
S04535,"Miller, Chang and Sanders Store",Jaipur,East,2020-01-26
S04536,Jones Inc Store,Chennai,North,2022-01-17
S04537,Bryant Ltd Store,Pune,Central,2024-06-13
S04538,Carr-Green Store,Kolkata,Central,2017-06-18
S04539,Hamilton Inc Store,Surat,East,2022-06-06
S04540,"Allen, Wood and Graham Store",Mumbai,East,2018-09-18
S04541,Gregory-Lawson Store,Pune,Central,2019-02-14
S04542,Simpson-Harris Store,Surat,North,2023-01-10
S04543,"Kidd, Stewart and Anderson Store",Pune,North,2019-01-07
S04544,Rivera Ltd Store,Kolkata,East,2023-07-29
S04545,Torres-Rodriguez Store,Hyderabad,East,2021-07-10
S04546,Fowler-Stanley Store,Hyderabad,West,2017-12-09
S04547,Nolan Group Store,Kolkata,North,2020-07-29
S04548,"Banks, Flores and Park Store",Bengaluru,South,2018-12-22
S04549,"Bailey, Valenzuela and Mayo Store",Kolkata,West,2016-05-30
S04550,"Washington, Moreno and Schneider Store",Surat,Central,2021-03-25
S04551,Reynolds-Stein Store,Hyderabad,West,2022-09-01
S04552,Cruz-Jennings Store,Delhi,West,2017-04-01
S04553,Moore Group Store,Surat,West,2016-06-08
S04554,Green and Sons Store,Chennai,South,2017-07-25
S04555,"Kelly, Rodriguez and Reed Store",Hyderabad,Central,2024-05-22
S04556,Molina-Dunn Store,Hyderabad,South,2021-01-04
S04557,"Hines, Hayes and Davis Store",Chennai,West,2025-04-04
S04558,Johnson-Fisher Store,Surat,East,2023-03-01
S04559,Phillips Ltd Store,Bengaluru,Central,2020-02-04
S04560,"Wells, Baker and Hawkins Store",Kolkata,East,2016-08-03
S04561,Holloway Ltd Store,Jaipur,South,2017-10-02
S04562,"Pugh, Navarro and Benitez Store",Ahmedabad,West,2018-12-26
S04563,Banks Inc Store,Chennai,Central,2023-10-16
S04564,"Ramirez, Long and Hunt Store",Jaipur,North,2019-06-20
S04565,Bell and Sons Store,Bengaluru,South,2016-06-20
S04566,"Meyer, Moss and Gilmore Store",Hyderabad,East,2024-10-27
S04567,Cruz Inc Store,Mumbai,South,2020-12-17
S04568,"Brown, Gould and Kennedy Store",Kolkata,South,2021-08-31
S04569,Woods-Collins Store,Jaipur,West,2023-04-12
S04570,Maynard-Knight Store,Hyderabad,Central,2025-08-25
S04571,Green Group Store,Delhi,North,2019-06-15
S04572,Harris-Skinner Store,Pune,East,2024-04-05
S04573,"Stafford, Sosa and Snyder Store",Hyderabad,West,2020-11-02
S04574,Armstrong and Sons Store,Chennai,South,2024-12-18
S04575,Bailey Group Store,Kolkata,South,2023-08-18
S04576,"Tate, Garcia and Myers Store",Kolkata,Central,2020-03-08
S04577,"Wilson, Stark and Tate Store",Kolkata,Central,2025-01-24
S04578,Oneal-Graves Store,Delhi,North,2018-07-21
S04579,"Wells, Crane and Hill Store",Delhi,North,2025-06-16
S04580,Simmons-Ward Store,Hyderabad,West,2023-01-01
S04581,Marshall-Johnson Store,Delhi,South,2020-11-25
S04582,Brown-Cruz Store,Mumbai,Central,2019-07-22
S04583,Smith-Hamilton Store,Ahmedabad,East,2025-04-06
S04584,Norris PLC Store,Delhi,North,2017-12-12
S04585,"Nichols, Yang and Knight Store",Pune,West,2018-05-26
S04586,Smith and Sons Store,Delhi,West,2020-12-07
S04587,"Adams, Lawrence and Anthony Store",Hyderabad,East,2022-04-28
S04588,Snow LLC Store,Surat,Central,2017-11-08
S04589,"Sullivan, Dunlap and Sullivan Store",Bengaluru,South,2017-09-06
S04590,Lewis Ltd Store,Ahmedabad,South,2022-06-06
S04591,"Quinn, Myers and Ray Store",Surat,East,2018-06-06
S04592,"Terrell, Mitchell and Murray Store",Jaipur,South,2019-02-09
S04593,Scott-Elliott Store,Surat,North,2017-06-07
S04594,Williams PLC Store,Pune,North,2020-04-28
S04595,"Thornton, Garcia and Kline Store",Pune,West,2017-07-01
S04596,Robinson-Wilson Store,Ahmedabad,Central,2022-01-27
S04597,Brown-Lewis Store,Bengaluru,East,2024-11-05
S04598,Jones-Day Store,Bengaluru,South,2018-05-14
S04599,Ramirez-Dalton Store,Delhi,North,2020-11-05
S04600,"Barnes, Garza and Wu Store",Mumbai,East,2017-04-17
S04601,"Contreras, Harris and Barnes Store",Mumbai,South,2022-08-18
S04602,"Reyes, Barr and Stewart Store",Chennai,Central,2024-05-16
S04603,"Weber, Guzman and Campbell Store",Jaipur,East,2021-10-03
S04604,Mathis LLC Store,Delhi,North,2024-01-19
S04605,Levy and Sons Store,Ahmedabad,North,2021-06-03
S04606,"Davis, Bullock and Hall Store",Mumbai,Central,2020-04-27
S04607,"Burnett, Gonzalez and Wu Store",Bengaluru,Central,2015-12-16
S04608,Rose-Arnold Store,Pune,South,2023-10-27
S04609,Macias-Conley Store,Surat,South,2016-12-26
S04610,"Golden, Yates and Oconnell Store",Hyderabad,East,2018-12-24
S04611,"Maldonado, Willis and Haley Store",Hyderabad,East,2022-12-06
S04612,Garcia-Morales Store,Delhi,South,2025-02-28
S04613,Park Group Store,Delhi,North,2025-05-05
S04614,Martinez-Harrison Store,Chennai,South,2017-09-30
S04615,"Owens, Ellis and Young Store",Kolkata,West,2021-12-19
S04616,Johnson PLC Store,Pune,Central,2024-02-05
S04617,Frank-Taylor Store,Kolkata,North,2022-08-26
S04618,Wilson-Walls Store,Mumbai,East,2022-02-12
S04619,Blanchard and Sons Store,Jaipur,North,2022-10-20
S04620,Michael-Perez Store,Chennai,East,2017-06-21
S04621,Jackson LLC Store,Bengaluru,West,2017-10-05
S04622,Morris-Richards Store,Pune,North,2020-12-24
S04623,"Kane, Green and Henry Store",Kolkata,Central,2016-05-07
S04624,Pennington-Sloan Store,Pune,North,2016-08-15
S04625,Foster PLC Store,Kolkata,South,2019-09-28
S04626,Ayala PLC Store,Pune,Central,2019-10-24
S04627,Lester-Dyer Store,Hyderabad,East,2021-01-11
S04628,"Krause, Aguilar and Harris Store",Pune,Central,2023-05-13
S04629,Ruiz-Aguilar Store,Pune,North,2023-12-19
S04630,Walters Inc Store,Kolkata,East,2019-01-30
S04631,"Bowman, Wright and Brown Store",Surat,Central,2016-07-31
S04632,Blanchard Inc Store,Delhi,Central,2018-07-29
S04633,Lynch-Strong Store,Pune,North,2018-01-29
S04634,Herrera and Sons Store,Chennai,West,2019-02-08
S04635,Jimenez-Marshall Store,Mumbai,North,2020-07-19
S04636,"Carey, Liu and Goodman Store",Pune,East,2017-08-01
S04637,Avila-Elliott Store,Surat,East,2020-06-28
S04638,"Griffin, Ayers and Gill Store",Surat,Central,2022-08-27
S04639,Alexander-Atkins Store,Chennai,Central,2025-09-20
S04640,Ryan-Roberts Store,Ahmedabad,North,2017-09-25
S04641,Turner-Foster Store,Ahmedabad,South,2022-01-22
S04642,Bradford PLC Store,Bengaluru,North,2023-11-28
S04643,Thompson-Weeks Store,Surat,Central,2016-04-16
S04644,"Moran, Shah and Lam Store",Hyderabad,East,2018-01-26
S04645,Gillespie-Young Store,Bengaluru,North,2023-01-19
S04646,Hancock LLC Store,Ahmedabad,East,2024-06-14
S04647,"Jacobs, Warren and Sullivan Store",Bengaluru,East,2021-11-30
S04648,"Mendez, Jordan and Bush Store",Bengaluru,East,2024-02-19
S04649,"Wallace, Morgan and Dominguez Store",Ahmedabad,West,2025-06-03
S04650,Martinez Ltd Store,Chennai,North,2020-04-16
S04651,"Butler, Harvey and Tyler Store",Hyderabad,East,2020-11-07
S04652,Brandt Ltd Store,Pune,East,2024-01-09
S04653,"Rogers, Huffman and Warner Store",Bengaluru,South,2017-04-23
S04654,Gonzalez Ltd Store,Ahmedabad,South,2021-08-03
S04655,Ayala Ltd Store,Kolkata,Central,2020-08-09
S04656,Thomas-Spears Store,Mumbai,East,2025-05-18
S04657,Stewart-Olson Store,Ahmedabad,Central,2019-10-31
S04658,Ramirez-Matthews Store,Ahmedabad,Central,2020-05-15
S04659,Lawson Group Store,Surat,South,2024-06-28
S04660,"Holland, Osborne and Miles Store",Bengaluru,Central,2022-07-15
S04661,"Mcgee, Mosley and Bolton Store",Jaipur,North,2016-11-29
S04662,Hicks PLC Store,Ahmedabad,East,2023-03-27
S04663,Brown-Clark Store,Bengaluru,Central,2025-10-06
S04664,"Porter, Perkins and Wallace Store",Hyderabad,West,2025-01-25
S04665,Turner Inc Store,Mumbai,West,2019-02-22
S04666,Nicholson-Haney Store,Bengaluru,East,2023-06-23
S04667,Maddox-Patel Store,Delhi,Central,2017-07-23
S04668,"Smith, Cox and Weber Store",Surat,East,2022-08-27
S04669,"Olson, Wheeler and Harrell Store",Mumbai,Central,2023-06-26
S04670,Scott-Harris Store,Kolkata,East,2016-05-01
S04671,Larsen-Jones Store,Kolkata,South,2025-10-25
S04672,Tucker Inc Store,Surat,North,2023-02-24
S04673,Sparks LLC Store,Mumbai,West,2021-11-15
S04674,Warren-Buckley Store,Mumbai,North,2018-04-09
S04675,"Flores, Davis and Mclean Store",Chennai,South,2025-10-12
S04676,Howell and Sons Store,Jaipur,Central,2017-07-25
S04677,"Ingram, Gray and Turner Store",Delhi,North,2025-08-18
S04678,Santos-Serrano Store,Pune,East,2022-06-29
S04679,Anthony-Hooper Store,Delhi,South,2020-03-14
S04680,Wolf-Garza Store,Hyderabad,North,2024-08-23
S04681,"Dawson, Bryant and Wheeler Store",Chennai,South,2023-05-25
S04682,Nelson-Stevenson Store,Mumbai,North,2024-12-29
S04683,"Potts, Wheeler and Stephens Store",Delhi,South,2023-01-28
S04684,Nichols-Williams Store,Kolkata,North,2023-02-08
S04685,Sanchez-Dixon Store,Kolkata,West,2019-09-15
S04686,Lambert LLC Store,Ahmedabad,West,2018-11-17
S04687,Harrison-Mccann Store,Bengaluru,East,2025-11-13
S04688,Hall-Butler Store,Mumbai,North,2020-10-04
S04689,Jones-Lewis Store,Kolkata,East,2016-06-07
S04690,"Young, Jones and Bryant Store",Mumbai,Central,2018-04-21
S04691,Nguyen-Jackson Store,Ahmedabad,North,2023-05-21
S04692,Juarez LLC Store,Kolkata,North,2020-06-18
S04693,Soto-Roberts Store,Jaipur,East,2021-01-16
S04694,Fleming Inc Store,Ahmedabad,South,2016-03-10
S04695,Carter Ltd Store,Hyderabad,North,2022-09-21
S04696,"Hanson, Benton and Carter Store",Hyderabad,Central,2022-05-26
S04697,Robinson and Sons Store,Chennai,North,2020-04-12
S04698,"King, Thompson and Griffin Store",Mumbai,North,2018-02-21
S04699,Burnett PLC Store,Surat,North,2021-10-26
S04700,Ramirez-Hopkins Store,Ahmedabad,South,2020-02-26
S04701,"Graham, Diaz and Davis Store",Bengaluru,Central,2023-11-23
S04702,Hoover-Strickland Store,Delhi,West,2018-12-10
S04703,"Luna, Hernandez and Baker Store",Ahmedabad,South,2024-10-12
S04704,Lewis-Potter Store,Kolkata,North,2018-11-14
S04705,Franklin Ltd Store,Hyderabad,North,2022-04-06
S04706,Francis-Nguyen Store,Jaipur,West,2017-05-25
S04707,Barnes-Rogers Store,Ahmedabad,East,2018-02-07
S04708,Smith-Carter Store,Hyderabad,Central,2023-06-12
S04709,Brown PLC Store,Chennai,West,2018-03-07
S04710,Mccarty-Byrd Store,Delhi,East,2021-03-06
S04711,"Hensley, Charles and Jones Store",Ahmedabad,West,2019-01-20
S04712,Aguirre Inc Store,Mumbai,East,2021-03-04
S04713,"Brown, Flores and Nichols Store",Pune,South,2025-03-11
S04714,Morton Ltd Store,Surat,North,2023-11-28
S04715,Carlson Group Store,Pune,South,2017-06-27
S04716,Morales-Hurley Store,Jaipur,North,2020-01-12
S04717,Garrett-Gross Store,Pune,North,2023-06-14
S04718,Davis-Lee Store,Jaipur,Central,2023-11-28
S04719,Medina-Hall Store,Kolkata,Central,2016-04-30
S04720,Cantu and Sons Store,Kolkata,East,2020-03-14
S04721,"Stephens, Mitchell and Price Store",Mumbai,East,2019-10-31
S04722,Thompson Inc Store,Hyderabad,Central,2017-09-07
S04723,Rose and Sons Store,Pune,Central,2021-02-21
S04724,Lawrence-Bonilla Store,Hyderabad,East,2020-12-28
S04725,Woods Group Store,Surat,South,2016-09-11
S04726,"Chang, Johnson and Cox Store",Kolkata,West,2021-07-18
S04727,"Santiago, Taylor and Cook Store",Pune,Central,2019-02-16
S04728,Mendez-Dominguez Store,Surat,Central,2018-01-03
S04729,Smith-Stewart Store,Delhi,South,2022-05-07
S04730,Mcintosh PLC Store,Surat,North,2024-08-14
S04731,Anderson-Mitchell Store,Kolkata,South,2024-04-09
S04732,Krause Inc Store,Pune,Central,2019-07-23
S04733,Ibarra Group Store,Kolkata,South,2017-03-12
S04734,Smith PLC Store,Surat,East,2025-06-15
S04735,Franco PLC Store,Hyderabad,Central,2025-07-26
S04736,"Jackson, Michael and Mclaughlin Store",Jaipur,West,2018-12-26
S04737,Donovan and Sons Store,Ahmedabad,East,2020-03-18
S04738,Arnold PLC Store,Surat,East,2019-11-25
S04739,Watson LLC Store,Mumbai,Central,2017-01-11
S04740,Rodriguez-Chavez Store,Ahmedabad,East,2019-12-06
S04741,Summers-Johnson Store,Surat,South,2017-02-09
S04742,Williams-Hoover Store,Kolkata,East,2021-12-10
S04743,"Perez, Clark and Paul Store",Bengaluru,South,2016-08-06
S04744,"Taylor, Mcgrath and Woods Store",Pune,West,2019-02-04
S04745,Davis Ltd Store,Jaipur,Central,2018-05-18
S04746,Delgado Inc Store,Mumbai,South,2023-09-09
S04747,Fowler-Hopkins Store,Jaipur,South,2019-07-20
S04748,Cohen-Campos Store,Jaipur,West,2016-01-03
S04749,Cobb Inc Store,Chennai,Central,2025-01-05
S04750,Lucero Group Store,Hyderabad,Central,2019-02-13
S04751,Massey-Best Store,Hyderabad,North,2022-02-08
S04752,Banks LLC Store,Chennai,West,2024-05-22
S04753,"Smith, Buchanan and Miller Store",Kolkata,West,2019-04-11
S04754,Fritz PLC Store,Jaipur,West,2018-01-20
S04755,"Phillips, Mosley and Nichols Store",Jaipur,South,2025-02-11
S04756,Patton-Stephens Store,Jaipur,East,2019-06-22
S04757,Bailey-May Store,Mumbai,West,2021-10-03
S04758,Gonzales Ltd Store,Mumbai,East,2017-09-14
S04759,"Saunders, Vargas and Odonnell Store",Bengaluru,North,2023-10-02
S04760,Mcfarland-Hill Store,Delhi,South,2024-06-05
S04761,"Johnston, Harris and Henderson Store",Bengaluru,Central,2017-01-07
S04762,Taylor-Sutton Store,Chennai,South,2020-05-18
S04763,Smith LLC Store,Hyderabad,West,2016-06-08
S04764,Navarro LLC Store,Ahmedabad,South,2020-06-23
S04765,Cherry Ltd Store,Chennai,South,2017-07-08
S04766,"Weber, Chaney and Henderson Store",Delhi,South,2019-03-10
S04767,Torres-Morris Store,Surat,Central,2022-08-28
S04768,Mahoney-Mcgrath Store,Chennai,North,2025-03-04
S04769,Jenkins Ltd Store,Delhi,West,2017-03-10
S04770,Johnson Group Store,Hyderabad,West,2022-02-03
S04771,Miller-Gutierrez Store,Mumbai,East,2016-07-21
S04772,"Randall, Nichols and Cox Store",Surat,West,2023-08-31
S04773,Atkins PLC Store,Chennai,West,2025-06-24
S04774,Neal LLC Store,Bengaluru,South,2024-12-06
S04775,Garcia LLC Store,Surat,East,2017-03-13
S04776,Hill and Sons Store,Chennai,South,2019-03-18
S04777,"Cabrera, Mckenzie and Jordan Store",Kolkata,North,2017-07-29
S04778,Santiago LLC Store,Chennai,East,2021-11-21
S04779,"Rogers, Soto and Morris Store",Mumbai,North,2019-11-27
S04780,Cook-Craig Store,Ahmedabad,West,2019-10-06
S04781,Baker-Brown Store,Kolkata,North,2018-03-23
S04782,Ballard-Nelson Store,Jaipur,Central,2018-08-16
S04783,Moore Inc Store,Pune,North,2023-09-26
S04784,Woods Ltd Store,Bengaluru,East,2019-11-11
S04785,"Diaz, Massey and Gordon Store",Chennai,West,2024-03-06
S04786,Proctor and Sons Store,Delhi,East,2023-05-22
S04787,Ramos-King Store,Chennai,North,2019-12-12
S04788,"Anderson, Olson and Robles Store",Jaipur,East,2018-11-25
S04789,Hughes-Taylor Store,Pune,West,2021-05-04
S04790,Morales LLC Store,Pune,North,2016-03-28
S04791,Gutierrez-Lewis Store,Ahmedabad,North,2020-08-23
S04792,"Rodriguez, Bradley and Allen Store",Kolkata,East,2021-08-19
S04793,Watson PLC Store,Pune,North,2016-02-06
S04794,Larsen-Nash Store,Bengaluru,West,2019-09-07
S04795,"Clark, Robinson and Fox Store",Bengaluru,West,2018-03-21
S04796,"Callahan, Cannon and Harris Store",Hyderabad,West,2023-05-17
S04797,White LLC Store,Surat,East,2024-05-15
S04798,Brewer-Garcia Store,Pune,North,2018-05-20
S04799,"Blevins, Lewis and Gordon Store",Delhi,Central,2018-09-18
S04800,Richardson LLC Store,Bengaluru,South,2018-03-15
S04801,Pace and Sons Store,Bengaluru,North,2024-12-16
S04802,Mitchell-Watkins Store,Mumbai,West,2021-05-29
S04803,Jimenez-Hall Store,Mumbai,West,2018-11-27
S04804,Martinez PLC Store,Bengaluru,East,2016-03-01
S04805,Gray-Gray Store,Ahmedabad,South,2021-12-18
S04806,Thomas-Mcgee Store,Hyderabad,South,2016-12-07
S04807,Perkins-Potts Store,Surat,South,2019-01-09
S04808,Graham-Goodwin Store,Mumbai,East,2017-01-12
S04809,Sanders Group Store,Hyderabad,West,2024-06-26
S04810,Perry and Sons Store,Bengaluru,West,2019-09-14
S04811,"Smith, Davenport and Nelson Store",Chennai,South,2020-12-21
S04812,"Gallagher, Barker and Humphrey Store",Pune,Central,2017-04-09
S04813,Wilson PLC Store,Surat,West,2025-02-01
S04814,Rivera Inc Store,Chennai,Central,2020-09-23
S04815,Schaefer-Miller Store,Jaipur,Central,2025-06-13
S04816,Atkins Inc Store,Chennai,West,2017-03-24
S04817,Warner Inc Store,Surat,North,2020-11-01
S04818,Garrett PLC Store,Pune,West,2024-07-14
S04819,Baker-Burns Store,Hyderabad,East,2022-09-13
S04820,"Frost, Rogers and Andrade Store",Surat,East,2017-06-09
S04821,Miller-Park Store,Hyderabad,West,2016-11-10
S04822,Hayes-Zimmerman Store,Mumbai,West,2021-12-03
S04823,Williams-Morgan Store,Kolkata,Central,2016-06-30
S04824,Patrick-Taylor Store,Surat,Central,2021-01-25
S04825,"Long, Flores and Nguyen Store",Bengaluru,West,2016-01-07
S04826,Riddle Group Store,Pune,Central,2021-06-15
S04827,Gonzales PLC Store,Ahmedabad,South,2025-08-21
S04828,Herring-Williams Store,Chennai,South,2017-09-02
S04829,Beard-Miller Store,Hyderabad,East,2019-10-15
S04830,Horne Inc Store,Chennai,North,2022-07-17
S04831,Collins-Berg Store,Ahmedabad,East,2024-03-24
S04832,Williams-Garza Store,Ahmedabad,West,2020-02-09
S04833,"Mathews, Vincent and Aguilar Store",Surat,South,2022-05-04
S04834,"Brown, Hoffman and Cooper Store",Ahmedabad,West,2018-01-28
S04835,Delgado-Jordan Store,Delhi,East,2016-12-17
S04836,"Lee, Rodriguez and Pratt Store",Chennai,Central,2020-01-29
S04837,Hall LLC Store,Jaipur,Central,2019-12-22
S04838,"Chavez, Clark and Cruz Store",Jaipur,Central,2021-12-24
S04839,Johnson and Sons Store,Ahmedabad,North,2022-08-22
S04840,"Lee, Gonzales and Dyer Store",Mumbai,North,2018-05-10
S04841,Johnson-Monroe Store,Delhi,Central,2025-04-12
S04842,Yoder Ltd Store,Bengaluru,South,2020-01-01
S04843,Foster-Smith Store,Mumbai,Central,2016-05-30
S04844,Patrick Group Store,Mumbai,West,2017-05-23
S04845,Sosa-Moran Store,Jaipur,West,2020-01-27
S04846,Sanford-Mathews Store,Ahmedabad,South,2020-06-05
S04847,Simpson-Hicks Store,Mumbai,East,2021-01-04
S04848,"Hernandez, Andrews and Henderson Store",Bengaluru,West,2016-01-23
S04849,"Henderson, King and Miranda Store",Hyderabad,West,2021-12-13
S04850,Ho LLC Store,Jaipur,Central,2017-03-04
S04851,"Clark, Mccarty and Schmidt Store",Pune,West,2020-02-27
S04852,"Fuentes, Munoz and Weeks Store",Chennai,South,2022-04-07
S04853,Dunn-Williams Store,Jaipur,Central,2020-12-27
S04854,"Cobb, Young and Bailey Store",Hyderabad,Central,2021-01-24
S04855,Snyder Ltd Store,Hyderabad,South,2021-03-06
S04856,"Jackson, Fitzpatrick and Young Store",Mumbai,East,2022-07-24
S04857,Santiago-Arnold Store,Bengaluru,East,2016-03-08
S04858,"Schmidt, Blackburn and Padilla Store",Ahmedabad,South,2024-03-20
S04859,Allen and Sons Store,Hyderabad,West,2023-09-09
S04860,Lane Inc Store,Pune,South,2018-11-19
S04861,Duran Inc Store,Chennai,South,2022-08-13
S04862,White-Brooks Store,Surat,North,2021-04-07
S04863,"Fisher, Davis and Lewis Store",Jaipur,West,2025-02-13
S04864,Smith-Wilson Store,Jaipur,North,2020-07-28
S04865,"Bush, Franco and James Store",Surat,North,2025-01-07
S04866,Thornton LLC Store,Jaipur,Central,2017-05-03
S04867,Bright Inc Store,Hyderabad,South,2017-08-10
S04868,Levy-Bruce Store,Surat,Central,2025-10-02
S04869,"Zamora, Hartman and Wright Store",Hyderabad,East,2024-10-06
S04870,Francis-Miller Store,Chennai,North,2020-11-19
S04871,Richard Group Store,Pune,East,2018-11-27
S04872,"Phillips, Bryant and Phillips Store",Mumbai,East,2022-05-31
S04873,"Hines, Larson and Randall Store",Ahmedabad,East,2018-01-17
S04874,Underwood-Liu Store,Chennai,West,2015-12-07
S04875,Gonzalez-Castro Store,Kolkata,South,2019-05-03
S04876,"Smith, White and Wilkerson Store",Pune,North,2021-11-19
S04877,Eaton-Sampson Store,Bengaluru,North,2021-12-02
S04878,"Wilkinson, Waller and Hanson Store",Jaipur,East,2023-06-13
S04879,"Schmidt, Ross and Palmer Store",Surat,South,2020-10-22
S04880,Phillips Inc Store,Kolkata,East,2024-06-16
S04881,"Sanders, Rivera and Heath Store",Bengaluru,Central,2023-03-16
S04882,"Rodriguez, Hunter and Lynch Store",Jaipur,North,2017-03-21
S04883,Avery Ltd Store,Chennai,North,2017-06-28
S04884,King LLC Store,Jaipur,East,2025-04-01
S04885,Freeman Inc Store,Bengaluru,West,2017-04-19
S04886,Richardson Inc Store,Pune,North,2020-10-17
S04887,"Harrell, Hernandez and Jones Store",Mumbai,Central,2025-01-02
S04888,Martin Inc Store,Mumbai,West,2018-05-17
S04889,Lee-Flowers Store,Chennai,South,2018-06-27
S04890,Robinson PLC Store,Hyderabad,North,2018-09-08
S04891,Richards-Hawkins Store,Mumbai,North,2017-08-13
S04892,"Jones, Rodriguez and Ward Store",Bengaluru,Central,2017-07-25
S04893,Smith Group Store,Pune,South,2016-11-11
S04894,Thomas Ltd Store,Delhi,West,2018-06-14
S04895,Hill-James Store,Surat,West,2016-06-24
S04896,Estrada Inc Store,Jaipur,Central,2024-11-11
S04897,"Riley, Castillo and Johnson Store",Hyderabad,Central,2022-10-18
S04898,Stewart Inc Store,Hyderabad,Central,2025-05-25
S04899,"Medina, Scott and Nguyen Store",Hyderabad,Central,2016-04-05
S04900,Ferguson-Moore Store,Pune,East,2022-10-06
S04901,Williams-Williams Store,Bengaluru,East,2018-07-27
S04902,Anderson-Oneill Store,Chennai,Central,2021-06-26
S04903,"Jimenez, Jacobs and Fowler Store",Kolkata,Central,2025-07-05
S04904,Mcintosh Inc Store,Chennai,East,2017-10-13
S04905,Kennedy-Bowers Store,Kolkata,North,2019-08-17
S04906,Evans-Mercer Store,Kolkata,West,2016-01-02
S04907,Doyle PLC Store,Kolkata,Central,2025-02-19
S04908,Hunt Group Store,Ahmedabad,South,2021-07-19
S04909,Novak-Hughes Store,Hyderabad,North,2021-12-11
S04910,"Black, Allen and Hood Store",Mumbai,Central,2018-03-24
S04911,Santos-Nolan Store,Delhi,East,2020-03-11
S04912,Wood-Gonzales Store,Jaipur,West,2016-09-02
S04913,Shelton-Moore Store,Ahmedabad,North,2025-01-04
S04914,Collins LLC Store,Delhi,North,2017-07-12
S04915,Marks and Sons Store,Bengaluru,South,2019-01-16
S04916,Tyler-Foster Store,Kolkata,East,2024-09-10
S04917,Love Inc Store,Hyderabad,Central,2020-02-06
S04918,Brown-Walton Store,Mumbai,North,2023-01-06
S04919,Walker-Perkins Store,Hyderabad,South,2022-10-14
S04920,"Dunn, Crosby and Johnson Store",Ahmedabad,South,2016-06-12
S04921,Fields-Hodge Store,Pune,East,2017-12-25
S04922,"Smith, Santos and Richards Store",Mumbai,Central,2025-03-01
S04923,Murphy-Thompson Store,Hyderabad,Central,2016-09-21
S04924,"White, Wright and Romero Store",Ahmedabad,North,2025-04-09
S04925,Scott Group Store,Pune,West,2016-06-20
S04926,"Mendoza, Powell and Thornton Store",Pune,West,2021-08-08
S04927,Kelly-Frost Store,Pune,East,2016-04-02
S04928,Brown Inc Store,Pune,East,2021-03-11
S04929,Dorsey-Ramirez Store,Pune,West,2024-05-18
S04930,Schneider and Sons Store,Ahmedabad,East,2021-12-11
S04931,"Mack, Gonzalez and Lynch Store",Ahmedabad,West,2023-07-31
S04932,"Taylor, Torres and Henry Store",Bengaluru,East,2023-10-20
S04933,"Sanchez, Newman and Gutierrez Store",Hyderabad,South,2019-11-11
S04934,"Stevenson, Walker and Williams Store",Chennai,North,2016-02-27
S04935,Chavez-Hess Store,Mumbai,East,2018-11-13
S04936,"Rodriguez, Collins and Hinton Store",Bengaluru,South,2024-07-18
S04937,Campbell PLC Store,Mumbai,South,2020-01-20
S04938,Waller Inc Store,Jaipur,North,2025-08-29
S04939,Paul PLC Store,Mumbai,Central,2018-10-05
S04940,Cohen-Carlson Store,Kolkata,North,2021-09-05
S04941,"Garcia, Martinez and Davidson Store",Bengaluru,West,2022-03-20
S04942,"Hatfield, Hunt and Thompson Store",Bengaluru,North,2018-11-12
S04943,"Cruz, Burch and Olsen Store",Ahmedabad,Central,2020-04-07
S04944,Brown and Sons Store,Chennai,South,2016-01-09
S04945,Gardner and Sons Store,Hyderabad,Central,2022-01-10
S04946,Carr Inc Store,Delhi,East,2018-06-19
S04947,"Harris, Bell and Cole Store",Kolkata,East,2019-09-28
S04948,Meyer-Lawson Store,Pune,East,2024-02-12
S04949,Ball-Johnson Store,Hyderabad,North,2022-04-12
S04950,"Edwards, Hess and Lawrence Store",Bengaluru,South,2022-01-02
S04951,Jones LLC Store,Hyderabad,East,2018-03-03
S04952,"Reyes, Hardin and Washington Store",Hyderabad,North,2021-12-18
S04953,Garcia Group Store,Delhi,West,2019-10-26
S04954,Simpson-Walker Store,Delhi,South,2021-10-27
S04955,Gonzalez-Ramos Store,Kolkata,West,2019-09-04
S04956,"Bruce, Stone and Larsen Store",Pune,East,2021-03-27
S04957,Adams-Fisher Store,Delhi,South,2024-06-17
S04958,Jones-Johnson Store,Jaipur,South,2018-04-19
S04959,"Martin, Berg and Perry Store",Pune,North,2021-01-12
S04960,"Warner, Snyder and Beck Store",Delhi,South,2023-04-03
S04961,Pineda-Mcdonald Store,Pune,South,2022-01-31
S04962,Miller-Noble Store,Jaipur,Central,2024-10-10
S04963,"Graves, Parker and Dean Store",Bengaluru,North,2024-10-19
S04964,"Roberts, Kennedy and Parker Store",Hyderabad,East,2018-08-18
S04965,Watkins Group Store,Hyderabad,South,2016-08-11
S04966,"Kane, Kim and Diaz Store",Bengaluru,Central,2025-03-11
S04967,Richards-Rose Store,Surat,East,2018-12-20
S04968,"Shepard, Harris and Greene Store",Hyderabad,West,2024-03-16
S04969,"George, Mccoy and Gonzales Store",Chennai,North,2016-12-17
S04970,Hampton-Lane Store,Mumbai,South,2021-11-01
S04971,"Morgan, Morgan and Rojas Store",Bengaluru,East,2019-12-07
S04972,Clements-Williams Store,Mumbai,South,2019-02-11
S04973,"Wallace, Williams and Lin Store",Bengaluru,South,2023-08-20
S04974,"Holland, Hayden and Knight Store",Hyderabad,West,2025-08-09
S04975,"Jackson, Owen and Berry Store",Pune,Central,2020-06-30
S04976,Klein-Hansen Store,Kolkata,Central,2024-04-14
S04977,Vang-Henderson Store,Pune,South,2019-09-05
S04978,Blanchard-Chapman Store,Hyderabad,North,2020-02-25
S04979,Robles PLC Store,Jaipur,West,2022-07-26
S04980,"Bailey, Kent and Harris Store",Hyderabad,South,2020-07-24
S04981,Ingram-Sanchez Store,Hyderabad,Central,2024-08-05
S04982,Mack Ltd Store,Mumbai,South,2020-06-19
S04983,Fox PLC Store,Kolkata,East,2017-04-03
S04984,Morton Group Store,Delhi,Central,2019-12-19
S04985,"Weiss, Zhang and Salas Store",Kolkata,West,2023-08-06
S04986,"Morrison, Wilson and Roberts Store",Jaipur,East,2023-08-31
S04987,"Diaz, Gregory and Clark Store",Jaipur,East,2025-01-19
S04988,Costa-Murphy Store,Chennai,Central,2024-02-08
S04989,"Lyons, Yates and Walton Store",Hyderabad,South,2017-09-17
S04990,Alvarez PLC Store,Surat,East,2017-01-05
S04991,"Brown, Romero and Olson Store",Mumbai,East,2016-08-22
S04992,"Wolfe, Fields and Shaw Store",Pune,Central,2023-02-10
S04993,"Harrison, Anderson and Wilson Store",Delhi,East,2016-06-05
S04994,Ryan Inc Store,Kolkata,North,2020-07-25
S04995,Adams-Flores Store,Chennai,North,2022-03-02
S04996,Elliott-Blackburn Store,Jaipur,West,2025-04-25
S04997,Wagner-Day Store,Delhi,West,2025-05-26
S04998,"Campbell, Stephens and Morrow Store",Delhi,West,2024-11-30
S04999,Miranda-Jones Store,Chennai,South,2021-02-01
S05000,Dunn-Carter Store,Hyderabad,South,2024-01-23
