line_item_id,transaction_id,product_id,promotion_id,quantity,line_item_amount
1,T002404,P00534,PR034,3,1193.29
2,T001639,P02463,PR012,8,1101.76
3,T002566,P01225,,8,3035.35
4,T003125,P02581,PR002,10,1509.38
5,T001304,P02551,PR014,9,2401.73
6,T002910,P00256,PR035,10,3795.53
7,T004745,P00207,PR023,6,812.64
8,T004512,P00590,PR020,4,95.02
9,T001810,P01383,PR019,1,42.37
10,T000247,P01688,,3,715.63
11,T000557,P01833,PR035,10,2501.89
12,T002441,P02705,PR040,8,3544.41
13,T002130,P01677,PR033,3,288.64
14,T000094,P01023,PR008,8,3762.19
15,T004045,P00259,PR006,7,375.58
16,T004410,P02085,PR017,1,458.83
17,T001035,P00931,PR029,6,227.66
18,T000226,P02484,,10,4392.92
19,T002129,P00934,PR032,2,47.41
20,T003773,P00396,PR030,1,134.65
21,T003999,P00073,PR002,1,316.16
22,T001180,P00328,PR007,1,348.9
23,T003953,P02871,PR018,10,2475.24
24,T000242,P00386,PR026,8,1555.2
25,T004096,P00782,PR018,1,170.42
26,T000884,P00453,PR046,8,147.03
27,T004324,P01571,PR048,8,3964.76
28,T004304,P00193,PR003,6,1042.94
29,T004869,P01916,PR002,3,953.02
30,T003944,P00200,PR040,2,765.57
31,T000036,P00262,PR049,8,1866.81
32,T001830,P02881,PR033,5,1693.38
33,T000994,P01693,PR023,10,4421.62
34,T003284,P02162,,3,37.48
35,T004479,P01959,,2,696.12
36,T002861,P02900,PR031,8,2097.61
37,T001093,P00566,PR040,2,998.35
38,T003293,P00228,PR041,1,300.99
39,T002994,P01131,PR005,8,2240.45
40,T002919,P00310,PR006,8,3968.82
41,T000862,P01814,,10,1282.32
42,T001036,P00233,PR011,7,1075.91
43,T001724,P00930,PR048,4,1741.4
44,T003382,P00996,PR016,10,2153.02
45,T000221,P01599,PR041,7,2359.65
46,T003725,P00578,PR023,8,2152.5
47,T004124,P02058,PR039,8,1986.42
48,T000545,P02217,PR043,2,241.61
49,T004478,P00072,PR012,6,2422.21
50,T001728,P01174,PR028,3,687.28
51,T004101,P01359,PR005,3,591.12
52,T004422,P00710,PR030,10,914.8
53,T000406,P01951,PR016,10,3558.16
54,T002426,P01736,PR040,9,1689.29
55,T003796,P02782,PR009,1,486.49
56,T000478,P01462,PR004,3,521.63
57,T002635,P02538,,4,1948.95
58,T002449,P01752,PR004,3,1187.36
59,T002882,P02454,PR003,4,1574.32
60,T002519,P02695,PR035,7,1762.79
61,T002334,P01180,PR018,9,3345.31
62,T002131,P01635,PR046,7,1331.75
63,T000306,P01049,PR012,7,714.17
64,T001363,P00519,PR035,8,2178.33
65,T003416,P02963,PR044,10,2123.43
66,T001000,P02151,PR025,3,813.14
67,T003853,P02060,,10,251.29
68,T004817,P01147,PR020,6,2252.79
69,T002903,P00862,PR044,6,2896.88
70,T003600,P01492,,9,3813.98
71,T004584,P00447,PR035,5,530.82
72,T001754,P00042,PR022,2,855.79
73,T004566,P01316,PR006,2,601.34
74,T002045,P02496,PR024,2,688.35
75,T003125,P01589,PR007,8,1490.42
76,T002928,P02873,PR004,6,1173.87
77,T003558,P00412,PR023,4,1649.72
78,T001133,P01516,PR035,6,820.88
79,T001604,P02171,PR011,2,672.42
80,T004577,P01040,,10,2789.72
81,T001506,P01057,PR043,10,2225.31
82,T000422,P02741,PR022,3,501.76
83,T002519,P00240,PR023,6,1298.15
84,T004211,P00615,PR043,2,973.63
85,T003828,P01537,,9,4292.25
86,T001903,P01243,PR041,8,2540.16
87,T002101,P00275,PR036,9,2472.49
88,T001695,P02752,PR049,1,71.36
89,T001983,P01698,PR039,7,1650.72
90,T004061,P00155,PR008,7,1480.88
91,T002300,P02032,PR003,1,439.01
92,T002811,P02041,PR028,2,181.37
93,T003871,P00169,PR012,5,1447.95
94,T003386,P00710,PR030,9,393.61
95,T001124,P00682,PR018,10,3424.95
96,T000418,P02534,PR008,8,951.37
97,T002686,P02461,PR048,1,239.25
98,T004581,P02775,PR011,5,2240.2
99,T001702,P01523,,6,161.87
100,T003467,P00793,PR021,5,1908.87
101,T000793,P02567,PR042,4,1989.79
102,T000778,P00242,PR029,2,711.4
103,T003757,P02852,PR049,7,2534.77
104,T000240,P01328,PR015,10,3111.23
105,T000799,P00913,PR020,2,409.86
106,T000848,P01099,,4,1264.16
107,T003865,P02949,PR013,7,830.56
108,T003299,P02592,,2,669.5
109,T001372,P00716,PR025,1,346.96
110,T002727,P02297,PR039,6,2501.97
111,T003569,P02124,PR042,10,587.41
112,T004364,P01659,PR025,8,3919.59
113,T001570,P02431,PR029,5,961.49
114,T004348,P01287,PR003,9,3207.8
115,T004122,P02385,,9,1570.23
116,T002002,P00370,PR018,2,528.75
117,T003668,P00105,PR038,3,1142.7
118,T002825,P02590,PR050,10,1034.07
119,T003435,P01113,PR015,9,1930.79
120,T001035,P01918,PR014,2,728.14
121,T002435,P01686,PR009,2,578.18
122,T001163,P01097,PR044,8,255.03
123,T004049,P00597,,3,341.67
124,T002927,P02593,PR045,2,762.7
125,T000916,P00320,,10,3857.1
126,T000968,P00602,PR014,4,1926.3
127,T000994,P01542,PR029,10,1653.04
128,T001815,P00967,PR045,3,822.98
129,T001613,P00108,PR009,10,1709.74
130,T004094,P02445,PR046,2,104.14
131,T003948,P00463,PR048,9,1904.11
132,T004790,P00206,PR034,3,1352.8
133,T004155,P00151,PR019,4,1311.65
134,T002703,P01277,PR013,5,1081.61
135,T004359,P01409,PR019,1,61.46
136,T004424,P02641,PR048,3,140.29
137,T004375,P01683,PR050,9,2214.42
138,T003269,P02839,PR043,6,2407.21
139,T002347,P02340,PR006,3,1291.59
140,T002847,P01494,PR010,9,993.53
141,T000310,P02038,PR015,4,989.75
142,T003412,P01769,PR043,9,3640.13
143,T002739,P01766,PR017,3,206.46
144,T002882,P01686,PR011,5,1015.02
145,T003208,P01669,PR012,2,353.56
146,T000917,P00581,PR026,1,194.83
147,T001771,P01730,PR022,6,2392.46
148,T003195,P00123,,2,466.37
149,T001582,P01622,PR027,8,142.11
150,T001259,P02117,PR024,1,81.19
151,T004187,P02588,PR040,3,1169.34
152,T003695,P01338,PR044,7,823.57
153,T001591,P01500,PR018,5,1238.75
154,T002570,P00085,PR014,4,1132.1
155,T000339,P02901,,3,570.74
156,T000698,P01474,,8,1868.29
157,T000475,P00285,,8,3603
158,T003788,P00951,PR043,6,922.52
159,T001197,P00525,PR034,8,2917.31
160,T003614,P00941,PR029,7,1719.97
161,T004354,P00421,PR048,8,2777.57
162,T004480,P01319,PR019,10,179.09
163,T003207,P01226,PR014,1,85.99
164,T004561,P01451,PR017,8,909.42
165,T001256,P01962,,8,939.46
166,T003853,P00669,PR001,8,1930.97
167,T002026,P01229,,9,210.84
168,T000101,P01929,,10,2699.31
169,T004777,P00347,PR035,6,1880.29
170,T003208,P02593,PR014,1,294.55
171,T003263,P02802,PR021,4,1424.11
172,T004306,P01272,PR002,2,604.72
173,T001764,P02249,PR043,1,145.63
174,T003843,P00159,PR036,10,2608.91
175,T001698,P02809,PR034,8,3687.74
176,T002373,P01780,PR001,6,2063.34
177,T001260,P01028,PR043,8,721.2
178,T001590,P02946,PR037,4,818.02
179,T003999,P01102,PR046,2,491.69
180,T003353,P00990,PR007,6,589.44
181,T001264,P01984,PR037,3,347.38
182,T000734,P01647,PR042,2,51.64
183,T004867,P02410,PR021,7,2144.7
184,T002593,P02365,PR008,4,1354.17
185,T002160,P01931,PR027,4,1343.64
186,T002374,P01365,PR050,4,1067.47
187,T002788,P00534,PR035,4,1184.46
188,T001368,P01917,PR004,1,253.39
189,T000623,P01750,,8,1033.76
190,T004861,P00613,PR003,4,491.92
191,T003574,P00838,PR001,10,874.07
192,T004819,P01092,PR036,9,1780.71
193,T004872,P02678,PR040,4,1356.8
194,T003735,P01296,PR006,5,665.84
195,T001394,P01372,,3,559.45
196,T000202,P00016,PR016,4,515.81
197,T000426,P00831,PR042,9,1919.65
198,T004504,P00537,,1,70.43
199,T004417,P00474,PR009,2,820.79
200,T001290,P00493,PR007,8,2027.88
201,T001828,P01048,,5,1387.6
202,T003278,P02339,PR036,4,780.04
203,T004584,P02956,PR024,4,1385.47
204,T004311,P01294,PR042,7,3176.11
205,T001789,P00846,PR002,7,1767.55
206,T002288,P02628,PR044,3,1038.42
207,T003068,P02610,PR021,8,1728.86
208,T003797,P01885,PR023,3,225.7
209,T002185,P02167,PR012,3,390.22
210,T001303,P02202,PR020,6,2840.08
211,T001470,P02479,PR015,6,2490.58
212,T002394,P00129,PR045,4,1416.48
213,T001980,P01385,PR030,10,4430.92
214,T000941,P00965,,9,4207.25
215,T002828,P02977,PR008,4,1558.18
216,T002659,P01992,,8,1572.34
217,T002675,P00379,PR026,6,2789.57
218,T000225,P01773,PR012,4,584.38
219,T003693,P02168,PR026,10,3919.75
220,T003000,P02063,PR009,2,705.37
221,T002909,P02078,PR012,9,2988.17
222,T000608,P01766,PR026,5,561.33
223,T001684,P02784,,4,1094.47
224,T001015,P01824,PR031,9,3756.9
225,T001196,P00793,,7,2613.45
226,T002837,P01733,PR017,3,347.31
227,T003481,P01720,PR015,1,398.75
228,T000589,P01837,PR047,9,3104.02
229,T000457,P00944,PR037,8,1313.95
230,T004179,P00430,PR016,4,815.85
231,T004787,P02602,PR027,5,1157.76
232,T003043,P00411,PR013,3,1478.44
233,T004456,P01444,PR014,9,259.49
234,T003442,P01694,PR012,9,993.74
235,T001466,P01355,PR019,7,2447.21
236,T002253,P02245,PR010,5,600.48
237,T000639,P00971,PR031,3,1238.27
238,T000083,P00360,PR048,6,1075.58
239,T004018,P02097,PR036,3,864.86
240,T004151,P01615,PR028,8,661.78
241,T001938,P01014,PR009,6,1568.28
242,T001697,P01616,,8,2904.36
243,T004248,P02260,PR008,7,1799.69
244,T003323,P02381,PR025,5,1074.47
245,T002742,P00061,PR038,3,1112.04
246,T004142,P02364,PR035,9,1779.77
247,T001898,P02867,PR049,8,2461.19
248,T003218,P01226,PR011,8,3507.01
249,T004767,P02184,PR029,6,2174.54
250,T003696,P01847,PR001,2,946.56
251,T004335,P01327,,9,456.6
252,T002601,P02122,PR010,5,64.5
253,T000267,P02313,PR031,4,241.09
254,T000850,P00182,PR034,5,1162.05
255,T000016,P02896,PR005,4,1900.76
256,T004422,P02500,PR013,2,787.08
257,T004602,P01665,PR009,5,468.77
258,T000595,P02107,PR040,8,1379.15
259,T001753,P02554,PR009,4,1360.38
260,T004620,P00473,PR012,2,646.01
261,T001309,P02787,PR018,3,932.39
262,T000333,P01569,PR007,1,134.26
263,T001840,P02707,,5,2378.9
264,T002338,P00215,PR031,9,3467.92
265,T003298,P00886,PR015,8,1851.27
266,T004366,P02501,PR020,3,1340.07
267,T002055,P02973,,7,115
268,T000135,P02082,PR027,3,614.43
269,T003160,P01998,,4,823.08
270,T000007,P01669,PR040,3,1200.92
271,T000461,P02763,PR039,4,1023.97
272,T001388,P00123,PR023,4,864.28
273,T003247,P01668,PR015,7,1543.88
274,T000143,P01390,PR037,5,1739.84
275,T000416,P02170,PR043,5,287.14
276,T004923,P02804,,8,187.9
277,T002258,P01501,PR012,7,527.99
278,T004242,P00575,PR015,2,770.72
279,T000239,P02339,PR036,7,464.48
280,T003296,P02769,,3,623.02
281,T000599,P02097,,6,2987.67
282,T001098,P00591,PR009,1,43.51
283,T004762,P02373,PR026,2,982.52
284,T000042,P01129,PR029,4,1892.21
285,T004882,P01522,PR039,5,1579.83
286,T000029,P01935,PR016,7,2310.09
287,T004628,P02391,PR032,4,1441.9
288,T002535,P01560,PR022,1,54.05
289,T003096,P00418,PR026,5,1673.46
290,T001576,P01104,PR047,4,160.74
291,T001788,P01242,PR039,5,1273.61
292,T004171,P02015,PR023,8,1370.72
293,T003925,P01603,PR001,2,834.77
294,T001434,P02316,PR006,8,1524.84
295,T000704,P02484,PR043,9,567.29
296,T001847,P00856,PR031,5,1507.77
297,T000333,P00009,PR049,5,79.6
298,T003298,P02208,,7,1765.88
299,T004675,P01569,PR005,4,1702.49
300,T003469,P02517,PR021,10,2655.01
301,T003111,P02159,PR028,10,2461.35
302,T003085,P01240,PR050,3,766.51
303,T000863,P00878,PR042,9,499.38
304,T004973,P01521,PR033,10,811.2
305,T003821,P02730,PR048,3,675.18
306,T000314,P01134,PR039,10,3713.08
307,T004902,P00059,PR028,6,2888.52
308,T002730,P00513,PR049,3,477.73
309,T000688,P00290,,3,34.02
310,T003084,P00954,PR001,1,187.96
311,T000653,P00602,PR025,8,1062.56
312,T002681,P02162,PR033,2,494.84
313,T000602,P00188,PR005,9,2048.29
314,T000167,P01246,PR008,1,55.87
315,T002855,P01972,PR015,8,1356.22
316,T002315,P02131,PR040,8,2334.68
317,T001066,P00626,PR009,8,1482.59
318,T002466,P02903,PR024,4,283.31
319,T002495,P00235,PR046,8,2278.16
320,T003874,P00614,PR039,3,790.33
321,T003722,P01478,PR018,2,164.04
322,T004935,P01352,PR031,6,793.68
323,T001821,P02332,,1,424.46
324,T004945,P02246,PR006,1,126.5
325,T004107,P01922,,4,615.6
326,T000509,P01252,,3,593.61
327,T000963,P00925,PR002,3,643.55
328,T002794,P02129,PR046,1,32.58
329,T000773,P02964,PR008,7,3289.64
330,T002930,P00244,,1,304.06
331,T002886,P01420,PR042,7,2671.52
332,T001595,P01688,PR043,8,2839.93
333,T000022,P02419,PR015,7,807.4
334,T002633,P00674,PR020,7,2530.38
335,T001671,P02976,PR021,10,4415.85
336,T001421,P00570,,10,3244.53
337,T004672,P00751,PR014,9,346.72
338,T000419,P02849,PR009,8,1269.77
339,T002478,P00008,PR043,10,4259.36
340,T000140,P02648,PR040,7,1689.27
341,T002687,P02282,,3,1428.23
342,T004156,P01434,PR013,5,2356.26
343,T002786,P00382,PR025,6,251.46
344,T001281,P00632,PR010,2,286.02
345,T000698,P01257,PR015,4,1724.63
346,T000929,P01529,PR021,6,900.22
347,T001572,P02464,PR008,8,960.37
348,T003621,P00715,PR002,2,640.87
349,T002087,P01613,PR033,7,3242.53
350,T000478,P01951,PR038,4,798.9
351,T004236,P00464,PR026,1,405.92
352,T002102,P00803,PR020,7,1618.1
353,T001618,P01831,,7,955.38
354,T004545,P01062,PR003,7,1035.28
355,T002444,P02292,PR008,6,1010.52
356,T002355,P00464,PR027,2,858.46
357,T003566,P00453,PR012,1,449.98
358,T004966,P02381,PR011,3,272.97
359,T001580,P00141,,9,4045.31
360,T004773,P02144,PR022,8,2291.58
361,T003111,P02916,PR037,7,2860.99
362,T003231,P02219,PR017,6,589.49
363,T004739,P02729,,10,531.96
364,T003474,P00683,PR022,7,2573.69
365,T001210,P02997,PR022,4,453.87
366,T004304,P02218,PR030,4,1695.9
367,T004650,P00026,,7,371.35
368,T004845,P01268,PR019,9,805.25
369,T002942,P00132,,9,517.11
370,T000509,P00888,PR003,4,386.54
371,T004285,P02275,PR003,2,564.43
372,T000309,P02326,PR039,2,300.54
373,T002196,P00835,PR050,8,2025.72
374,T002082,P02928,,8,2828.68
375,T004160,P02859,PR033,2,469.81
376,T003963,P02349,PR010,4,1239.22
377,T000424,P01866,PR018,5,795.87
378,T003453,P00337,PR002,6,1826.63
379,T003512,P01397,PR013,9,1780.64
380,T004454,P02470,PR039,5,1825.8
381,T000163,P01470,PR043,2,891.4
382,T001350,P01982,PR050,9,1069.71
383,T000037,P02126,PR033,3,221.91
384,T000672,P01861,PR033,5,725.02
385,T002721,P02736,,4,165.07
386,T001910,P02045,PR031,3,1224.92
387,T003710,P01114,PR007,3,1478.37
388,T000990,P02293,PR001,6,567.82
389,T003584,P00212,PR049,8,2647.78
390,T004529,P02516,,8,275.05
391,T002912,P00986,,3,861.6
392,T003072,P02296,PR020,5,2087.13
393,T003061,P01355,PR045,8,3736.17
394,T001515,P02706,PR040,6,2070.1
395,T000025,P00839,PR025,5,1658.83
396,T001696,P02352,PR038,4,1457.07
397,T001075,P02523,PR031,6,890.46
398,T004144,P01564,PR029,7,2516.57
399,T002440,P00053,PR007,4,1973.56
400,T003055,P01650,PR002,10,591.29
401,T001008,P02140,PR032,4,498.05
402,T001003,P02961,PR044,9,3519.44
403,T002736,P01332,PR026,1,32.92
404,T003010,P00551,PR003,3,777.72
405,T001995,P01212,PR030,8,2825.19
406,T004110,P00099,,3,695.36
407,T000624,P02174,PR011,2,973.17
408,T003453,P00610,PR018,3,780.59
409,T002840,P01516,PR044,10,3495.86
410,T004903,P00198,PR004,7,1966.48
411,T004864,P00859,PR027,3,1227.94
412,T002472,P02772,PR041,6,2130.87
413,T001633,P00683,PR018,8,2999.5
414,T001620,P02875,,6,2944.11
415,T004983,P01201,PR005,2,681.36
416,T004138,P00398,PR030,2,998.4
417,T002113,P01903,PR023,7,2464.17
418,T002012,P01800,PR040,5,1309.98
419,T002966,P02975,,4,949.81
420,T004979,P01503,PR005,1,241.06
421,T002694,P02605,PR041,6,2446.84
422,T002432,P02056,PR033,10,344.55
423,T001176,P02223,PR003,1,429.16
424,T004341,P01988,PR021,2,987.18
425,T000677,P01642,PR022,3,479.27
426,T004474,P01399,,4,1700.93
427,T001726,P00971,PR041,8,1838.6
428,T002032,P00180,PR008,3,1120.94
429,T001274,P02472,PR007,7,776.82
430,T002628,P02105,PR041,8,1496.33
431,T001857,P01483,PR028,3,144.72
432,T000107,P00013,,5,902.85
433,T001677,P01458,,8,3443.31
434,T000627,P01457,PR021,8,1304.09
435,T005000,P01355,PR008,3,1271.22
436,T002988,P02498,PR010,7,1569.32
437,T004230,P01638,,3,859.64
438,T000032,P02774,PR015,2,882.11
439,T000781,P01572,PR046,6,659.43
440,T002387,P02169,PR007,5,2296.22
441,T001999,P01156,PR028,2,796.4
442,T004483,P00853,PR026,6,1542.69
443,T000568,P00333,,2,648.5
444,T003571,P00746,PR011,5,1334.4
445,T000673,P02894,,9,834.28
446,T003337,P02770,,1,270.4
447,T003496,P02127,PR043,8,664.37
448,T001913,P02513,PR047,3,1151.62
449,T001876,P01731,PR004,4,350.57
450,T004847,P01272,,8,843.98
451,T000753,P01959,,9,3694.07
452,T000175,P01567,PR015,8,837.81
453,T000956,P00262,PR024,6,2479.82
454,T002212,P02905,PR004,4,1565.82
455,T001497,P01242,PR050,2,325.37
456,T003532,P02744,PR041,10,811.11
457,T000476,P00126,PR048,8,862.39
458,T000180,P00267,PR026,4,1950
459,T003517,P01506,PR014,6,751.59
460,T000454,P01757,PR031,4,1607.2
461,T004500,P00031,PR043,8,1369.58
462,T003684,P02601,PR039,4,1979.75
463,T003749,P02234,PR038,2,917.61
464,T004518,P02075,PR009,3,186.21
465,T003843,P00303,PR025,2,824.89
466,T004632,P00918,PR048,3,119.54
467,T000895,P00420,,8,2123.11
468,T000053,P02763,PR046,6,63.51
469,T000914,P00765,PR038,2,453.47
470,T000521,P02428,PR025,4,581.9
471,T002319,P00690,,10,207.99
472,T000427,P02387,PR010,10,729.88
473,T003498,P01385,PR004,3,984.42
474,T000662,P02339,PR010,6,876.56
475,T002560,P01910,PR028,5,386.97
476,T004522,P00262,,7,263.54
477,T000747,P00901,PR027,6,1078.88
478,T002637,P01929,PR039,10,4965.01
479,T004432,P02878,PR046,7,1767.26
480,T003594,P00100,PR047,6,961.76
481,T004210,P02078,PR039,5,2280
482,T002865,P01763,PR046,6,1697.2
483,T002442,P00560,PR006,6,2856.81
484,T003758,P00260,PR027,1,275.11
485,T001786,P00544,PR030,10,2842.63
486,T000633,P02696,PR043,8,682.41
487,T004607,P00237,PR016,10,4498.75
488,T001912,P01974,,10,2876.33
489,T001133,P00173,PR045,7,1883.89
490,T004047,P00449,PR038,4,1270.55
491,T003187,P02637,PR017,4,112.24
492,T002095,P02559,,9,4404.78
493,T001592,P01391,PR031,5,1218.88
494,T001635,P00667,,3,276.09
495,T000452,P00590,PR016,9,2851.88
496,T001219,P01124,PR041,4,1643.22
497,T002659,P02549,PR039,6,2280.39
498,T003560,P01931,PR024,4,1540.66
499,T000842,P02925,PR048,4,204.33
500,T003118,P01907,PR033,8,3695.91
501,T001124,P00498,PR049,6,494.36
502,T003087,P00199,PR039,10,4495.29
503,T004101,P02385,PR021,6,1080.04
504,T002877,P01138,PR039,9,2916.84
505,T002051,P02271,PR046,2,243.65
506,T000829,P00663,PR034,3,549.15
507,T000282,P00744,PR002,9,3005.99
508,T002222,P00169,PR005,1,454.88
509,T004466,P01703,PR003,5,767.44
510,T003429,P02014,PR007,7,3042.6
511,T003145,P02935,PR027,3,367.8
512,T003730,P01003,PR015,5,988.08
513,T004219,P01606,PR018,2,724.1
514,T000858,P02929,PR039,5,921.85
515,T004885,P01922,PR003,9,687
516,T000738,P00776,PR026,2,305.39
517,T001508,P00596,,7,3408.92
518,T000451,P01397,PR027,2,726.51
519,T001811,P00706,PR029,1,185.8
520,T001550,P02708,PR004,3,649.2
521,T001217,P02266,PR027,9,1488.49
522,T000900,P01980,PR017,10,2625.13
523,T000395,P02052,,9,1615.77
524,T002227,P02381,PR025,1,486.62
525,T003168,P01974,,1,479.41
526,T002349,P00703,PR022,6,881.94
527,T003361,P02688,PR006,3,1280.57
528,T004305,P02267,PR033,2,528.16
529,T002639,P02095,PR039,5,411.2
530,T004714,P00085,PR002,5,1894.04
531,T000992,P00818,PR020,5,467.56
532,T001137,P00865,PR005,3,667.53
533,T002781,P00258,PR048,5,1738.04
534,T004882,P00468,,9,1675.89
535,T001726,P01106,PR029,3,722.98
536,T001699,P01926,PR015,8,3644.88
537,T002053,P00555,PR012,6,2141.16
538,T004536,P02403,PR037,3,850.95
539,T003621,P02786,,9,3586.76
540,T001840,P02858,PR040,5,775.16
541,T004979,P02600,PR049,2,116.87
542,T002366,P02626,PR032,2,664.93
543,T004645,P00303,PR006,2,541.28
544,T004996,P02515,PR006,6,1126.7
545,T002978,P01351,PR030,7,1559.96
546,T002130,P00486,PR019,2,526.96
547,T004799,P01582,PR046,6,716.86
548,T003299,P02634,PR010,9,3830.66
549,T001002,P00385,PR001,2,739.21
550,T002881,P02435,PR020,5,1154.29
551,T001164,P00907,PR017,1,177.3
552,T002689,P02228,PR024,7,3322.01
553,T002104,P00015,PR015,1,35.79
554,T001188,P00877,PR002,4,700.7
555,T001629,P00632,PR005,4,1897.63
556,T004176,P02346,PR026,5,409.77
557,T003526,P01819,PR029,1,467.92
558,T001684,P01444,,5,1917.9
559,T004184,P01956,PR030,9,2000.2
560,T002043,P01070,PR013,4,646.66
561,T002321,P00139,PR017,1,279.8
562,T003664,P02000,PR035,5,59.33
563,T002432,P01068,PR017,10,1957.18
564,T000888,P00346,PR045,1,416.37
565,T000765,P01345,PR021,5,550.18
566,T001932,P01406,,5,399.61
567,T001244,P01536,PR041,2,113.44
568,T004053,P02980,PR019,4,451.1
569,T003429,P00913,PR040,10,4326.9
570,T004710,P02365,,10,4179.82
571,T003963,P01221,PR046,6,334.53
572,T000737,P01464,PR017,5,1739.43
573,T002011,P01287,PR034,8,3813.87
574,T000041,P02559,PR020,8,2801.64
575,T001868,P02104,PR038,9,1440.43
576,T001473,P00070,,6,1240.94
577,T003878,P01216,PR031,7,465.69
578,T002550,P01643,PR028,8,3418.56
579,T004971,P02155,PR012,3,577.79
580,T004676,P01791,,10,1493.99
581,T003581,P00111,PR005,1,150.93
582,T001601,P02909,PR045,9,4113.27
583,T001138,P00671,PR001,2,159.48
584,T003261,P02221,PR013,5,1625.61
585,T002349,P01943,PR026,4,1672.97
586,T000816,P01916,PR049,4,984.36
587,T001986,P00353,PR017,7,3485.43
588,T004825,P00600,PR032,1,209.54
589,T001075,P00356,PR012,9,2544.26
590,T001992,P02783,PR012,1,351.22
591,T002885,P02828,,6,409.5
592,T000239,P02632,PR019,1,211.38
593,T004141,P00073,PR032,5,632.5
594,T001059,P01347,PR019,4,983.24
595,T004253,P02278,PR001,1,308.6
596,T001838,P01727,PR009,4,588.89
597,T004828,P00752,PR023,7,716.05
598,T000372,P01869,PR020,6,1946.06
599,T001069,P02257,PR001,1,39.08
600,T003681,P01219,PR033,5,1090.46
601,T000660,P00276,PR036,4,924.36
602,T002001,P02295,PR047,5,987.79
603,T000232,P01965,PR031,4,927.68
604,T000307,P00918,PR047,6,2301.11
605,T002828,P02259,PR039,4,508.83
606,T000562,P00569,PR046,8,732.26
607,T002258,P02399,PR040,4,519.8
608,T001941,P01270,PR010,10,3006.35
609,T000286,P01572,PR021,5,1062.04
610,T003230,P01048,PR024,7,1237.29
611,T003411,P01110,PR010,7,755.17
612,T002304,P01358,PR015,5,1674.16
613,T003558,P00686,,3,44
614,T002844,P02733,PR009,6,1125.18
615,T004982,P02649,PR048,2,490.88
616,T003586,P00598,,10,2311.1
617,T004205,P00261,PR025,1,85
618,T002267,P02315,PR033,7,470.34
619,T003427,P02044,PR046,5,1690.96
620,T000022,P01302,PR004,6,2541.92
621,T000250,P00775,PR003,1,353.97
622,T002839,P00512,PR035,1,264.91
623,T000231,P00879,PR031,1,358.28
624,T003012,P02003,PR005,1,439.12
625,T002305,P01489,PR007,10,419.58
626,T004104,P02370,PR036,2,931.48
627,T003874,P02421,PR020,1,417.36
628,T002923,P01641,PR042,9,1203.47
629,T002900,P00944,,10,1560.51
630,T002390,P01373,PR005,6,853.21
631,T001883,P01868,,9,2402.29
632,T002231,P02858,PR049,2,146.96
633,T001520,P01498,PR031,7,3401.93
634,T001151,P00428,PR027,6,1685.54
635,T004554,P02302,PR045,2,412.72
636,T004329,P01499,,9,1774.69
637,T003763,P01644,PR011,3,839.28
638,T000425,P01299,PR022,2,435.82
639,T004429,P00892,PR031,9,970.32
640,T002951,P02020,PR019,6,561.66
641,T002660,P01079,PR045,4,1487.73
642,T004837,P01769,PR015,10,1535.45
643,T001940,P00947,PR039,7,996.04
644,T004395,P00150,PR024,3,367.63
645,T003051,P02598,PR002,3,118.57
646,T000050,P02777,PR050,1,346.41
647,T002324,P00141,PR012,2,185.55
648,T001493,P00981,PR043,6,2618.48
649,T002811,P00665,PR024,5,336.83
650,T001541,P02224,PR017,7,2170.04
651,T003557,P01918,,10,2370.56
652,T002778,P02368,PR025,2,924.26
653,T003584,P01241,PR030,9,2784.51
654,T004632,P02056,PR022,6,1861
655,T004341,P02106,PR011,10,1712.56
656,T003380,P00807,PR018,1,306.31
657,T002134,P02767,,4,1359.61
658,T003182,P02228,PR045,5,268.99
659,T001439,P00192,PR036,3,331.35
660,T000674,P00586,PR033,2,377.42
661,T000691,P00844,,4,1121.1
662,T000608,P01471,PR033,8,2441.71
663,T000962,P01220,,6,982.71
664,T002670,P02997,PR005,2,210.18
665,T004739,P02226,PR039,1,484.72
666,T002711,P00767,PR008,7,1637.47
667,T002840,P00687,PR049,6,1871.03
668,T002552,P02195,PR015,4,1688.85
669,T000198,P02822,PR011,1,481.69
670,T000595,P00010,PR050,5,1547.82
671,T001421,P00102,PR013,6,801.35
672,T002570,P00787,PR004,7,880.3
673,T001599,P00039,,7,1629.96
674,T001721,P02854,PR048,2,693.48
675,T002541,P02347,PR003,4,971.09
676,T003512,P00322,PR022,7,3136.35
677,T002726,P00942,PR012,8,3176.01
678,T003757,P00261,PR007,4,205.03
679,T004980,P01425,PR018,10,673.73
680,T004056,P01097,PR003,1,426.81
681,T001146,P02245,PR014,10,1861.13
682,T003331,P00130,PR020,5,1417.43
683,T001445,P00777,PR020,6,1405.1
684,T001155,P02820,PR034,4,1413.2
685,T004166,P00822,PR013,2,970.74
686,T002478,P01220,PR041,8,380.85
687,T002563,P00493,PR013,9,1573.99
688,T003340,P01529,,9,1739.15
689,T003322,P01926,PR001,3,350.47
690,T004595,P02861,PR009,8,1296.95
691,T000079,P00631,PR039,8,1099.09
692,T000455,P02086,PR037,6,2496.01
693,T001301,P00214,,7,1947.22
694,T001226,P00114,PR025,1,399.51
695,T001435,P01273,PR028,9,1350.56
696,T004524,P02997,PR031,6,2008.39
697,T002071,P02930,PR026,2,402.12
698,T000657,P02159,PR036,8,518.43
699,T002595,P00627,PR018,9,2800.13
700,T001060,P00145,PR011,8,1817.78
701,T000148,P02274,PR001,9,1269.24
702,T002950,P00539,PR044,8,1066.65
703,T004213,P01890,,9,2769.83
704,T004236,P01377,,4,1181.87
705,T003950,P01479,PR033,6,2442.78
706,T003681,P00532,PR028,9,4232.61
707,T002216,P02348,PR024,6,766.12
708,T003702,P01151,PR008,5,1345.68
709,T002695,P02282,PR009,9,2104.26
710,T003163,P00951,PR025,8,1709.29
711,T004620,P02135,PR004,3,970.22
712,T003179,P00040,PR016,9,2550.62
713,T004730,P02803,PR050,8,3132.36
714,T004771,P02737,PR008,1,151.14
715,T004945,P00335,PR036,10,4696.12
716,T002621,P01906,PR030,7,510.72
717,T000568,P02058,PR041,9,372.15
718,T001910,P00011,PR001,7,1788.16
719,T004050,P02018,PR041,4,192.79
720,T003761,P00332,PR022,3,957.64
721,T003570,P02413,PR002,6,2690.62
722,T003264,P01976,PR009,2,980.22
723,T001650,P01562,PR027,6,1162.93
724,T004323,P01165,,7,3157.15
725,T000548,P01526,PR021,5,1896.23
726,T003399,P02635,PR011,4,1380.4
727,T000385,P00077,PR018,9,4071.73
728,T004961,P02801,PR009,3,639.31
729,T004551,P01517,PR024,10,3981.65
730,T000672,P01658,,7,2523.11
731,T000170,P00957,PR024,2,853.94
732,T001595,P00757,PR034,10,1720.35
733,T001911,P01479,PR027,8,2699.17
734,T002160,P00130,PR009,3,872.74
735,T004348,P02636,,9,3205.77
736,T001197,P01371,PR024,3,1107.39
737,T001281,P02016,PR022,2,901.8
738,T002375,P02917,PR024,2,101.2
739,T000426,P02035,PR032,4,1786.24
740,T003320,P02306,PR050,5,1827.15
741,T004165,P01761,PR006,3,266.82
742,T001294,P02795,PR001,6,1578.82
743,T004810,P01182,PR033,4,195.84
744,T002068,P02574,PR015,3,853.43
745,T001635,P00368,,5,452.41
746,T001189,P00521,PR043,4,1658.13
747,T003712,P01099,PR004,1,246.63
748,T002628,P00546,PR012,2,974.92
749,T002085,P00765,PR028,4,1724.45
750,T001378,P02823,PR013,6,2745.95
751,T002439,P02025,PR043,1,309.34
752,T003481,P02416,PR027,2,125.24
753,T000537,P01322,PR025,5,2383.96
754,T004966,P02799,,4,1914.75
755,T000531,P02500,,7,2945.59
756,T002949,P02971,PR007,6,1217.42
757,T001297,P00213,PR044,5,827.49
758,T001907,P00535,PR008,7,620.34
759,T001565,P00640,PR041,5,1427.22
760,T002192,P00245,PR011,7,2014.67
761,T001580,P01106,PR029,10,2303.45
762,T001946,P01115,PR003,2,562.72
763,T000408,P02580,,3,1125.3
764,T001986,P00931,,6,1614.22
765,T003087,P00983,PR035,3,643.09
766,T003646,P01290,PR049,5,1783.24
767,T000122,P01300,PR035,4,761.42
768,T002448,P00665,PR020,10,211.29
769,T004039,P00296,,7,2983.47
770,T003741,P02736,PR045,2,119
771,T004425,P02956,PR006,6,517.82
772,T004880,P02894,PR043,8,1678.42
773,T002139,P01689,PR008,10,2265.54
774,T004386,P00568,PR034,6,995.45
775,T003989,P02578,PR043,3,907.37
776,T003109,P02072,,3,514.99
777,T004881,P01669,PR011,8,1230.76
778,T002286,P01168,PR020,10,3437.94
779,T001458,P02871,PR013,6,2438.02
780,T003769,P01252,PR041,8,2009.18
781,T002765,P00125,PR028,3,75.67
782,T002878,P00105,PR026,4,300.37
783,T003282,P00395,,4,1041.69
784,T001709,P01325,PR030,8,3994.67
785,T002777,P00493,PR003,1,450.34
786,T000460,P00515,PR011,3,838.07
787,T003199,P01975,PR047,7,3281.61
788,T002129,P02028,PR008,10,824.21
789,T002947,P01643,PR034,2,47.08
790,T004410,P01773,PR034,6,2661.51
791,T002778,P02817,PR011,1,304.85
792,T003082,P00089,,4,1851.48
793,T004930,P00669,PR008,7,2819.23
794,T001916,P02632,PR048,1,250.98
795,T004769,P02963,PR044,2,154.43
796,T002831,P00830,PR040,2,165.6
797,T002112,P02916,PR033,6,2727.31
798,T002966,P00522,PR042,6,1932.29
799,T004305,P01206,PR032,2,356.62
800,T002674,P00392,PR024,7,1198.22
801,T001095,P00904,,9,2173.71
802,T002310,P02384,PR008,1,49.98
803,T004721,P02949,PR027,10,373.03
804,T000690,P01213,PR027,5,1014.82
805,T004120,P01694,PR045,10,2391.62
806,T001541,P02890,PR025,10,1856.17
807,T002166,P02014,PR025,7,1353.52
808,T001929,P01491,PR025,6,1606.96
809,T002243,P02079,PR019,9,956.46
810,T004543,P02100,PR005,6,1752.21
811,T002648,P02483,PR016,2,197.08
812,T004941,P02603,,7,476.32
813,T000917,P02955,PR009,4,356.24
814,T001908,P00755,PR013,2,410.58
815,T001938,P00685,PR009,5,1941.83
816,T003091,P00508,PR004,5,515.17
817,T003185,P02428,PR033,10,2846.14
818,T001821,P00038,PR044,9,672.17
819,T002414,P00849,PR002,3,1444.94
820,T002550,P00352,PR005,1,23.82
821,T003148,P00991,PR048,8,170.27
822,T000166,P02623,PR030,4,464.32
823,T001152,P01822,,2,581.46
824,T001666,P02876,PR039,5,838.14
825,T004289,P00654,,8,1598.32
826,T001585,P01440,PR031,8,843.13
827,T004748,P00580,PR014,1,13.86
828,T000620,P02833,,6,2342.41
829,T001398,P02315,,1,244.04
830,T004137,P02512,PR028,3,1116.51
831,T000029,P02330,PR010,1,407.31
832,T002393,P00369,,5,1117.99
833,T001697,P02578,PR029,9,3822.09
834,T002649,P01989,PR006,4,1574.11
835,T001596,P02695,PR006,2,877.62
836,T003645,P00014,PR046,10,4162.9
837,T004650,P02030,PR012,7,3051.3
838,T001268,P02400,PR040,3,1082.39
839,T004879,P02373,PR013,1,295.41
840,T003139,P02675,PR011,9,2904.67
841,T002578,P01509,,5,1697.94
842,T000126,P02582,PR023,9,2872.62
843,T003163,P01825,PR050,8,2020.28
844,T003881,P00687,,6,2644.27
845,T003518,P00855,PR023,9,2517.91
846,T002342,P00134,PR015,9,1638.81
847,T003931,P00956,,4,125.11
848,T000948,P02556,PR047,2,746.7
849,T001171,P02273,,10,1810.04
850,T000584,P01680,PR009,5,1950.3
851,T001965,P00460,PR039,3,1259.42
852,T000280,P01638,PR039,2,299.5
853,T001889,P01207,PR003,8,817.45
854,T002797,P00429,PR003,8,1663.62
855,T001191,P00099,PR037,9,3179.75
856,T003655,P02333,PR024,7,2626.02
857,T001123,P01516,PR037,3,533.43
858,T000689,P01452,PR042,1,321.33
859,T001119,P01047,PR046,3,558.08
860,T004696,P00137,,9,3144.22
861,T000229,P00013,PR012,1,77.47
862,T002790,P02668,,5,758.97
863,T000583,P00619,PR035,4,991.38
864,T000019,P02716,PR022,9,4031.52
865,T000776,P02822,PR026,2,700.84
866,T003001,P02955,PR012,10,3303.89
867,T003435,P01394,PR017,7,1637.98
868,T003941,P01094,PR020,8,2511.81
869,T001456,P02200,PR036,8,2373.03
870,T002786,P02016,PR001,5,253.88
871,T003481,P01589,PR048,7,309.67
872,T004705,P01200,PR034,5,560.67
873,T001354,P01273,PR019,8,3016.43
874,T002165,P01514,PR026,3,239.63
875,T001012,P01467,PR029,10,4746.45
876,T004236,P02060,,3,252.54
877,T001842,P01450,PR041,4,1392.56
878,T002516,P02472,,5,577.51
879,T000908,P01674,PR001,6,866.08
880,T001328,P00009,PR024,5,996.22
881,T004907,P01128,PR033,9,1323.51
882,T002685,P00404,PR023,4,1143.52
883,T003846,P01783,PR027,5,2271.47
884,T002772,P00582,PR033,2,72.86
885,T001358,P01308,PR035,2,786.93
886,T002422,P01500,PR049,7,2934.33
887,T004912,P00414,PR049,3,670.32
888,T000399,P01781,PR039,1,88.98
889,T003298,P00526,,2,831.54
890,T002551,P00841,PR018,2,799.03
891,T002067,P02102,PR026,10,764.61
892,T004123,P00367,PR009,9,1320.37
893,T004312,P01340,PR041,8,1833.7
894,T003584,P00226,PR017,3,927.89
895,T001188,P02524,PR023,1,484.67
896,T000939,P02473,PR038,5,852.09
897,T002800,P02472,PR017,4,1205.12
898,T004304,P00137,PR049,8,3334.89
899,T000598,P01566,PR030,7,3108.81
900,T000436,P01977,PR043,5,752.68
901,T003126,P02900,PR001,1,295.35
902,T001302,P02360,PR044,8,3587.15
903,T001025,P02590,,1,361.32
904,T002353,P01151,PR010,2,995.38
905,T001111,P01793,PR035,2,642.25
906,T001010,P00036,PR008,7,2178.9
907,T002692,P01319,,10,4658.36
908,T001449,P02093,PR021,6,752.71
909,T002118,P01499,PR013,5,2417.9
910,T000438,P02121,PR048,4,1002.36
911,T001975,P02732,PR037,9,365.07
912,T004054,P02185,,8,3750.56
913,T000761,P02998,PR038,7,597.83
914,T004792,P00931,PR047,8,3519.93
915,T003387,P00773,PR014,6,1026.18
916,T002566,P02097,PR009,4,436.95
917,T004308,P02505,PR022,9,1744.17
918,T002278,P02350,PR038,5,1252.31
919,T004729,P01441,PR022,5,725.22
920,T000330,P00127,PR002,7,924.35
921,T003262,P01864,,10,1193.9
922,T004523,P02560,PR050,7,1154.64
923,T003311,P00973,PR005,8,1294.52
924,T000676,P01291,PR029,6,2703.55
925,T000987,P00769,PR032,5,337.85
926,T001662,P01950,PR023,7,2427.74
927,T000925,P02802,,1,53.31
928,T004061,P02903,PR008,5,2195.3
929,T001693,P02966,PR004,10,4708.17
930,T002188,P00923,PR026,6,1546.38
931,T000920,P01763,,4,1297.6
932,T001159,P02914,PR008,1,203.98
933,T004699,P02070,PR012,2,57.38
934,T004374,P01039,PR004,9,4178.82
935,T000278,P00233,PR012,1,269.6
936,T003242,P02952,PR037,1,277.92
937,T001089,P02746,PR041,9,1771.18
938,T001759,P00243,PR015,2,298.08
939,T002926,P02045,PR013,7,2530.77
940,T003109,P02812,PR050,5,527.79
941,T003040,P02096,PR049,8,872.75
942,T004874,P00018,PR004,9,3091.78
943,T003192,P01816,PR037,2,63.3
944,T001887,P00973,PR028,2,483.05
945,T003486,P01312,PR006,2,684.65
946,T004940,P00096,PR045,5,1883.07
947,T002106,P01577,PR029,8,3326.56
948,T000682,P02843,PR022,6,2188.22
949,T004450,P00549,PR025,1,326.06
950,T000067,P00157,PR005,2,194.5
951,T000809,P00589,PR016,3,239.78
952,T000689,P00008,PR048,2,871.26
953,T000961,P00078,,4,955.01
954,T000314,P00135,PR046,8,1053.52
955,T003653,P01710,,7,1471.02
956,T000732,P00666,PR034,5,1167.14
957,T002604,P02407,PR036,7,1574.72
958,T001308,P02585,PR046,2,111.35
959,T002293,P01436,PR042,6,2198.49
960,T001418,P00194,PR048,10,4642.69
961,T001819,P02957,,4,1090.69
962,T003615,P02719,PR013,4,92.35
963,T004871,P00998,PR035,8,3693.07
964,T002995,P02382,PR033,8,2813.89
965,T001729,P00070,PR041,4,496.46
966,T000095,P00718,PR028,10,2213.57
967,T003034,P02297,PR043,1,188.83
968,T000154,P02549,PR034,1,178.52
969,T004272,P00875,PR026,1,142.62
970,T000459,P00547,,9,4404.03
971,T001029,P00117,PR022,1,371.56
972,T000476,P01483,PR042,2,531.25
973,T000757,P00564,PR032,8,752.62
974,T000623,P00365,PR008,7,3163.74
975,T000139,P01081,PR047,10,631.68
976,T003174,P00598,PR033,5,2063.82
977,T002727,P00295,PR036,5,593.32
978,T000782,P02349,PR034,6,878.43
979,T002314,P01964,PR024,1,132.4
980,T002093,P01554,PR037,7,986.61
981,T000453,P01743,PR045,6,1919.48
982,T000114,P01028,PR016,10,4455.01
983,T002330,P02830,PR040,7,2265.11
984,T003965,P02285,PR038,5,1379.19
985,T000690,P00864,PR012,1,99.98
986,T001216,P01794,PR015,7,340.22
987,T004988,P00475,PR045,9,4159.63
988,T001079,P00639,PR040,10,3044.7
989,T003384,P01248,PR033,10,1920.88
990,T004163,P01169,,9,1523.53
991,T002378,P02472,PR022,7,3247.6
992,T004252,P00446,PR004,1,15.18
993,T003214,P02044,PR024,2,706.39
994,T003685,P00162,PR002,10,574.83
995,T002677,P01080,PR032,7,2245.43
996,T004479,P00875,PR010,8,165.69
997,T001045,P02408,PR037,3,1193.85
998,T002483,P02197,PR009,6,2490.57
999,T003074,P00273,,10,2770.18
1000,T002523,P01372,,3,1088.06
1001,T004901,P02220,PR043,10,1461.31
1002,T004803,P02949,PR042,1,38.49
1003,T003361,P01248,PR016,1,47.91
1004,T001370,P00830,PR048,6,264.09
1005,T004998,P01144,PR048,8,928.47
1006,T000209,P01471,PR027,6,1350.16
1007,T001313,P01991,PR048,3,1204.38
1008,T001579,P02336,PR008,9,3845.82
1009,T002294,P02936,PR038,9,1000.03
1010,T003347,P01289,PR027,5,2230.06
1011,T004438,P01374,PR029,9,4156.53
1012,T004106,P01579,PR021,4,284.15
1013,T004906,P01057,PR030,5,1401.62
1014,T000404,P00714,PR047,5,596.55
1015,T002057,P00794,PR040,7,3053.34
1016,T004279,P02513,PR037,7,888.28
1017,T001144,P02461,,9,3507.86
1018,T000687,P02020,PR022,7,2132.42
1019,T001305,P01126,PR033,4,1574.69
1020,T004084,P02156,PR044,6,2685.78
1021,T001504,P00216,PR004,5,606.25
1022,T003120,P02436,PR015,6,2704.35
1023,T003821,P02146,PR045,4,232.84
1024,T004830,P02137,PR040,8,1553.73
1025,T000503,P02826,PR001,1,413.64
1026,T001218,P02988,PR022,4,1803.41
1027,T000424,P02331,PR050,7,882.01
1028,T003127,P02103,PR038,9,348.19
1029,T004556,P01684,PR007,8,3624.55
1030,T002547,P02135,PR022,3,1073.64
1031,T003161,P00313,PR037,10,2319.75
1032,T003618,P00022,PR038,5,943.75
1033,T004020,P00892,PR005,5,1612.94
1034,T003896,P01358,PR028,6,2173.63
1035,T001382,P00989,PR020,9,694.46
1036,T004495,P01262,PR033,6,1860.88
1037,T001054,P00282,PR043,7,929.74
1038,T002354,P02484,PR040,1,136.51
1039,T001126,P01496,PR022,2,862.46
1040,T004130,P02686,PR046,2,861.52
1041,T002062,P00559,,3,630.18
1042,T003999,P00723,PR023,2,242.43
1043,T001600,P02840,PR041,6,848.82
1044,T003893,P02576,PR048,4,114.41
1045,T003147,P02438,PR038,2,837.51
1046,T004892,P00046,PR025,1,374.12
1047,T000934,P01929,,7,1601.6
1048,T004380,P02284,PR017,3,741.55
1049,T000221,P02967,PR010,8,3673.46
1050,T001696,P02627,PR008,3,1159.78
1051,T001841,P00983,PR044,1,259.42
1052,T002151,P00060,PR038,5,2495.07
1053,T000576,P01755,PR020,4,1563.42
1054,T000957,P01991,PR049,10,148.69
1055,T002923,P01533,PR047,2,781.65
1056,T000756,P00825,,2,31.83
1057,T003442,P00576,PR029,2,711.38
1058,T003515,P02845,PR016,2,734.02
1059,T002228,P01764,PR015,9,415.94
1060,T000595,P01118,PR032,6,1172.22
1061,T004603,P00228,PR048,9,1194.35
1062,T000148,P01611,PR005,1,453.35
1063,T004128,P01113,PR009,7,3396.76
1064,T004366,P01172,PR003,7,3447.43
1065,T002679,P01756,PR048,1,66.82
1066,T004366,P01218,PR009,7,374.03
1067,T003120,P01465,PR034,8,2278.38
1068,T004746,P01757,PR048,3,1092.22
1069,T001292,P02363,PR015,2,257.46
1070,T003099,P00103,PR030,9,2527.9
1071,T004268,P02573,PR033,7,186.15
1072,T004061,P00271,PR013,3,915.04
1073,T003856,P01551,PR017,3,893.27
1074,T002410,P02343,PR046,7,281.55
1075,T000178,P01651,PR037,6,2283.16
1076,T002043,P01864,PR048,5,2048.91
1077,T000002,P01696,PR020,3,1175.13
1078,T002138,P02330,PR014,3,464.98
1079,T004989,P00203,PR045,2,527.13
1080,T001488,P02490,PR038,5,1631.12
1081,T000939,P01957,,6,1050.72
1082,T004008,P02889,PR043,4,916.74
1083,T001342,P01940,PR003,3,644.28
1084,T002237,P00566,PR035,5,1719.86
1085,T001291,P02362,PR047,4,399.36
1086,T002530,P00595,PR041,10,3760.93
1087,T002372,P00080,PR021,5,593.17
1088,T002449,P02004,PR010,7,1839.83
1089,T004032,P01027,PR034,10,2613.78
1090,T001119,P02022,PR006,6,2040.15
1091,T004799,P01124,PR008,6,820.17
1092,T004460,P02759,PR019,3,210.43
1093,T003598,P01678,PR018,1,10.82
1094,T002245,P02834,PR012,7,2368.45
1095,T002391,P00925,PR048,2,138.65
1096,T004390,P02511,PR012,1,185.76
1097,T004506,P00504,PR047,10,2893.05
1098,T003258,P00311,,7,1917.21
1099,T003995,P01154,PR028,3,534.18
1100,T002440,P00550,PR031,7,2824.25
1101,T004420,P01902,PR004,10,3321.27
1102,T003512,P02474,PR005,4,827.9
1103,T000674,P01621,PR012,9,970.12
1104,T003639,P02837,PR019,9,2194.42
1105,T003782,P00074,PR006,9,3438.82
1106,T002549,P02854,,8,2739.34
1107,T003359,P00492,,9,169.02
1108,T001157,P01981,PR049,10,346.29
1109,T003449,P01643,PR032,7,1703.71
1110,T004882,P01550,,1,454.76
1111,T004822,P00768,PR037,3,1134.31
1112,T000097,P01682,PR036,5,1231.62
1113,T001156,P02036,PR050,8,1209.62
1114,T003190,P00849,PR048,10,677.07
1115,T002722,P02392,PR040,8,1391.89
1116,T001434,P01728,PR018,10,3605.85
1117,T004605,P00192,PR047,3,375.47
1118,T002076,P01844,PR021,8,647.56
1119,T003372,P01971,PR033,10,405.8
1120,T004260,P00524,PR036,4,1523.66
1121,T004134,P01254,PR049,9,1416.35
1122,T002521,P00313,PR033,9,4182.39
1123,T003769,P00279,PR036,9,2704.74
1124,T002915,P01813,PR010,4,130.2
1125,T000031,P00659,PR030,9,1798.18
1126,T001526,P00529,PR026,4,1010.33
1127,T004622,P01659,PR046,6,1341.85
1128,T002990,P01005,PR002,6,2636.71
1129,T001054,P00381,PR004,4,1711.05
1130,T002271,P01010,PR021,1,411.24
1131,T004255,P02462,PR041,5,1055.12
1132,T002177,P02411,PR034,8,440.15
1133,T003592,P01072,PR040,6,635.5
1134,T002300,P02293,PR036,8,1157.57
1135,T001564,P00069,,7,2779.72
1136,T002860,P02815,PR003,8,1611
1137,T001188,P00809,PR030,7,3070.2
1138,T003307,P01930,PR042,5,84.71
1139,T003705,P00547,PR008,4,1844.91
1140,T003883,P00697,PR038,2,213.57
1141,T003904,P02754,PR029,10,1871.09
1142,T004809,P02813,PR044,5,603.55
1143,T000474,P02293,PR002,6,2834.85
1144,T002781,P00668,PR041,3,819.87
1145,T000390,P00801,PR010,7,3433.67
1146,T000339,P00352,PR040,5,1795.77
1147,T003914,P02678,PR040,3,1425.2
1148,T004818,P02784,PR041,6,2525.1
1149,T004800,P02211,,6,1548.31
1150,T000746,P01789,PR032,9,772.3
1151,T003759,P00920,PR021,3,1471.93
1152,T000728,P01547,,3,714.99
1153,T003903,P02045,PR031,2,951.55
1154,T002653,P01013,PR011,4,760.84
1155,T003779,P00312,,8,1806.25
1156,T002399,P02179,PR050,9,1238.06
1157,T002904,P02724,PR046,2,248.23
1158,T001065,P02844,PR012,6,2422.46
1159,T002165,P01965,PR025,6,2673.05
1160,T003678,P00863,PR010,7,3062.36
1161,T002823,P00292,PR012,9,2160.38
1162,T000831,P02658,,3,814.96
1163,T003688,P01864,PR049,6,1558.23
1164,T000166,P01260,PR030,8,2231.11
1165,T001963,P01163,PR038,7,577.58
1166,T000032,P02494,PR018,5,2245.53
1167,T000482,P00443,PR004,3,316.18
1168,T002035,P01663,PR043,6,2367.78
1169,T000097,P01713,PR032,2,27.15
1170,T000808,P02354,,7,2888.49
1171,T001793,P01874,PR006,2,830.6
1172,T004992,P02259,PR013,6,2190.85
1173,T001815,P02542,PR023,1,458.2
1174,T003904,P00102,PR035,4,1556.12
1175,T004039,P01524,PR033,5,1107.92
1176,T003509,P01395,PR021,5,2256.71
1177,T003036,P01441,PR036,10,4645.28
1178,T003807,P02740,PR002,8,2795.59
1179,T000836,P00121,PR004,2,126.84
1180,T004107,P01102,PR038,10,4254.08
1181,T003185,P02014,PR046,6,1734.04
1182,T004439,P01757,PR045,8,1235.64
1183,T002021,P00151,PR040,3,805.97
1184,T000875,P01544,PR032,5,1357.41
1185,T004982,P00213,,3,1109.69
1186,T000961,P00150,,3,625.88
1187,T003592,P02771,PR049,8,3381.86
1188,T004027,P00747,PR047,10,2643.56
1189,T003389,P01186,PR008,6,1847.06
1190,T000009,P02271,PR028,6,2087.24
1191,T001692,P00503,,9,4239.15
1192,T002436,P00616,PR020,9,3080.18
1193,T001018,P02983,PR038,3,884.07
1194,T003233,P02285,PR026,2,953.67
1195,T000380,P01669,PR039,9,4343.9
1196,T000377,P02104,PR032,1,407.27
1197,T001654,P02648,PR045,6,2863.21
1198,T000947,P00157,,7,2565.73
1199,T002479,P00851,PR001,6,1317.03
1200,T004172,P01650,PR011,9,3221.98
1201,T004264,P02019,PR037,3,422.7
1202,T003338,P00086,,7,2659.28
1203,T004007,P01416,PR050,10,3145.71
1204,T003418,P02480,PR038,1,360.92
1205,T002808,P01195,PR004,1,101.6
1206,T002820,P01811,,2,96.75
1207,T001548,P02437,,2,579.43
1208,T003368,P02032,PR002,7,1646.31
1209,T003172,P00517,PR020,9,705.72
1210,T001257,P02013,PR030,1,252.04
1211,T004009,P01367,PR017,9,2906.43
1212,T002347,P01339,PR028,6,2249.5
1213,T000264,P00057,PR039,8,3782.55
1214,T001904,P02067,PR046,9,1735.06
1215,T004241,P01491,PR013,6,615.03
1216,T001671,P00503,,8,1034.37
1217,T002340,P01624,,5,275.4
1218,T001990,P00010,PR027,4,1185.7
1219,T002786,P02572,PR048,2,472.43
1220,T002616,P00809,,5,1113.66
1221,T003135,P00292,,9,486.04
1222,T003908,P02232,,7,3029.01
1223,T003680,P02281,PR010,6,1407.33
1224,T004821,P02140,PR033,1,464.74
1225,T004789,P01111,PR048,8,3010.75
1226,T003914,P00032,PR040,9,2644.43
1227,T002882,P00564,PR014,10,3646.93
1228,T004798,P00424,PR045,4,263.97
1229,T001964,P00520,PR026,4,502.08
1230,T004186,P02574,PR010,2,883.49
1231,T003994,P00884,PR037,4,796.95
1232,T001331,P01286,PR035,4,524.88
1233,T001095,P01729,PR031,7,2204.81
1234,T004353,P00224,PR001,2,507.22
1235,T000648,P01827,PR024,9,1466.41
1236,T003136,P01550,PR002,8,925.26
1237,T001021,P02485,PR001,5,2164.1
1238,T003314,P00245,PR009,10,4639.26
1239,T000282,P02971,PR025,4,1831.16
1240,T003780,P02521,PR046,3,1000.35
1241,T001373,P00467,PR050,9,1547.4
1242,T004381,P01937,PR017,4,1345.16
1243,T004966,P02911,,4,1466.7
1244,T004197,P01809,PR039,5,2183.15
1245,T000342,P00682,PR042,2,810.08
1246,T002204,P00459,PR031,8,1614.98
1247,T003835,P00288,PR045,4,1661.42
1248,T002456,P02741,PR033,7,1127.09
1249,T001258,P01662,PR047,1,266.24
1250,T003800,P00598,PR013,6,2840.33
1251,T002462,P00611,PR046,10,1875.08
1252,T004599,P02062,PR022,10,2782.4
1253,T000368,P01972,PR028,1,301.5
1254,T001533,P00750,PR005,7,875.98
1255,T003209,P01379,PR010,8,3335.54
1256,T001233,P01942,PR029,7,2034.8
1257,T003330,P02626,PR050,2,617.73
1258,T004985,P01577,PR044,6,2831.84
1259,T000562,P02567,PR030,1,174.68
1260,T004551,P02528,PR030,10,2609.44
1261,T000788,P02010,PR041,1,302.17
1262,T001112,P01191,PR023,9,4094.23
1263,T002260,P01111,PR031,4,362.23
1264,T000704,P02839,PR011,3,819.75
1265,T002105,P00672,PR001,9,664.87
1266,T000890,P01802,PR009,9,2245.21
1267,T003738,P01012,PR029,5,2137.9
1268,T002428,P01608,PR016,5,1764.52
1269,T004386,P00132,,2,761.96
1270,T002407,P01680,PR017,3,562.17
1271,T000650,P02048,PR009,5,662.74
1272,T004703,P00829,,4,1130.23
1273,T000463,P02148,PR021,4,1095.66
1274,T000931,P00960,PR049,5,2449.44
1275,T003451,P00346,PR037,6,2164.17
1276,T003653,P01324,,5,352.06
1277,T002532,P02967,PR026,3,1087.75
1278,T002683,P00619,PR008,7,100.7
1279,T004430,P01948,,3,908.93
1280,T002636,P01600,PR016,6,1305.82
1281,T003390,P01311,,6,1334.84
1282,T000974,P00656,PR031,4,460.6
1283,T003108,P02574,PR002,9,1034.1
1284,T004142,P00608,PR017,7,3123.37
1285,T001467,P00500,,6,2459.14
1286,T002549,P01133,PR034,10,1003.05
1287,T004887,P02815,PR048,1,395.05
1288,T000505,P01389,PR026,6,2674.65
1289,T004589,P00920,PR014,5,1527.99
1290,T001840,P00817,PR046,4,727.4
1291,T002714,P02900,PR034,8,647.48
1292,T000467,P00579,PR035,4,251.25
1293,T001822,P00275,PR009,9,665.44
1294,T003093,P00072,PR022,3,547.57
1295,T002821,P02790,PR030,1,249.07
1296,T000056,P01117,PR012,1,56.8
1297,T003764,P00778,PR014,9,1638.51
1298,T004594,P02320,PR013,1,404.7
1299,T002128,P00028,PR022,7,3451.78
1300,T000234,P01433,PR010,4,501.94
1301,T001735,P02136,PR032,8,3871.38
1302,T000455,P00226,PR019,6,458.01
1303,T002059,P02064,PR034,10,1664.43
1304,T002869,P02065,PR046,2,263.93
1305,T002935,P01237,PR022,3,1496.45
1306,T002955,P01542,PR003,10,2024.75
1307,T000059,P01816,PR034,2,768.14
1308,T002561,P02313,PR009,1,54.57
1309,T003196,P02938,PR020,6,647.89
1310,T000793,P02264,PR006,1,17.41
1311,T001884,P01426,PR006,2,388.76
1312,T002129,P01007,PR034,1,222.47
1313,T002913,P01058,PR013,7,939.8
1314,T002210,P01726,PR050,2,198.91
1315,T002532,P00764,PR049,4,40.45
1316,T001650,P01484,PR015,8,2267.47
1317,T000073,P00872,PR033,10,2630.96
1318,T002459,P00620,,7,1443.41
1319,T001170,P02535,PR005,8,1252.71
1320,T004996,P00786,PR043,7,3310.71
1321,T004491,P00570,PR042,10,2892.83
1322,T000958,P00098,PR040,4,1647.51
1323,T004943,P02203,PR027,6,703.54
1324,T003024,P00213,PR031,10,4007.27
1325,T004396,P01223,,10,1807.91
1326,T003908,P02785,PR050,9,712.31
1327,T000688,P02006,PR004,2,937.5
1328,T001426,P02953,PR026,10,1129.98
1329,T002670,P02274,PR040,4,1745.47
1330,T000106,P01933,PR042,1,403.73
1331,T004631,P01694,PR008,9,719.75
1332,T003943,P02723,PR042,1,170.89
1333,T003496,P02610,PR050,3,1235.94
1334,T003779,P02428,,1,147.67
1335,T003039,P00830,PR001,9,2524.85
1336,T001176,P00036,PR001,3,1411.55
1337,T004648,P02711,PR019,10,194.44
1338,T002526,P00933,PR015,9,1485.99
1339,T000419,P02094,PR013,1,222.51
1340,T002443,P01340,,9,3130.22
1341,T002835,P00789,PR039,8,3900.95
1342,T004250,P01512,PR034,7,650.52
1343,T002241,P01244,PR004,8,2011.02
1344,T002415,P01124,PR036,10,3931.79
1345,T001358,P00806,PR012,4,857.04
1346,T000975,P02536,PR038,7,232.57
1347,T003771,P01250,PR018,1,30.24
1348,T003428,P00630,PR031,3,1104.65
1349,T002373,P02472,,3,426.41
1350,T000660,P01453,PR012,7,2202.21
1351,T002025,P00640,PR020,1,118.89
1352,T001889,P00538,PR035,9,2104.7
1353,T004900,P01613,PR029,6,508.58
1354,T003402,P00891,PR030,3,309.42
1355,T004812,P00965,,4,666.21
1356,T000550,P00367,PR031,1,170.5
1357,T000024,P01651,PR003,5,1891.14
1358,T002158,P02354,PR049,3,1283.2
1359,T003548,P01278,,4,1634.33
1360,T002716,P01514,PR020,3,265.16
1361,T003614,P00026,PR007,1,300.34
1362,T001272,P02146,PR047,4,1199.96
1363,T001299,P02142,PR040,8,3925.82
1364,T001341,P00201,PR043,6,278.58
1365,T002260,P00207,PR008,4,186.45
1366,T003754,P02677,PR049,10,4849.4
1367,T004320,P00737,PR028,4,874.73
1368,T004952,P00209,PR041,7,1194.56
1369,T001545,P00142,PR041,5,2369
1370,T001594,P02740,PR035,5,1039.03
1371,T003895,P02086,PR003,7,1763.54
1372,T003517,P02130,PR012,1,257.89
1373,T000909,P02789,PR048,2,257.41
1374,T001287,P02952,PR045,6,2762.9
1375,T003031,P00344,PR037,2,54.99
1376,T003156,P00761,PR005,10,3670.69
1377,T001498,P02013,PR036,2,65.77
1378,T003335,P00360,PR045,2,718.25
1379,T003099,P01591,PR038,8,2420.41
1380,T002331,P02002,PR045,10,4865.36
1381,T000671,P00686,PR020,7,1248.28
1382,T003754,P02133,PR019,10,4734.8
1383,T000357,P00529,,5,1205.7
1384,T000342,P02044,PR024,5,1730.87
1385,T003417,P00640,PR030,2,504.13
1386,T000403,P02336,PR006,10,4536.46
1387,T004576,P02974,PR044,10,2073.42
1388,T004315,P02233,,7,1695.52
1389,T000795,P00923,PR003,5,1700.08
1390,T004908,P02903,PR011,3,1145.1
1391,T001810,P00725,PR040,1,49.87
1392,T001687,P00585,PR038,9,3156.52
1393,T003941,P02628,PR032,8,1219.04
1394,T001131,P02298,PR022,5,51.24
1395,T001724,P00470,PR036,10,2013.07
1396,T001510,P02072,PR006,5,1367.18
1397,T001184,P02113,PR041,7,1770.16
1398,T004352,P01622,PR044,4,1130.6
1399,T004568,P01239,PR012,6,697.11
1400,T004296,P00588,PR034,2,710.86
1401,T000399,P00258,PR031,9,554.06
1402,T000271,P02001,PR011,3,341.47
1403,T003700,P01331,PR011,1,321.91
1404,T002889,P01805,,9,2510.54
1405,T000731,P01723,PR014,8,3705.67
1406,T001490,P00648,PR028,2,446.41
1407,T000891,P02170,PR003,3,990.97
1408,T004290,P01546,PR022,3,545.02
1409,T000102,P00181,PR043,10,1544.11
1410,T001720,P02234,PR018,8,102.41
1411,T004402,P00665,PR033,5,904.1
1412,T004615,P01584,PR039,3,633.11
1413,T003411,P02697,PR006,2,343.71
1414,T000885,P02427,PR036,10,1270.5
1415,T000081,P00020,PR012,7,2866.71
1416,T004585,P00818,PR001,6,1615.93
1417,T003371,P01605,PR039,8,149.48
1418,T000746,P02327,PR022,9,1562.25
1419,T000043,P00143,PR036,1,196.43
1420,T003549,P01422,PR036,2,162.24
1421,T001630,P02891,PR018,7,3101.2
1422,T003101,P00537,PR022,7,375.98
1423,T004804,P01215,PR022,2,125.2
1424,T001924,P00298,PR048,4,842.34
1425,T001803,P02260,PR041,3,286.04
1426,T003903,P01705,PR031,2,553.84
1427,T003349,P02166,PR023,4,1547.88
1428,T004780,P00857,PR002,9,2631.13
1429,T004083,P00604,PR026,9,1060
1430,T004687,P02744,PR049,4,1676.24
1431,T002173,P02922,PR007,2,979.89
1432,T001118,P01538,PR041,10,1670.02
1433,T004978,P01277,PR040,4,48.27
1434,T003019,P01285,PR007,2,495.73
1435,T002487,P02099,PR018,8,1695.18
1436,T004687,P01262,PR036,4,1628.06
1437,T003503,P02954,PR033,8,1382.76
1438,T003875,P01575,PR012,8,3992.9
1439,T001640,P02051,PR028,4,1290.88
1440,T002245,P02818,,2,677.73
1441,T004318,P02807,PR032,6,1846.29
1442,T003071,P01130,PR022,7,803.66
1443,T000668,P02082,PR018,10,1844.81
1444,T004347,P02365,PR001,6,799.83
1445,T001833,P02243,PR024,4,1074.91
1446,T002077,P01414,PR045,5,1996.54
1447,T002066,P02815,PR001,6,665.58
1448,T000906,P01816,PR007,1,177.37
1449,T001233,P00068,,8,1198.28
1450,T004582,P00894,PR001,9,3718.27
1451,T002902,P00768,PR035,4,388.22
1452,T004345,P01159,,6,526.95
1453,T003539,P00634,PR007,8,2060.65
1454,T004220,P01018,PR028,3,1432.04
1455,T000736,P02087,,6,2072.95
1456,T002762,P01574,,6,193.37
1457,T003462,P02331,PR042,4,1978.98
1458,T001916,P01374,,9,2965.09
1459,T002419,P01886,,2,738.04
1460,T003983,P01611,PR006,7,2601.71
1461,T003801,P01934,PR044,5,1803.14
1462,T004790,P00901,PR045,4,1159.15
1463,T003117,P02197,PR018,5,807.39
1464,T001436,P01856,PR023,3,1073.89
1465,T004417,P01783,PR029,8,1352.31
1466,T001942,P01338,PR047,7,487.22
1467,T000663,P02787,PR044,8,2375.8
1468,T002789,P00627,PR025,2,491.03
1469,T003810,P01087,PR027,9,2463
1470,T000748,P01857,PR015,5,224.97
1471,T003200,P01691,PR036,5,378.12
1472,T003362,P00131,PR028,7,1950.79
1473,T002760,P01429,PR018,5,693.32
1474,T000855,P02650,PR037,5,888.06
1475,T003677,P00749,,8,3014.38
1476,T001056,P01043,PR010,1,149.58
1477,T000267,P00510,PR046,3,1014.39
1478,T001813,P00924,,1,438.18
1479,T001764,P01228,,6,2203.4
1480,T003788,P02378,,10,2980.99
1481,T001550,P02306,,1,388.68
1482,T005000,P02679,PR023,7,2628.21
1483,T004357,P01675,PR028,4,1357.87
1484,T001402,P01856,,8,832.52
1485,T003141,P02357,PR031,1,465.56
1486,T000875,P02987,PR003,4,1904.45
1487,T001474,P01461,PR027,7,3365.88
1488,T001933,P00225,PR019,8,3420.14
1489,T002157,P02390,PR050,7,1471.31
1490,T003404,P01011,PR033,1,361.91
1491,T003321,P02990,PR039,7,3307.44
1492,T004212,P02059,PR036,2,224.06
1493,T003665,P00270,PR046,10,372.41
1494,T000955,P01660,PR015,4,1362.86
1495,T000859,P00823,PR045,8,3224.27
1496,T003712,P00973,PR007,8,3138.66
1497,T002899,P01923,PR005,4,109.63
1498,T003517,P02111,PR019,9,3130.63
1499,T002126,P01164,PR037,9,3971.41
1500,T001554,P02250,PR030,6,772.02
1501,T002019,P01288,PR040,7,3367.2
1502,T003986,P01304,PR043,7,2226.63
1503,T001083,P00715,PR049,3,1077.86
1504,T000072,P00009,,2,499.28
1505,T004768,P02812,PR042,2,390.2
1506,T000631,P02966,PR021,4,1318.35
1507,T004876,P01712,PR050,6,150.62
1508,T004323,P00745,PR007,3,761.44
1509,T002526,P01953,PR046,1,266.82
1510,T003462,P01220,,4,1353.81
1511,T002825,P02752,PR045,5,1517.05
1512,T004861,P02591,,1,457.04
1513,T002379,P00465,PR031,10,1910.43
1514,T001278,P00843,PR011,10,4372.08
1515,T003123,P00300,PR034,10,1529.04
1516,T004298,P01119,PR048,8,931.07
1517,T002031,P00568,PR041,3,1346.43
1518,T000121,P02888,PR050,2,368.74
1519,T001267,P01999,PR007,2,875.7
1520,T002596,P02671,,8,2663
1521,T004741,P02595,PR047,2,885.81
1522,T004730,P00496,PR007,8,3042.94
1523,T003709,P00815,PR009,2,904.97
1524,T003542,P01905,PR018,3,1346.48
1525,T001175,P00023,PR046,10,2280.68
1526,T002237,P02692,PR002,8,430.96
1527,T003302,P01592,PR003,4,446.32
1528,T001558,P00075,PR016,9,1494.17
1529,T004769,P02613,PR039,3,65.66
1530,T003441,P01579,,8,2625.85
1531,T002458,P00246,PR043,2,704.68
1532,T003743,P00597,PR018,10,2452.53
1533,T001037,P02387,PR038,8,2022.06
1534,T000644,P00480,PR037,7,532.84
1535,T001775,P01831,PR009,2,801.24
1536,T000746,P00153,PR012,6,247.87
1537,T002578,P01998,PR031,2,674.04
1538,T001360,P01738,PR046,4,1626.73
1539,T001139,P02126,PR044,4,701.84
1540,T001034,P02323,PR007,2,432.79
1541,T002196,P02967,PR040,5,1676.55
1542,T002218,P01584,PR032,2,979.6
1543,T004515,P01124,,7,1455.66
1544,T002898,P01720,,10,4605.03
1545,T003283,P01907,PR044,4,1055.42
1546,T004039,P02507,PR006,2,917.03
1547,T001896,P01274,PR008,7,1560.84
1548,T003304,P00545,PR044,5,745.38
1549,T000152,P01993,PR034,9,2002.84
1550,T003434,P00199,PR019,10,4860.68
1551,T004084,P02590,PR024,8,2091.9
1552,T004342,P01552,PR046,4,1937.04
1553,T003822,P00401,PR031,10,1611.48
1554,T002394,P00824,,7,1889.62
1555,T004044,P02333,,6,2399.37
1556,T004211,P00545,PR017,9,675.08
1557,T004833,P00807,PR020,5,1750.13
1558,T004412,P02365,PR029,2,924.94
1559,T000605,P02904,PR010,10,4159.45
1560,T003052,P00185,PR027,6,259.87
1561,T003024,P00304,PR041,7,2991.61
1562,T001603,P02342,PR022,6,1113.69
1563,T001893,P02275,PR039,6,1972.05
1564,T004399,P00666,PR037,6,1720.4
1565,T002498,P00898,PR034,9,3169.26
1566,T003712,P02299,PR027,4,731.77
1567,T001322,P00889,PR013,4,1311.1
1568,T004872,P01329,,3,879.55
1569,T000153,P01025,PR040,2,502.9
1570,T001093,P01596,PR013,7,2916.7
1571,T002775,P00562,PR019,5,741.35
1572,T000941,P02549,PR022,10,3275.12
1573,T004848,P00132,,4,1692.7
1574,T004705,P02014,PR014,5,226.13
1575,T004743,P02738,PR041,7,1930.79
1576,T003795,P01370,,1,192.63
1577,T003473,P01223,PR013,10,4079.21
1578,T003923,P01241,PR012,2,396.44
1579,T004208,P01463,PR005,6,2126.96
1580,T004652,P02945,,10,2707.62
1581,T004791,P01404,PR039,10,1271.55
1582,T000006,P01588,,1,330.13
1583,T000188,P02473,PR012,1,114.58
1584,T000535,P00812,PR008,9,2603.61
1585,T000980,P02103,PR028,6,2248.25
1586,T001970,P00882,PR042,4,1586.55
1587,T004896,P01000,PR016,3,480.94
1588,T000204,P01948,PR018,4,1654.49
1589,T000703,P01795,PR036,4,1059.11
1590,T004122,P02300,PR032,3,274.29
1591,T002174,P01094,PR008,10,692.19
1592,T000308,P02869,PR048,9,3867.36
1593,T003159,P01234,PR011,6,1907.38
1594,T001416,P00907,PR048,7,2192.1
1595,T002229,P00706,PR034,4,1875.04
1596,T004462,P02395,PR033,1,272.99
1597,T003837,P01451,PR015,5,1185.01
1598,T004524,P02019,PR018,7,217.24
1599,T001966,P00232,PR028,4,727.42
1600,T001946,P02763,PR046,2,245.56
1601,T004695,P02173,PR018,6,1110.23
1602,T001455,P00984,PR020,1,94.38
1603,T004735,P01498,PR042,3,1269.38
1604,T002793,P00869,,8,2781.17
1605,T003458,P02643,,10,983.23
1606,T004489,P00133,,6,2813.69
1607,T000595,P02862,PR050,9,2078.62
1608,T000915,P01406,PR005,8,1396.29
1609,T003923,P01352,PR017,10,3662.76
1610,T001322,P01121,PR018,4,221.18
1611,T004559,P00393,PR035,4,58.76
1612,T000992,P01490,PR001,6,1341.74
1613,T001163,P00930,PR020,6,2522.6
1614,T001985,P02848,PR036,1,57.49
1615,T003614,P01375,PR045,9,3791.3
1616,T000836,P01437,PR026,4,1151.25
1617,T004380,P02676,PR050,4,1564.1
1618,T001193,P02583,,10,1348.46
1619,T000281,P02419,PR038,4,1288.43
1620,T002191,P00175,PR021,1,134.05
1621,T002182,P00747,PR009,2,204.83
1622,T001977,P01910,PR039,3,325.27
1623,T004884,P00578,PR036,2,294.02
1624,T000823,P01867,,6,676.61
1625,T004330,P01836,PR044,7,2944.1
1626,T002763,P00903,,7,2973.4
1627,T001659,P00019,,9,3903.62
1628,T000770,P00637,,1,245.81
1629,T004432,P02937,PR006,6,2057.24
1630,T001654,P01857,PR033,8,709.39
1631,T003638,P00587,,8,2544.16
1632,T002437,P01163,PR032,4,178.42
1633,T003470,P01780,,6,663.93
1634,T004589,P00739,PR009,6,1757.98
1635,T001449,P02423,PR048,2,456.74
1636,T000926,P00137,PR001,8,2428.16
1637,T003782,P02895,PR025,3,368.4
1638,T002177,P02430,PR044,6,1984.5
1639,T002746,P00063,PR043,9,3674.82
1640,T004033,P02803,,5,1931.97
1641,T004542,P02387,PR033,3,73.77
1642,T001194,P01912,PR015,2,782.21
1643,T004693,P00041,,7,1051.77
1644,T001041,P00734,PR004,2,805
1645,T003215,P01799,PR049,2,523.59
1646,T002175,P02277,PR040,10,1035.83
1647,T001892,P01835,PR018,4,1348.02
1648,T001759,P01840,PR002,7,3113.03
1649,T002814,P00576,PR020,9,1368.52
1650,T002327,P02909,PR008,1,54.36
1651,T004288,P01934,PR033,10,3485.71
1652,T003260,P01242,,6,1909.56
1653,T002482,P01572,PR025,8,3722.36
1654,T001841,P01790,PR017,9,813.5
1655,T000216,P00005,PR011,9,3024.92
1656,T004650,P02778,PR034,1,185.49
1657,T000203,P01825,,7,1493.96
1658,T002681,P00921,PR041,1,297.2
1659,T004847,P02071,,7,418.24
1660,T004454,P02209,PR032,6,913.09
1661,T000544,P00740,PR039,2,810.51
1662,T004062,P02557,,9,739.01
1663,T001071,P01832,PR005,2,803.87
1664,T003044,P02460,PR001,4,715.98
1665,T003385,P02772,PR019,5,440.52
1666,T004722,P01630,,2,361.1
1667,T002993,P00993,PR032,1,462.44
1668,T004948,P00779,PR001,10,1297.54
1669,T000691,P01571,PR034,7,1867.82
1670,T003615,P02227,PR024,2,138.44
1671,T002741,P00388,PR026,7,1269.63
1672,T001322,P00995,PR020,6,2891.01
1673,T000778,P02300,PR019,5,1893.59
1674,T002939,P00947,PR042,10,3994.97
1675,T001525,P01288,PR031,2,558.96
1676,T004915,P00152,PR046,5,2318.88
1677,T001358,P01726,PR037,5,2025.39
1678,T000803,P00116,PR007,4,1213.73
1679,T000643,P01381,PR037,3,1067.03
1680,T000775,P01638,PR049,10,4495.49
1681,T002085,P01976,PR026,4,610.92
1682,T004027,P00952,PR047,2,682.99
1683,T003143,P01156,PR043,1,373.69
1684,T002626,P01419,PR027,3,1047.17
1685,T002312,P02697,,3,188.47
1686,T000718,P00551,PR017,2,495.31
1687,T002782,P00569,PR007,6,1713.38
1688,T002828,P00092,PR020,4,1336.07
1689,T001725,P01822,PR039,4,1855.62
1690,T002481,P02707,PR005,8,2745.09
1691,T003925,P00116,PR001,9,878.53
1692,T004598,P02382,PR006,7,1656.62
1693,T000738,P01223,PR002,3,47.38
1694,T003290,P00013,PR005,3,935.68
1695,T002609,P02551,PR043,6,2666.21
1696,T004263,P00227,PR022,1,84.66
1697,T004687,P01098,PR039,9,1034.39
1698,T002081,P02966,PR016,2,122.6
1699,T001487,P01874,PR019,6,1612.21
1700,T004646,P00541,PR009,4,353.61
1701,T004067,P01246,PR045,5,1146.64
1702,T000675,P01741,,1,91.75
1703,T004241,P02323,PR047,9,572.3
1704,T002460,P00735,PR008,9,3927.36
1705,T001976,P01868,PR010,1,254.36
1706,T002360,P01041,PR045,7,998.86
1707,T000829,P01017,PR019,10,2516.29
1708,T003199,P02840,PR013,2,684.73
1709,T001980,P01055,PR045,4,1978.49
1710,T002679,P01333,PR031,2,378.35
1711,T002801,P00834,PR044,6,633.03
1712,T003739,P00256,PR042,10,682.02
1713,T001746,P00133,PR020,2,859.45
1714,T004454,P01424,PR033,4,1278.84
1715,T002488,P01520,PR014,4,779.74
1716,T001644,P02640,PR045,7,2964.17
1717,T003914,P00743,PR009,3,719.67
1718,T000417,P02504,PR003,10,1132.22
1719,T002823,P02090,,1,217.93
1720,T003719,P01694,PR006,5,2408.82
1721,T004462,P00452,PR007,4,281.78
1722,T004803,P01569,PR033,3,292.42
1723,T004647,P00663,PR025,4,1422.8
1724,T003081,P00852,PR035,7,1353.18
1725,T004605,P01015,PR004,4,1287.24
1726,T004444,P01987,PR043,4,1662.68
1727,T002327,P02189,PR044,10,624.75
1728,T004151,P01523,PR046,5,2141.08
1729,T000074,P02728,PR010,8,2882.03
1730,T001360,P00180,PR049,6,1195.93
1731,T003096,P00019,PR015,2,232.27
1732,T000448,P01654,PR003,9,4340.11
1733,T001321,P01160,PR045,3,1405.36
1734,T004273,P00348,PR002,9,994.29
1735,T004590,P01881,PR048,1,268.14
1736,T004097,P02561,PR004,8,2142.05
1737,T000641,P00103,,9,549.98
1738,T004915,P01200,PR045,2,108.24
1739,T000896,P00491,PR027,3,470.26
1740,T001226,P02591,PR021,6,2561.55
1741,T000404,P01470,PR030,8,3584.22
1742,T002885,P02868,PR011,9,3282.02
1743,T000783,P01775,PR045,2,418.21
1744,T002875,P02821,PR047,5,431.64
1745,T001332,P01646,PR010,4,512.06
1746,T001967,P01078,PR036,5,1917.45
1747,T004103,P02831,PR040,3,39.69
1748,T001237,P00997,,10,4033.87
1749,T003299,P02945,,2,612.55
1750,T002993,P00080,PR049,1,174.88
1751,T004445,P01137,PR043,9,2237.4
1752,T002812,P00483,PR019,8,3231.39
1753,T004747,P01254,PR019,6,291.08
1754,T002800,P02075,PR048,6,1138.49
1755,T002640,P01738,PR021,7,1220.43
1756,T003797,P02447,PR022,1,424.75
1757,T002723,P01999,PR035,8,2982.02
1758,T002671,P01013,,10,4308.69
1759,T003161,P02590,PR001,10,4989.44
1760,T004134,P00271,,9,2074.35
1761,T001438,P01295,PR009,5,2130.01
1762,T004906,P02774,PR007,6,2648.54
1763,T004536,P02834,,4,970.35
1764,T003089,P02508,PR038,1,313.69
1765,T000827,P01573,PR043,6,1393
1766,T003640,P02310,PR017,5,1992.24
1767,T002158,P01907,PR002,5,1107.5
1768,T004816,P02968,PR045,6,1685.76
1769,T000446,P01261,PR031,8,1723.55
1770,T000437,P00837,PR012,6,2440.95
1771,T004942,P00492,PR016,9,3876.07
1772,T004262,P02087,PR026,10,140.81
1773,T003282,P01167,,9,1729.37
1774,T003743,P00455,PR028,4,1720.85
1775,T003514,P00592,PR050,6,1639.74
1776,T004275,P02680,PR022,4,145.34
1777,T000143,P01691,PR050,4,1555.88
1778,T000965,P02832,PR045,1,273.04
1779,T001083,P01431,PR010,10,4595.02
1780,T004844,P00401,,10,4627.67
1781,T004830,P00352,PR042,6,1671.04
1782,T000200,P01185,PR004,8,2636.42
1783,T003173,P02175,PR039,2,271.24
1784,T004112,P00917,,1,361.18
1785,T003031,P02711,PR030,9,2764.62
1786,T003469,P01594,PR001,3,1011.4
1787,T004311,P00192,PR013,8,1644.06
1788,T000632,P00674,PR046,4,189.02
1789,T003929,P02280,,8,3120.74
1790,T001632,P00443,PR008,6,2135.3
1791,T004148,P02493,PR005,7,1353.39
1792,T000198,P00342,PR033,6,2191.19
1793,T003542,P01389,PR048,7,3354.83
1794,T002793,P02970,PR038,3,953.5
1795,T002300,P01233,PR046,3,260.68
1796,T003402,P01750,PR019,1,178.58
1797,T002149,P02766,PR028,6,1755.22
1798,T002920,P00020,,4,1480.28
1799,T003992,P02126,PR006,4,1076.71
1800,T001393,P00557,PR009,8,3374.36
1801,T002773,P00599,PR030,5,59.68
1802,T001844,P02408,PR003,4,1165.29
1803,T004104,P02111,PR006,10,3441.54
1804,T000815,P00593,PR031,8,2672.7
1805,T003769,P00960,PR048,2,82.35
1806,T001567,P00067,,7,2535.48
1807,T000497,P02194,PR027,10,3005.43
1808,T001971,P02148,PR015,3,593.15
1809,T004641,P00143,PR028,6,854.46
1810,T000852,P01061,PR022,3,311.3
1811,T000414,P02518,PR041,5,1124.26
1812,T003403,P00819,PR002,6,133.87
1813,T003321,P01909,PR014,10,150.39
1814,T002606,P00117,PR018,3,545.74
1815,T001944,P01032,PR008,9,283.4
1816,T001114,P02988,PR017,5,986.4
1817,T003430,P00054,PR032,7,159.49
1818,T004583,P00162,PR005,1,36.37
1819,T002736,P00566,PR035,7,269.06
1820,T004309,P00644,PR049,1,374.29
1821,T002581,P02362,PR042,6,1169.43
1822,T002976,P01086,PR049,1,71.99
1823,T000097,P02905,PR025,6,1606.4
1824,T002995,P02715,PR022,9,935.16
1825,T000057,P01508,PR023,4,1143.43
1826,T003262,P02333,PR001,7,3436.55
1827,T000289,P00500,PR001,9,3319.27
1828,T002929,P01965,PR032,10,601.17
1829,T003545,P00620,PR047,6,220.63
1830,T004295,P02157,PR012,2,734.66
1831,T001107,P00582,PR001,10,2545.71
1832,T001860,P02022,PR016,4,411.9
1833,T000388,P00802,PR023,1,40.6
1834,T004675,P02366,PR050,9,774.11
1835,T001570,P01701,PR047,9,3227.59
1836,T001884,P01722,PR013,7,2929.57
1837,T004912,P00704,PR005,7,1639.79
1838,T001482,P01892,PR012,3,1114.76
1839,T000079,P02403,PR041,6,1109.99
1840,T001350,P02712,PR041,8,1875.43
1841,T001248,P01141,PR033,7,2619.55
1842,T003809,P01174,,10,3296.91
1843,T003954,P01470,PR020,3,327.88
1844,T002893,P01939,PR034,8,2353.81
1845,T004841,P01858,,4,1681.93
1846,T003624,P00938,PR006,7,2342.63
1847,T003074,P02827,PR047,1,39.64
1848,T002420,P00495,,7,3247.83
1849,T003269,P00176,PR049,9,2422.01
1850,T002489,P00773,PR037,10,934.48
1851,T001319,P02336,,2,379.24
1852,T002380,P01481,PR023,2,281.08
1853,T001885,P02768,PR036,8,1728.47
1854,T002291,P01218,PR035,3,114.75
1855,T003205,P02383,PR005,1,271.31
1856,T003818,P00446,,2,164.73
1857,T000331,P01579,PR003,4,1394.64
1858,T004108,P00378,PR027,2,578.76
1859,T003861,P02292,PR017,10,4375.17
1860,T000487,P00018,PR021,6,565.05
1861,T004696,P02400,PR040,5,1566.71
1862,T004561,P02501,PR018,8,2328.9
1863,T000514,P02840,PR048,5,936.24
1864,T001661,P01265,,10,2326.92
1865,T002322,P00169,,5,1885.74
1866,T003974,P00263,PR015,2,944.93
1867,T003000,P02348,PR044,5,2292.69
1868,T000177,P02608,PR026,4,76.63
1869,T001518,P01962,PR043,7,1498.56
1870,T002537,P02129,PR011,10,4542.18
1871,T003700,P02270,,5,1381.15
1872,T002519,P01843,PR015,9,1645.74
1873,T004523,P00988,PR028,7,3047.3
1874,T002225,P02304,PR023,9,2669.63
1875,T002871,P02296,PR007,5,520.74
1876,T003423,P00034,,5,1890.23
1877,T000948,P00144,,7,2192.18
1878,T003131,P02367,PR002,9,2844.83
1879,T001335,P02350,PR035,2,76.5
1880,T000926,P02473,PR003,10,436.58
1881,T003712,P02761,,10,4070.68
1882,T003226,P01300,PR044,9,4193.47
1883,T002879,P02813,PR034,3,561
1884,T002459,P00524,,7,3252.52
1885,T003570,P00675,PR001,7,1571.44
1886,T003038,P00263,,5,396.31
1887,T002365,P01851,PR023,9,966.16
1888,T000097,P00392,PR030,9,1658.72
1889,T004002,P02387,PR014,3,655.64
1890,T003789,P00253,PR046,8,3096.53
1891,T001202,P00310,PR040,6,2012.97
1892,T004192,P01902,PR040,9,349.69
1893,T001376,P00259,PR015,1,42.5
1894,T003332,P02435,PR016,5,2399.14
1895,T002019,P00698,PR027,4,859.86
1896,T001000,P00523,PR018,5,1028.83
1897,T000928,P01877,PR001,4,799.93
1898,T004192,P02317,PR018,4,714.97
1899,T004466,P00320,PR026,1,328.31
1900,T001819,P02239,,4,1486.14
1901,T002977,P02859,PR010,4,368.93
1902,T000961,P00834,PR048,3,283.36
1903,T003070,P01569,PR015,4,1771.12
1904,T004886,P00208,PR042,6,1513.92
1905,T000966,P02245,PR029,1,261.74
1906,T001959,P01236,PR037,2,308.4
1907,T003302,P00951,,1,127.5
1908,T002352,P00405,PR005,10,3959.44
1909,T003111,P00593,PR012,5,465.84
1910,T000473,P01216,PR035,5,1160.74
1911,T004056,P01521,PR035,10,1697.74
1912,T001431,P02546,PR001,3,1331.82
1913,T003032,P02675,PR037,9,3853.76
1914,T002596,P01502,PR034,9,3042.34
1915,T002385,P01218,PR024,3,722.55
1916,T001622,P01815,PR033,5,1495.24
1917,T004161,P02966,PR008,4,867
1918,T002162,P01533,PR009,1,34.9
1919,T003703,P00216,,4,471.85
1920,T004343,P01428,PR032,3,772.21
1921,T002646,P00224,PR032,9,3421.39
1922,T004158,P01249,PR026,9,146.04
1923,T001740,P01047,PR016,6,1641.46
1924,T003167,P01023,PR039,9,1967.55
1925,T004993,P01518,PR005,6,1190.65
1926,T004917,P02726,PR048,5,236.56
1927,T003837,P00698,,10,3611.1
1928,T003699,P00673,PR037,6,341.99
1929,T002320,P00712,,3,274.96
1930,T003644,P02317,PR040,1,430.16
1931,T002977,P02627,PR017,2,129.26
1932,T000299,P02024,PR025,6,630.53
1933,T000102,P00454,PR025,5,1856.78
1934,T000358,P00656,PR022,9,3582.86
1935,T004408,P00137,PR020,2,269.58
1936,T003246,P02690,PR018,4,133.08
1937,T003822,P02597,PR038,1,131.8
1938,T000969,P00673,PR043,8,3823.45
1939,T001424,P01791,,8,1284.64
1940,T002072,P01136,PR038,2,933.55
1941,T002392,P00850,PR050,1,306.69
1942,T002162,P01812,,1,55.32
1943,T003729,P01148,PR010,6,111.67
1944,T004255,P02225,PR039,10,3036.53
1945,T002651,P02207,PR029,3,1269.85
1946,T001235,P02112,PR050,2,94.82
1947,T001631,P00025,PR049,9,1079.25
1948,T001475,P00028,PR034,3,1093.08
1949,T004693,P01381,PR018,5,2055.09
1950,T001318,P02557,PR012,2,726.47
1951,T003895,P01022,PR008,9,2267.79
1952,T004997,P00471,PR035,3,57.89
1953,T003744,P00041,PR002,3,574.83
1954,T000129,P01185,PR033,1,276.32
1955,T000892,P00972,PR005,9,2130.64
1956,T001052,P00334,PR043,2,973.69
1957,T002352,P02901,PR046,2,685.71
1958,T001630,P01938,PR003,9,919.22
1959,T001869,P00921,PR016,1,53.55
1960,T004077,P02561,PR023,8,1306.46
1961,T000038,P00835,PR020,5,207.15
1962,T000749,P02762,PR028,8,2971.7
1963,T000426,P00804,PR036,10,1470.15
1964,T004089,P00142,PR028,3,639.05
1965,T000402,P00124,,10,4194.38
1966,T002740,P00135,PR034,7,437.48
1967,T002582,P01222,PR041,2,91.69
1968,T000371,P00733,PR023,9,627.52
1969,T003793,P01473,PR050,10,4961.3
1970,T003158,P01770,PR017,1,227.71
1971,T003013,P01123,PR030,5,303.79
1972,T004062,P02467,PR033,2,733.76
1973,T003368,P02177,PR022,10,4942.44
1974,T004023,P01218,PR005,9,3216.75
1975,T004947,P02163,PR010,8,315.93
1976,T004112,P02270,PR043,8,1394.88
1977,T002922,P00247,,7,2941.39
1978,T002545,P02733,PR032,7,617.76
1979,T001082,P01635,PR035,6,1046.84
1980,T000642,P02380,PR024,8,3272.13
1981,T003979,P02816,PR049,2,829.83
1982,T004764,P01810,PR040,8,3310.63
1983,T000991,P02725,PR022,5,1431.63
1984,T001256,P02174,PR041,4,140.03
1985,T004412,P02583,PR002,7,2727.71
1986,T003852,P00974,PR027,5,2080.25
1987,T001753,P00744,PR044,7,529.22
1988,T004080,P00435,PR022,10,1991.2
1989,T000997,P01370,PR049,8,1251.39
1990,T003352,P00962,,1,63.78
1991,T002702,P00553,PR016,10,4447.59
1992,T002988,P02714,PR020,8,3396.8
1993,T004022,P01206,PR042,5,830.79
1994,T003959,P00053,PR029,8,329.37
1995,T000432,P01029,PR034,1,98.65
1996,T004257,P00300,PR009,6,551.79
1997,T000565,P00161,PR044,8,2103.09
1998,T000933,P01303,PR020,1,385.64
1999,T003857,P02685,PR023,2,44.1
2000,T003764,P00012,,9,3678.01
2001,T003641,P00041,PR047,3,423.85
2002,T004186,P01027,PR041,4,785.96
2003,T002200,P01354,PR005,9,2195.42
2004,T002773,P00353,PR010,9,2531.31
2005,T004246,P02805,PR029,1,63.3
2006,T003223,P01475,PR039,7,3067.87
2007,T000175,P01472,PR048,2,116.19
2008,T002107,P01542,PR027,7,694.34
2009,T003729,P00289,PR032,9,1737.72
2010,T000370,P00129,PR020,10,789.5
2011,T004020,P01465,,6,224.59
2012,T001852,P01312,PR003,10,4612.02
2013,T002559,P02058,,6,816.31
2014,T000099,P02293,PR017,5,2465.53
2015,T000230,P02253,PR022,9,4482.94
2016,T003357,P01925,,8,3073.92
2017,T003300,P00157,PR006,1,208.64
2018,T000800,P00768,PR043,4,1974.04
2019,T000978,P01247,PR039,5,274.2
2020,T001316,P02656,PR003,9,4115.11
2021,T004155,P01634,PR038,1,483.47
2022,T004745,P00865,PR029,9,2741.76
2023,T000298,P02823,PR019,3,1093.45
2024,T000446,P02296,PR050,1,464.76
2025,T000871,P02421,PR034,1,259.19
2026,T000718,P01743,PR004,1,154.03
2027,T001650,P02411,PR047,10,2884.61
2028,T002549,P01560,,5,1806.58
2029,T004141,P01283,,6,1314.85
2030,T003913,P02587,PR027,10,4521.83
2031,T004060,P01235,PR039,2,600.14
2032,T004892,P02243,PR024,3,275.17
2033,T003676,P01535,PR002,7,3416.17
2034,T000465,P02129,PR047,3,77
2035,T000594,P01451,PR005,2,110.31
2036,T003481,P02279,PR039,8,1870.62
2037,T004777,P02420,PR042,3,241.36
2038,T001675,P02565,PR015,6,2661.26
2039,T001250,P00080,PR029,6,1212.36
2040,T004277,P00309,PR043,7,2706.02
2041,T003938,P02152,PR041,3,903.04
2042,T003283,P00723,PR002,4,1563.38
2043,T000054,P01206,PR034,10,3697.07
2044,T002942,P01760,,1,154.79
2045,T001544,P01763,PR028,3,382.28
2046,T004846,P00713,PR037,9,1145.22
2047,T001964,P02730,,8,362.3
2048,T003027,P02503,PR031,10,1967.59
2049,T004516,P00097,,6,523.17
2050,T003798,P01115,PR009,10,719.35
2051,T004303,P00102,PR004,8,2543.73
2052,T004717,P00008,PR046,10,4562.36
2053,T002323,P02635,PR027,9,422.55
2054,T000112,P02712,PR046,4,1847.65
2055,T000736,P02838,PR029,2,702.26
2056,T001225,P01301,PR007,10,510.07
2057,T000489,P02294,PR041,3,140.79
2058,T000070,P01929,PR007,6,1069.24
2059,T000845,P00665,PR037,5,2084.57
2060,T000215,P00909,PR049,8,3788.29
2061,T001435,P01570,PR012,10,3415.31
2062,T003043,P00156,,8,975.8
2063,T004252,P02406,PR003,5,1525.6
2064,T004203,P02235,PR028,5,2363.51
2065,T003796,P02861,PR019,4,665.78
2066,T000564,P00505,,8,388.2
2067,T002302,P00973,PR044,5,1106.49
2068,T003077,P01633,PR033,1,226.06
2069,T000120,P00806,,8,3791.82
2070,T000137,P01748,PR004,8,159.86
2071,T001823,P01524,PR047,9,3065.49
2072,T003398,P02268,PR044,1,419.91
2073,T001102,P01922,PR036,3,1498.3
2074,T003035,P00222,PR006,10,2477.34
2075,T002905,P02762,PR035,2,653.81
2076,T004129,P02142,PR025,9,3346.36
2077,T003890,P00121,PR022,3,1158.4
2078,T002949,P00759,PR016,2,932.02
2079,T002361,P00079,PR033,8,3289.41
2080,T001593,P01729,PR029,3,795.14
2081,T000112,P01668,PR018,5,283.52
2082,T001959,P00156,PR004,1,110.26
2083,T004968,P01680,,9,2528.86
2084,T002117,P02282,PR014,7,1890.47
2085,T003012,P02317,PR002,6,1446.53
2086,T003653,P02308,PR023,6,1043.03
2087,T003960,P02782,PR046,5,1182.85
2088,T002594,P01404,PR021,4,1270.64
2089,T001709,P02740,PR028,2,306.18
2090,T000738,P00658,PR003,10,3534.8
2091,T004597,P00200,PR036,4,1590.09
2092,T002613,P00089,PR042,9,2162.4
2093,T002029,P00514,PR021,8,2587.04
2094,T001560,P00164,PR021,4,89.22
2095,T003484,P00544,PR013,1,371.8
2096,T002802,P01798,PR005,7,3213.05
2097,T000149,P00641,PR035,10,2893
2098,T003496,P01173,PR039,4,429.6
2099,T002405,P02765,PR035,5,865.88
2100,T003667,P00915,PR007,3,783.82
2101,T001756,P02071,PR033,2,233.34
2102,T002954,P02646,PR004,2,151.87
2103,T003184,P02087,PR019,6,1238.24
2104,T003615,P00093,PR003,8,1152.89
2105,T002069,P02821,PR013,2,679.44
2106,T003686,P01232,PR022,6,2315.15
2107,T003102,P02528,PR007,9,551.92
2108,T001437,P02783,PR022,6,1193.08
2109,T003868,P02518,PR001,6,797.66
2110,T004050,P02580,PR002,2,741.92
2111,T000515,P02683,PR038,2,616.29
2112,T002413,P00948,PR012,6,366.77
2113,T003744,P00383,PR033,8,1903.22
2114,T003916,P01366,PR019,6,2086.36
2115,T002090,P01969,PR044,1,356.74
2116,T003124,P01164,,6,423.28
2117,T000298,P02817,PR038,10,2047.6
2118,T004835,P00547,PR043,3,948.19
2119,T002247,P00116,PR004,8,1531.31
2120,T004220,P02452,PR011,1,90
2121,T001494,P02709,PR009,9,2545.98
2122,T004354,P00998,PR003,4,448.57
2123,T003425,P02935,PR025,5,574.1
2124,T000389,P02209,PR035,5,569.03
2125,T002814,P02797,PR011,3,1260.39
2126,T003421,P01027,,9,4042.54
2127,T001995,P00146,PR035,1,154.62
2128,T004009,P02732,PR021,5,1168.33
2129,T002378,P02426,,4,341.98
2130,T002113,P02958,PR021,2,619.13
2131,T003827,P02134,PR041,5,1975.7
2132,T001718,P00739,PR043,9,4136.35
2133,T000354,P01367,PR005,6,2243.14
2134,T000372,P02655,PR005,4,267.79
2135,T002405,P01782,PR030,2,93.29
2136,T001581,P02790,PR020,2,116.78
2137,T000388,P00359,PR029,3,1156.28
2138,T001164,P00005,PR006,1,430.13
2139,T002911,P01919,PR036,1,426.33
2140,T004906,P01660,PR006,8,1705.36
2141,T002531,P01948,,7,2423.14
2142,T001699,P01652,PR035,7,3214.82
2143,T000668,P01591,PR035,3,533.24
2144,T002007,P02117,PR030,6,2362.02
2145,T001423,P00948,PR006,5,1641.71
2146,T003584,P00949,PR031,3,413.21
2147,T003388,P01583,PR030,6,1515.66
2148,T003381,P00640,PR027,9,3604.31
2149,T002116,P01728,PR013,8,1661.87
2150,T004456,P02975,,7,1486.96
2151,T001482,P01759,PR026,6,1656.11
2152,T001603,P02607,PR030,3,1127.72
2153,T002857,P02343,PR017,9,4257.65
2154,T002372,P01938,PR032,8,3808.26
2155,T000579,P02175,,10,1052.7
2156,T003428,P01566,PR042,7,2868.16
2157,T000367,P00391,PR033,8,1744.53
2158,T001579,P00639,PR001,3,785.27
2159,T003314,P02123,PR003,9,768.71
2160,T002724,P01479,PR025,6,1409.78
2161,T001797,P02862,PR005,10,1502.16
2162,T003277,P02126,PR050,5,2408.98
2163,T001317,P00102,PR025,4,854.54
2164,T001329,P01538,PR043,3,1036.64
2165,T004257,P01112,PR034,3,1291.98
2166,T003675,P01882,,2,889.61
2167,T001230,P00105,PR029,7,968.23
2168,T002708,P02984,PR019,7,701.3
2169,T001552,P02682,PR046,4,59.7
2170,T003553,P00730,,5,2353.49
2171,T002606,P02128,PR016,10,3083.84
2172,T004032,P00397,,6,1174.54
2173,T002397,P02612,,1,76.29
2174,T002746,P02368,PR006,8,2634.73
2175,T001928,P01516,PR048,10,2121.89
2176,T001188,P00298,PR017,5,1382.26
2177,T003081,P02160,PR037,4,75.95
2178,T004082,P01479,PR006,4,389.52
2179,T000262,P02910,PR045,6,744
2180,T001765,P00740,PR035,9,3300.52
2181,T003905,P00532,PR035,5,1992.94
2182,T001111,P01854,,5,1105.3
2183,T001433,P02538,PR024,10,1017.2
2184,T004939,P00129,PR037,8,2032.96
2185,T002290,P00874,PR039,1,200.3
2186,T000433,P01829,,10,3059.1
2187,T002161,P02755,PR032,5,1392.54
2188,T003318,P00232,PR022,5,1139.12
2189,T004234,P01620,PR014,1,497.18
2190,T003950,P00667,,10,1274.43
2191,T004265,P02154,PR005,4,1312.39
2192,T004682,P02453,PR023,9,244.14
2193,T004661,P00207,PR031,6,1248.39
2194,T000404,P00241,,1,94.08
2195,T001519,P01202,,2,141.2
2196,T002521,P01650,,4,1738.4
2197,T003353,P00042,PR004,10,3521.08
2198,T000363,P00571,,4,261.43
2199,T000964,P00074,PR050,10,175.61
2200,T000478,P01315,,7,2523.46
2201,T002988,P02659,PR006,3,650.37
2202,T001506,P00528,PR003,4,942.72
2203,T004264,P00620,PR019,9,380.71
2204,T004996,P01101,PR011,7,1799.94
2205,T001948,P02279,PR023,10,4012.28
2206,T003050,P02836,PR031,5,867.89
2207,T000132,P00293,,4,714.07
2208,T003225,P01200,,7,1123.59
2209,T001403,P02935,PR013,6,2673.51
2210,T004322,P00434,PR024,2,851.06
2211,T000585,P02566,PR012,3,489.18
2212,T004753,P01780,PR045,9,1124.98
2213,T002096,P02572,PR035,6,2938.7
2214,T003905,P00629,PR032,9,2962.64
2215,T002844,P01083,PR037,5,1102.05
2216,T002412,P02268,PR031,8,3370.07
2217,T004687,P02473,PR011,7,153.92
2218,T004570,P02855,PR029,10,4160.57
2219,T000472,P00576,,9,114.89
2220,T001989,P01540,PR039,5,1452.4
2221,T004794,P01596,PR002,6,1249.54
2222,T003114,P01690,PR003,7,1174.16
2223,T004709,P00989,PR006,10,3007.87
2224,T004013,P01817,PR033,4,459.36
2225,T001561,P00185,,8,1009.89
2226,T000342,P00431,PR032,5,1041.25
2227,T004409,P01485,PR023,6,2090.18
2228,T004743,P01748,PR046,3,413.94
2229,T002830,P01263,PR012,7,625.13
2230,T002205,P02615,PR008,6,1313.57
2231,T001734,P00152,PR050,2,140.4
2232,T000252,P01238,PR045,5,465.51
2233,T000733,P02473,PR012,8,2087.74
2234,T004373,P01454,,5,1180.68
2235,T000674,P01877,PR020,1,329.65
2236,T004578,P01437,PR015,9,1054.89
2237,T002089,P01140,,9,1067.17
2238,T002158,P01798,PR020,4,1417.33
2239,T004410,P01249,,1,242.8
2240,T004884,P01832,,10,4468.74
2241,T001674,P01339,PR024,1,328.38
2242,T004309,P02981,PR011,5,2310.07
2243,T002817,P01838,PR013,6,1311.02
2244,T001953,P02463,PR026,7,3105.69
2245,T002856,P00908,PR047,4,1239.53
2246,T003607,P00539,PR022,6,186.75
2247,T004090,P02477,,5,101.53
2248,T003160,P01939,,10,4855.29
2249,T002761,P01489,PR031,7,1983.78
2250,T003695,P02811,,8,808.26
2251,T002022,P02931,PR009,2,403.69
2252,T001888,P02255,,8,2464.4
2253,T004178,P00645,PR041,7,887.64
2254,T003186,P02812,PR001,3,524.22
2255,T004128,P00922,PR017,6,179.77
2256,T000291,P00467,PR012,4,1345.02
2257,T001658,P01338,PR027,6,1439.33
2258,T000527,P02416,PR044,1,87.08
2259,T001061,P01359,PR018,4,618.46
2260,T004823,P01240,PR033,9,2188.81
2261,T001815,P00334,PR019,2,458.77
2262,T002445,P00243,PR045,2,484.42
2263,T001198,P00055,PR034,9,4019.45
2264,T002217,P01442,PR024,6,1950.76
2265,T000098,P00482,PR040,2,850.66
2266,T004580,P01089,PR029,8,525.98
2267,T001953,P01650,PR019,10,4321.55
2268,T003578,P01608,PR002,8,391.12
2269,T001953,P02282,PR002,10,4291.55
2270,T003796,P01570,PR009,7,277.1
2271,T001621,P02837,PR045,2,367.09
2272,T002263,P01582,PR032,5,943.15
2273,T001762,P00471,PR042,9,1844.16
2274,T002068,P01963,PR050,6,2821.73
2275,T000168,P00991,PR019,9,3687.12
2276,T004052,P00514,PR022,1,153.77
2277,T000733,P02832,PR018,6,1063.72
2278,T000298,P01897,PR045,2,316.69
2279,T002205,P01494,PR028,6,1279.63
2280,T001197,P00580,PR035,5,2112.19
2281,T004168,P02724,PR002,9,4054.92
2282,T000327,P01944,PR021,6,2781.3
2283,T000700,P00582,PR024,1,312.6
2284,T003725,P01337,PR049,4,1027.56
2285,T001394,P01364,PR002,4,1838.33
2286,T003381,P01587,,5,726.55
2287,T000610,P02479,,4,863.85
2288,T000994,P01927,PR018,1,465.62
2289,T001474,P02962,PR014,2,793.37
2290,T002368,P02605,PR048,5,1354.07
2291,T001466,P00440,,10,3974.67
2292,T004194,P01359,PR035,7,3382.99
2293,T000854,P00174,PR040,5,782.62
2294,T002711,P00637,PR040,1,494.08
2295,T004430,P02590,PR037,9,2968.28
2296,T004257,P02366,PR014,9,1325.44
2297,T003945,P02097,PR013,7,3258.19
2298,T001645,P00515,PR035,4,621.05
2299,T003838,P02112,PR016,4,951.44
2300,T003946,P01437,PR046,10,2069.63
2301,T001930,P02664,PR033,10,4232.99
2302,T000198,P00385,PR025,5,303.78
2303,T004794,P01317,PR002,6,464.3
2304,T000305,P00388,PR021,8,2868.26
2305,T002209,P00689,PR005,7,1400.14
2306,T004842,P00480,PR034,8,3511.95
2307,T000147,P00372,PR038,9,1514.19
2308,T002324,P02542,PR007,5,872.28
2309,T004264,P01655,PR037,8,378.83
2310,T004765,P02850,PR028,5,2086.5
2311,T002590,P00815,PR010,2,839.31
2312,T003149,P01743,PR047,6,2915.29
2313,T000662,P00739,PR011,6,2285.2
2314,T003445,P02809,PR040,9,2537.5
2315,T000850,P01382,PR033,9,2570.53
2316,T002296,P02608,PR026,2,166.89
2317,T000607,P00423,PR036,1,30.33
2318,T002017,P02259,PR031,3,1104.49
2319,T001286,P02708,PR016,3,738.63
2320,T004451,P01320,PR038,8,3403.43
2321,T002633,P00601,PR018,2,227.27
2322,T004937,P01466,PR023,7,1224.67
2323,T001734,P02448,,6,785.01
2324,T004690,P00019,PR048,7,1197.44
2325,T003981,P02445,,1,406.41
2326,T002370,P02318,PR042,10,2598.73
2327,T003305,P02294,PR010,2,474.31
2328,T000122,P00040,PR018,1,308.03
2329,T002966,P01989,PR026,7,1461.34
2330,T004321,P00007,PR007,6,1880.44
2331,T002111,P01123,PR028,4,1423.15
2332,T004960,P02941,PR050,2,816.95
2333,T000729,P01622,PR032,5,840.16
2334,T001816,P01318,PR049,6,250.41
2335,T000764,P00825,PR001,7,85.05
2336,T002683,P01272,PR023,4,1608.37
2337,T001454,P01918,PR043,8,1751.07
2338,T002554,P01343,,1,402.12
2339,T004302,P02319,,8,2384.56
2340,T002531,P02634,PR047,3,274.17
2341,T001617,P00712,PR047,6,222.71
2342,T001028,P00367,PR050,10,759.12
2343,T004728,P00871,PR008,1,451.51
2344,T004984,P02052,PR003,6,2746.51
2345,T002723,P01434,PR009,10,1740.14
2346,T004277,P01698,PR037,2,97.57
2347,T004872,P02316,PR009,6,2254.73
2348,T002523,P01809,PR040,3,323.49
2349,T001436,P00900,PR021,9,2896.06
2350,T001444,P01024,PR001,3,1382.86
2351,T000856,P02344,PR047,9,2934.07
2352,T003694,P02542,PR017,3,248.67
2353,T000008,P00478,PR037,5,701.37
2354,T002614,P00952,PR043,4,1238.15
2355,T001681,P02282,PR008,2,230.35
2356,T000611,P02785,,8,912.69
2357,T004394,P00371,PR023,4,155.87
2358,T000912,P02962,PR015,3,98.4
2359,T001595,P01406,PR017,3,1239.37
2360,T004660,P00752,PR033,7,337.96
2361,T004126,P01518,PR037,2,474.24
2362,T001508,P00422,PR027,1,238.12
2363,T003972,P02128,PR031,5,297.97
2364,T003757,P02346,PR005,3,1378.02
2365,T002425,P01288,,9,2060.14
2366,T004652,P00835,PR031,8,1678.72
2367,T002458,P02097,PR025,10,4759.73
2368,T004027,P01431,PR024,5,1882.98
2369,T002635,P01563,PR035,9,1923.31
2370,T004916,P00855,PR012,3,1445.98
2371,T003800,P01348,PR039,8,921.49
2372,T000378,P01312,PR023,7,2383.04
2373,T000848,P01751,PR031,7,2361.73
2374,T002099,P00404,PR016,4,1030.83
2375,T001032,P00521,PR021,5,1411.44
2376,T003297,P01333,PR012,9,839.11
2377,T004188,P01700,PR009,9,1314.1
2378,T004603,P02875,PR030,6,2760.18
2379,T003865,P01680,PR028,1,378.48
2380,T003766,P02487,PR043,10,1982.01
2381,T002323,P02455,PR004,1,230.4
2382,T004617,P00322,PR024,1,216.3
2383,T000637,P01266,PR037,4,1413.26
2384,T002157,P02893,PR030,8,2799.1
2385,T004914,P00527,PR027,5,917.18
2386,T000963,P02142,PR002,8,3920.99
2387,T001305,P01612,PR029,1,34.1
2388,T002815,P00198,,5,650.67
2389,T001171,P01419,PR033,1,128.23
2390,T000089,P00407,PR001,1,239.12
2391,T002777,P02975,PR021,4,1814.65
2392,T002732,P02584,,10,255.55
2393,T000669,P01362,PR026,1,104.74
2394,T001000,P00466,PR001,8,1779.89
2395,T001954,P01767,PR028,1,483.42
2396,T001769,P02158,,1,28.5
2397,T002738,P00048,PR050,1,53.46
2398,T003444,P00175,PR048,2,991.02
2399,T001833,P01410,PR048,8,3096.22
2400,T004651,P00309,PR014,7,2318.05
2401,T001588,P00593,PR022,4,1764.5
2402,T002569,P02375,,10,742.01
2403,T003840,P00891,PR047,5,2272.83
2404,T003279,P01411,PR023,8,3781.43
2405,T001233,P02660,PR003,1,343.56
2406,T001092,P01389,PR009,2,311.4
2407,T004120,P02758,PR022,3,750.21
2408,T003644,P02767,PR016,10,1638.25
2409,T002045,P02713,PR019,5,499.57
2410,T002067,P01012,PR035,8,505.5
2411,T000844,P00373,PR031,6,1310.86
2412,T000244,P01920,PR035,8,2643.96
2413,T004538,P00489,PR005,8,3357.31
2414,T002875,P00652,PR026,4,1145.82
2415,T000496,P00239,PR043,4,732.08
2416,T000749,P01669,PR033,4,996.7
2417,T001914,P02876,PR015,9,2246.5
2418,T004773,P01503,PR036,10,2007.48
2419,T001168,P02036,PR022,10,4490.18
2420,T002846,P02823,,3,702.1
2421,T002643,P02084,,5,481.94
2422,T002509,P02669,PR042,2,83.19
2423,T002669,P00851,PR020,5,1063.6
2424,T000024,P02145,PR011,10,3951.28
2425,T004867,P01896,PR046,7,1104.75
2426,T002817,P01778,PR011,5,1782.45
2427,T004973,P00893,PR009,10,4437.12
2428,T004771,P02604,PR009,5,1637.93
2429,T001848,P01591,PR033,3,947.89
2430,T003769,P00789,PR034,3,944.43
2431,T003846,P02302,PR014,3,970.16
2432,T001286,P02527,PR039,6,1651.09
2433,T001354,P02326,PR012,6,490.1
2434,T001549,P00458,PR010,3,136.83
2435,T000284,P00060,PR014,10,3214.21
2436,T004394,P00680,,1,227.93
2437,T002393,P01296,PR007,6,62.15
2438,T002977,P00335,PR012,1,289.21
2439,T001102,P02665,,9,1467.8
2440,T004107,P02488,PR022,5,1847.47
2441,T003890,P02856,,10,2691.19
2442,T004708,P01795,PR043,7,3075.28
2443,T000192,P00466,PR029,6,2725.84
2444,T001635,P00489,PR014,2,983.95
2445,T002369,P02730,PR038,4,827.98
2446,T000948,P01884,PR010,4,532.57
2447,T001291,P00815,PR009,6,423.96
2448,T004086,P01321,PR043,7,948.35
2449,T001820,P00681,PR036,10,2190.89
2450,T001598,P00059,PR043,2,233.5
2451,T002047,P00992,PR034,6,2516.7
2452,T001507,P01773,PR010,1,204.66
2453,T003514,P00042,PR027,9,2282.9
2454,T002309,P01655,PR015,9,4205.73
2455,T003444,P01610,PR018,3,335.44
2456,T003023,P01796,PR008,7,1953.7
2457,T001500,P00821,PR026,9,2755.46
2458,T004787,P02211,PR016,5,2079.04
2459,T003471,P02115,PR024,1,387.3
2460,T003631,P01923,,5,1203.26
2461,T004111,P02181,PR010,5,1099.3
2462,T000734,P02988,PR039,7,301.22
2463,T003060,P02309,PR026,4,1002.66
2464,T003143,P00240,PR040,7,1778.75
2465,T001158,P00502,,4,923.9
2466,T002184,P01930,PR013,6,359.29
2467,T000158,P02916,PR010,4,1452.76
2468,T000906,P01364,PR016,1,340.59
2469,T003944,P01701,,3,961.81
2470,T002237,P01593,PR003,2,147.16
2471,T002032,P00163,,4,1442.01
2472,T004545,P00172,PR033,4,1459.63
2473,T004766,P00078,,9,547.07
2474,T003128,P02036,PR042,10,2691.87
2475,T003854,P00540,PR037,7,2204.2
2476,T004066,P00183,PR030,5,1223.92
2477,T002799,P00287,,9,3146.26
2478,T001879,P00178,PR034,1,481
2479,T000485,P00677,,9,3268.43
2480,T004288,P00078,PR029,4,1852.64
2481,T004985,P02188,PR001,4,747.1
2482,T000627,P02818,,9,1531.61
2483,T002875,P00765,,1,412.75
2484,T001568,P00408,PR017,2,292.26
2485,T004371,P02275,PR041,8,1538.3
2486,T003773,P00676,PR042,6,1533.16
2487,T002361,P02750,PR027,1,195.28
2488,T000703,P02732,PR013,1,28
2489,T004560,P00487,PR003,8,2697.35
2490,T003708,P02015,PR024,4,407.14
2491,T001913,P00147,PR047,10,1537.75
2492,T000421,P02233,PR050,5,1188.76
2493,T000171,P00665,PR048,3,1418.39
2494,T003614,P01121,PR027,2,599.26
2495,T001128,P02700,PR011,5,1345.08
2496,T001735,P00145,PR002,9,92.11
2497,T001925,P02399,PR050,8,228.37
2498,T003896,P00951,PR028,8,291.82
2499,T000623,P01141,PR016,6,441.78
2500,T001559,P02624,PR001,10,4080.71
2501,T000939,P01940,PR046,2,497.99
2502,T001061,P02464,PR006,1,16.76
2503,T002777,P02422,PR047,3,532.47
2504,T003914,P01933,PR042,9,3447.9
2505,T003993,P02117,PR031,8,2402.11
2506,T000708,P01845,PR018,10,2445.23
2507,T002506,P01388,PR011,4,1511.94
2508,T000568,P00913,PR027,5,435.8
2509,T000942,P00854,PR014,10,2439.53
2510,T004437,P00360,,7,535.03
2511,T002560,P00511,PR017,5,2305.82
2512,T002067,P00776,PR003,1,333.95
2513,T004374,P02386,PR043,10,716.41
2514,T004530,P00042,PR009,3,890.92
2515,T002824,P01355,PR021,8,1639.09
2516,T002027,P00887,PR010,2,950.06
2517,T004520,P02799,PR032,2,755.12
2518,T002359,P01759,PR045,6,758.18
2519,T002428,P02497,PR019,7,2091.2
2520,T001448,P00979,PR022,7,1557.64
2521,T002473,P00208,PR031,4,738.76
2522,T001326,P00045,PR003,7,2934.06
2523,T004176,P00040,PR039,2,890.99
2524,T001124,P01969,PR006,7,1858.93
2525,T004132,P00523,PR014,7,1751.94
2526,T003409,P02245,,6,177.07
2527,T002201,P02322,PR013,4,812.86
2528,T002602,P01180,PR003,1,285.39
2529,T004632,P02057,PR025,1,390.95
2530,T000352,P01624,PR039,2,582.21
2531,T003281,P02416,,8,2795.82
2532,T003928,P01689,PR032,6,1750.28
2533,T000122,P00755,PR047,2,754.49
2534,T001852,P01879,PR033,2,603.08
2535,T002511,P01300,PR010,7,2481.44
2536,T001604,P02879,PR036,4,59.34
2537,T000092,P01327,PR035,6,1462.32
2538,T001018,P00579,PR048,10,2259.97
2539,T003365,P02084,PR020,3,37.3
2540,T001204,P02118,PR002,2,851.23
2541,T000490,P02411,PR032,9,3085.28
2542,T003253,P01172,PR024,2,797.13
2543,T000252,P00742,PR008,3,1383.25
2544,T004735,P00692,PR035,5,1359.59
2545,T001018,P01902,,5,2381.13
2546,T001306,P02398,,3,629.18
2547,T004349,P02825,PR042,1,337.02
2548,T001671,P00982,PR013,10,4426.63
2549,T001131,P00540,PR015,7,444.59
2550,T000738,P02241,PR005,2,186.06
2551,T002016,P00787,,6,825.59
2552,T003260,P01930,PR050,1,355.68
2553,T003100,P02804,PR006,8,1788.87
2554,T004417,P00645,PR047,1,216.26
2555,T001901,P02441,PR050,10,4926.98
2556,T004943,P01648,,4,985.24
2557,T002066,P01209,PR008,7,972.76
2558,T001986,P02294,PR003,6,763.98
2559,T004461,P00036,PR018,2,551.55
2560,T001476,P02769,,1,304.66
2561,T002753,P00344,PR035,1,79.92
2562,T002246,P02999,PR029,1,349.93
2563,T002566,P01564,PR035,9,3045.65
2564,T003673,P02079,PR047,4,709.1
2565,T001124,P02717,PR006,7,2380.11
2566,T001334,P02404,PR024,5,1540.45
2567,T002672,P01915,PR018,3,659.85
2568,T002811,P02596,PR033,10,2800.66
2569,T003277,P02433,PR007,2,623.92
2570,T000485,P02941,PR047,7,554.74
2571,T000496,P00950,PR048,8,1576.68
2572,T000548,P00227,,4,1641.93
2573,T000167,P00812,PR011,9,2746.57
2574,T001577,P02751,PR016,1,184.31
2575,T003434,P02557,PR041,7,1078.01
2576,T001493,P00332,PR021,9,3026.93
2577,T003588,P02823,PR012,10,2010.65
2578,T003657,P02571,PR011,4,1478.58
2579,T000276,P02416,PR016,8,1609.89
2580,T002507,P02416,PR020,9,209.33
2581,T002565,P02788,PR009,1,314.23
2582,T001600,P02218,PR032,5,1809.29
2583,T001931,P02123,PR041,8,3475.04
2584,T003219,P00059,PR005,1,251.48
2585,T003427,P02120,,4,757.53
2586,T003989,P01711,PR038,1,300.19
2587,T002871,P01403,PR039,9,935.4
2588,T003246,P02413,PR038,6,748.57
2589,T004481,P01628,PR007,2,776.34
2590,T004965,P02929,PR019,6,550.67
2591,T001323,P01010,PR012,3,1116.39
2592,T001821,P02451,PR021,8,909.98
2593,T000965,P02439,PR028,9,836.14
2594,T003069,P01434,PR047,4,41.69
2595,T003976,P00367,PR009,1,169.94
2596,T000302,P02035,,6,1217.59
2597,T002724,P00452,PR033,1,427.13
2598,T002956,P01373,PR038,4,148.98
2599,T003728,P02762,PR024,9,1834.47
2600,T002330,P02302,PR037,1,220.03
2601,T001323,P00540,PR049,5,775.86
2602,T000131,P00885,PR010,1,75.55
2603,T001048,P00493,PR046,6,2986.69
2604,T002688,P02198,PR032,2,549.9
2605,T004192,P00082,PR020,10,323.99
2606,T004641,P02437,PR004,4,255.25
2607,T001107,P00464,PR009,2,858.34
2608,T001832,P00161,PR003,4,1661.87
2609,T002200,P02728,,9,1924.31
2610,T002350,P01510,,9,3760.27
2611,T000484,P02648,PR029,3,289.02
2612,T002143,P00350,PR004,3,651.5
2613,T000678,P02252,PR041,4,618.27
2614,T001856,P00445,PR049,5,1702.38
2615,T003924,P00774,PR027,10,3421.3
2616,T002124,P02978,,3,1376.19
2617,T004057,P01252,PR040,1,214.48
2618,T003632,P00060,PR002,8,138.58
2619,T001833,P00982,PR018,3,107.13
2620,T001912,P01830,PR049,8,704.45
2621,T003565,P02817,PR029,4,374.09
2622,T000378,P01735,PR008,4,1760.37
2623,T003424,P02637,PR050,6,2194.6
2624,T002551,P00523,PR006,5,781.93
2625,T003012,P02326,PR004,8,3362.11
2626,T004502,P02076,PR032,4,809.66
2627,T002406,P01122,PR022,1,289.27
2628,T002427,P00342,PR049,1,65.08
2629,T000397,P02205,PR035,7,141.76
2630,T001861,P02405,PR011,9,3476.63
2631,T000308,P00341,PR039,1,426.12
2632,T004741,P02677,PR021,7,1247.25
2633,T004932,P02608,PR040,10,1183.9
2634,T000899,P01894,PR011,8,2996.79
2635,T004912,P01367,PR029,10,2437.85
2636,T001768,P02080,PR050,4,531.98
2637,T001685,P02134,PR007,7,3257.87
2638,T004571,P02993,PR021,3,285.61
2639,T002482,P00357,PR049,1,340.06
2640,T004454,P01918,PR001,8,414.34
2641,T004219,P02657,PR006,7,1362.3
2642,T004850,P01763,PR037,3,1357.79
2643,T000568,P01132,,8,3044.44
2644,T002322,P00831,PR045,2,137.77
2645,T001350,P02225,,7,1025.54
2646,T003382,P01743,PR005,3,119.88
2647,T003094,P00953,PR039,7,2760.09
2648,T001252,P02528,PR027,4,755.92
2649,T000790,P02776,PR037,5,451.82
2650,T001884,P02347,PR029,10,4628.45
2651,T003290,P01949,PR020,2,919.79
2652,T001424,P01802,PR014,1,362.44
2653,T004563,P01629,PR032,8,3015.56
2654,T002511,P02698,,7,2474.99
2655,T001816,P01272,PR045,1,431.44
2656,T000372,P02959,PR049,5,57.96
2657,T001681,P00969,PR013,10,4967.03
2658,T003252,P02854,PR003,10,4961.98
2659,T003076,P01828,,1,495.03
2660,T001399,P02325,PR012,1,399.31
2661,T004976,P02661,PR047,6,1768.83
2662,T002148,P02441,,10,2909.49
2663,T004222,P02614,,4,1150.27
2664,T002537,P02437,PR021,3,712.01
2665,T001608,P00244,PR029,2,86.71
2666,T002936,P00419,PR048,1,401.18
2667,T004165,P02342,PR045,9,3029.48
2668,T004204,P02255,,10,1976.38
2669,T000894,P01897,PR039,3,437.39
2670,T002695,P02619,PR013,10,1633.64
2671,T003419,P02538,PR030,4,297.15
2672,T003076,P00601,PR047,7,1975.16
2673,T004837,P01611,PR007,3,787.06
2674,T002180,P00226,PR039,9,1080.96
2675,T000358,P01099,PR045,7,814.64
2676,T002067,P01179,PR003,6,2323.38
2677,T000889,P01685,PR049,7,716.24
2678,T000568,P02273,PR031,10,2580.35
2679,T000074,P02817,PR045,10,4797.67
2680,T000124,P00634,PR020,5,1377.79
2681,T002900,P01419,PR028,2,117.36
2682,T000823,P02691,PR023,8,1657.52
2683,T001739,P00353,PR019,1,359.27
2684,T001256,P01110,PR013,1,125.4
2685,T004964,P02099,,7,387.8
2686,T002248,P00987,PR043,8,191.15
2687,T002231,P02530,PR012,4,1094.96
2688,T000155,P00181,PR032,2,195.81
2689,T001516,P00833,PR035,2,96.74
2690,T002558,P02926,PR048,6,1617.2
2691,T004346,P00495,PR047,4,684.99
2692,T003339,P02796,PR010,2,164.84
2693,T002590,P00379,PR019,10,3936.67
2694,T002095,P01723,PR036,10,1828.52
2695,T003334,P02600,PR036,1,153.79
2696,T001963,P02010,PR047,3,389.93
2697,T001491,P02681,PR049,9,1536.82
2698,T002537,P01385,PR049,1,484.75
2699,T000264,P02778,PR012,10,3963.26
2700,T003717,P00166,PR028,5,778.79
2701,T004536,P02003,PR004,4,251.57
2702,T003542,P00577,PR003,9,2903.47
2703,T001740,P00861,PR023,7,1819.71
2704,T004952,P02173,PR029,8,2436.75
2705,T001476,P02747,PR035,10,1444.66
2706,T002053,P02316,PR032,5,1143.79
2707,T004968,P01535,PR036,1,132.48
2708,T004206,P02278,,7,2070.52
2709,T002123,P01064,PR038,5,254.74
2710,T003084,P02065,PR047,10,3808.59
2711,T002035,P00577,PR044,10,2460.39
2712,T001545,P00517,PR031,3,376.85
2713,T000704,P01339,,7,1908.11
2714,T003328,P02149,PR015,6,2038.6
2715,T004147,P02606,PR010,10,3091.84
2716,T001529,P00856,PR005,4,1799.29
2717,T001655,P02531,PR022,2,452.17
2718,T002575,P00698,PR039,7,1580.44
2719,T001241,P02561,PR049,10,1255.11
2720,T003165,P02377,PR038,3,1305.26
2721,T001337,P00264,PR011,1,217.51
2722,T004419,P02542,PR005,6,1697.25
2723,T004115,P00848,PR011,8,2797.61
2724,T003320,P00210,PR046,8,2692.49
2725,T001893,P01175,PR026,9,599.15
2726,T002382,P00230,PR037,5,1496.35
2727,T000907,P01185,PR037,10,2398.73
2728,T003105,P01569,PR035,5,301.21
2729,T001773,P02792,PR042,9,4095.12
2730,T000788,P02681,PR019,2,90.05
2731,T002054,P02437,PR022,9,1646.57
2732,T004062,P01454,PR010,7,3135.84
2733,T003891,P01057,PR040,1,498.43
2734,T001044,P01888,PR004,6,906.79
2735,T003647,P00716,PR029,9,320.21
2736,T001870,P01412,PR043,5,2162.12
2737,T002553,P02685,PR030,4,648.28
2738,T000620,P00785,PR036,6,1856.56
2739,T001199,P00078,PR035,1,390.04
2740,T002863,P01086,PR044,10,1458.15
2741,T001778,P00647,PR030,4,1541.6
2742,T001620,P02782,PR041,5,736.04
2743,T002729,P00919,PR041,9,1746.22
2744,T002802,P00633,PR036,5,1087.29
2745,T002889,P02601,PR048,4,1947.12
2746,T003231,P01076,PR043,2,366.27
2747,T003798,P00422,PR041,3,1163.87
2748,T004743,P00708,PR041,2,893.35
2749,T002387,P00210,PR039,1,389.73
2750,T001721,P00783,PR018,2,382.69
2751,T003470,P02041,PR001,1,51.68
2752,T002702,P01719,,2,618.12
2753,T000216,P01547,PR018,3,1279.13
2754,T000453,P00989,PR009,10,2011.52
2755,T003796,P00455,PR026,9,798.87
2756,T002286,P01674,PR019,2,627.63
2757,T002250,P01949,,5,1434.63
2758,T004499,P02430,PR015,8,688.01
2759,T002164,P00267,PR003,8,1238.15
2760,T000734,P02131,PR018,3,899.55
2761,T001959,P02357,PR006,8,1028.14
2762,T001698,P02699,PR005,1,173.05
2763,T004626,P00588,PR013,3,923.72
2764,T001571,P01259,,2,401.26
2765,T001371,P00159,PR021,2,162.28
2766,T004991,P02306,PR050,8,2965.63
2767,T001743,P00090,PR042,6,1742.78
2768,T003189,P01565,PR036,6,2813.35
2769,T003520,P00306,PR038,6,2753.17
2770,T002029,P02155,PR048,8,3575.09
2771,T004105,P02408,PR022,3,1335.07
2772,T003882,P00470,,2,342.55
2773,T000351,P01532,PR020,9,2116.56
2774,T002654,P02781,PR039,4,1680.08
2775,T002866,P01962,PR023,4,1985.87
2776,T002566,P01441,,5,1297.67
2777,T003984,P01760,PR033,9,1158.41
2778,T003358,P01794,PR032,1,128.34
2779,T000323,P02832,PR020,8,2032.18
2780,T004013,P00906,PR040,4,1145.04
2781,T001796,P02645,PR026,10,525.86
2782,T000372,P02042,PR020,5,2382.01
2783,T000359,P00099,,6,1407.21
2784,T001791,P01928,PR044,9,102.57
2785,T002001,P01653,PR045,2,994.34
2786,T003960,P01251,PR042,1,388.37
2787,T002222,P00488,PR044,9,2600.96
2788,T002538,P02070,PR018,1,259.65
2789,T001986,P02963,PR023,7,1355.59
2790,T003928,P02664,PR022,9,4301.28
2791,T002494,P02314,,6,2388.56
2792,T004455,P00033,PR049,4,1417.5
2793,T001789,P00918,,4,891.88
2794,T004845,P01585,PR006,9,2023.77
2795,T001085,P02718,PR019,1,318.64
2796,T003902,P00496,PR016,9,1455.88
2797,T004800,P01667,PR015,10,1019.89
2798,T003349,P00128,PR018,7,2211.81
2799,T002022,P00112,,2,871.51
2800,T003749,P01406,PR006,8,1756.34
2801,T000300,P00685,PR037,7,275.95
2802,T001075,P02333,PR019,7,320.72
2803,T004335,P02814,PR034,9,4188.15
2804,T002620,P02049,PR043,3,51.47
2805,T002601,P00834,PR039,4,1294.63
2806,T001622,P00021,PR037,1,93.04
2807,T001832,P02004,PR022,10,3061.64
2808,T001448,P01499,PR020,4,1562.3
2809,T004799,P02955,,3,569.8
2810,T001856,P00920,PR041,2,365.42
2811,T001550,P01635,PR019,7,2776.92
2812,T003120,P01453,PR023,3,375.5
2813,T000060,P01031,PR027,3,184.06
2814,T002161,P02288,PR019,5,845.82
2815,T004591,P00322,,4,1424.6
2816,T004750,P01498,PR040,3,400.78
2817,T002101,P01160,PR030,8,1649.44
2818,T002189,P01648,PR043,5,1067.28
2819,T001634,P01808,PR029,5,1070.43
2820,T004045,P01026,PR025,6,959.82
2821,T002738,P01777,PR023,10,4173.61
2822,T000374,P01778,PR013,3,1146.59
2823,T000054,P02341,PR029,6,1474
2824,T003814,P02705,PR003,8,1997.61
2825,T004675,P02500,PR040,1,19.15
2826,T004666,P00223,,6,2185.75
2827,T000138,P00007,PR021,9,2311.42
2828,T003442,P01280,PR006,2,746.66
2829,T000548,P00926,PR029,3,58.13
2830,T001154,P01093,PR017,2,869.86
2831,T003050,P00047,PR023,8,2958.53
2832,T000682,P02854,PR038,8,973.67
2833,T003192,P01800,PR050,10,2604.12
2834,T002612,P00174,PR028,7,688.78
2835,T004387,P02776,PR037,2,926.44
2836,T002936,P02327,PR022,7,548.23
2837,T004654,P01032,PR008,2,453.71
2838,T000310,P02259,PR036,3,176.35
2839,T002011,P00573,PR050,3,1329.78
2840,T001224,P00933,,9,669.98
2841,T004087,P00725,PR007,8,495.05
2842,T004998,P00387,,3,284.94
2843,T003502,P02389,PR038,4,650.35
2844,T003287,P00382,PR046,9,2872.15
2845,T003195,P01685,,4,1196.99
2846,T000629,P00096,,9,1372.26
2847,T004245,P02667,PR015,5,127.28
2848,T000455,P01217,PR049,8,3576.43
2849,T002567,P02951,PR037,7,1118.37
2850,T000886,P02825,PR042,8,756.07
2851,T002300,P00459,PR029,4,463.58
2852,T004263,P02466,PR005,5,1085.9
2853,T000629,P01349,PR022,10,4392.66
2854,T001692,P01888,,5,1108.85
2855,T001464,P00492,PR037,3,499.76
2856,T001568,P01280,PR024,8,1900.27
2857,T001166,P02981,PR044,8,3103.5
2858,T002220,P00238,PR034,3,181.55
2859,T001835,P01838,PR033,7,2124.43
2860,T003417,P02590,PR043,2,661.05
2861,T002877,P00265,PR046,4,752.24
2862,T001790,P02032,PR020,1,399.82
2863,T001803,P00913,,10,2893.89
2864,T002222,P00033,PR017,7,2786.07
2865,T002109,P01002,PR031,6,976.11
2866,T004804,P00617,PR002,10,3274.9
2867,T002774,P02852,PR032,6,2357.59
2868,T004059,P01945,PR047,2,694.6
2869,T002843,P00347,PR028,8,2349.38
2870,T001216,P01142,,1,217.15
2871,T004272,P02678,PR003,6,915.96
2872,T002451,P02191,PR013,2,875.14
2873,T001296,P02688,PR014,10,2988.35
2874,T000336,P00607,PR007,7,208.22
2875,T001028,P01310,PR016,7,842.38
2876,T004388,P02663,PR029,7,1311.45
2877,T001785,P01594,PR015,5,503.12
2878,T000890,P01496,PR030,1,50.85
2879,T000536,P00011,PR044,2,394.47
2880,T002746,P02312,PR044,1,405.75
2881,T002899,P00070,PR027,1,108.66
2882,T004645,P02851,PR035,3,1361.72
2883,T001846,P00097,PR017,9,4460.93
2884,T002649,P00848,PR014,6,419.01
2885,T001774,P00998,PR047,1,21.63
2886,T000892,P01190,PR003,5,1444.24
2887,T003921,P02553,PR035,7,2543.13
2888,T002407,P02741,PR027,10,4925.71
2889,T000608,P00978,PR014,5,310.34
2890,T003444,P02100,PR016,5,393.34
2891,T001308,P00237,PR049,6,900.69
2892,T003677,P01215,PR043,7,1823.95
2893,T003344,P01765,PR030,10,1737.2
2894,T003098,P00852,PR043,10,658.19
2895,T000925,P00900,PR043,9,3647.63
2896,T002266,P00471,PR027,4,834.56
2897,T002877,P01647,PR011,6,1859.33
2898,T003268,P02306,PR016,10,4291.63
2899,T004769,P02323,PR032,2,727.92
2900,T004881,P01910,PR019,6,2244.59
2901,T001803,P02068,,7,190.61
2902,T001632,P02608,PR003,8,720.1
2903,T000266,P02257,PR034,1,340.92
2904,T001632,P01008,PR050,10,3490.16
2905,T000459,P01836,PR024,6,198.15
2906,T001677,P01318,,7,2112.31
2907,T001415,P02692,PR037,3,1437.08
2908,T001137,P02303,PR018,8,1956.85
2909,T002467,P02362,PR041,8,2133.28
2910,T004184,P00273,PR008,10,4941.67
2911,T002857,P00149,PR016,6,2014.7
2912,T004024,P00258,PR041,3,121.82
2913,T004837,P02092,,1,416.26
2914,T004913,P02030,PR040,2,868.23
2915,T000783,P01872,PR008,9,4122.43
2916,T000519,P01355,PR009,5,791.74
2917,T000607,P00393,PR039,8,1155.52
2918,T000297,P02533,PR015,9,3169.43
2919,T000808,P02822,PR009,9,3719.79
2920,T000213,P00816,PR030,8,3264.48
2921,T002345,P01951,PR024,1,411.92
2922,T000310,P01742,PR047,10,4781.14
2923,T001914,P00336,PR011,2,484.39
2924,T003117,P02609,PR029,3,403.69
2925,T002142,P00320,PR027,7,3155.12
2926,T001500,P00823,PR030,10,1240.81
2927,T004411,P00431,PR031,1,98.68
2928,T002482,P01771,PR001,6,1438.81
2929,T000410,P01718,PR007,4,444
2930,T001477,P02850,PR038,8,2284.09
2931,T002723,P02233,PR015,8,2291
2932,T000599,P02852,PR034,5,243.67
2933,T004297,P01808,PR003,1,18.49
2934,T002863,P00109,PR028,1,102.49
2935,T001706,P00696,PR015,10,3539.66
2936,T004540,P00655,PR010,8,1408.79
2937,T003135,P02885,,2,147.34
2938,T002955,P01867,PR033,5,803.66
2939,T002358,P00680,PR016,8,2832.83
2940,T000370,P02332,PR037,4,503.88
2941,T000458,P01825,PR010,10,4002.64
2942,T001170,P00255,PR027,6,340.98
2943,T002291,P02220,PR025,7,2694
2944,T003010,P01717,PR030,7,2206.93
2945,T003232,P00611,PR042,4,115.19
2946,T003085,P01675,,8,3606.48
2947,T001670,P00551,PR009,2,454.17
2948,T001329,P01413,PR024,3,891.66
2949,T002464,P00498,PR013,2,257.48
2950,T002707,P01044,PR006,6,319.83
2951,T003978,P00520,PR003,5,1074.61
2952,T004050,P00571,PR001,9,1832.62
2953,T001775,P01306,PR033,7,672.56
2954,T000222,P01475,PR002,1,61.22
2955,T001448,P00029,PR003,9,118.38
2956,T004561,P02499,PR032,3,472.5
2957,T002629,P00228,PR027,1,280.42
2958,T001659,P00417,PR023,6,1753.59
2959,T001540,P01135,,3,378.76
2960,T003932,P01067,PR019,3,822.19
2961,T000167,P00986,PR043,1,219.24
2962,T000399,P00804,PR041,4,925.39
2963,T001467,P00162,PR020,6,1742.81
2964,T002392,P02226,PR045,5,1837.78
2965,T004252,P01058,PR048,2,353.98
2966,T000370,P00492,PR003,8,1870.41
2967,T004187,P01332,PR029,8,1344.48
2968,T003715,P02815,PR036,5,784.47
2969,T004655,P02557,,8,1092.67
2970,T001742,P02913,PR050,9,3888.46
2971,T001045,P01088,,8,3585.24
2972,T002662,P02928,,3,640.92
2973,T001713,P01786,PR009,10,3048.72
2974,T002459,P02493,PR039,5,826.29
2975,T001525,P01622,PR012,10,2333.78
2976,T003136,P00917,PR031,9,4466.83
2977,T000567,P01627,PR012,2,625.52
2978,T002554,P01490,PR030,9,775.13
2979,T003473,P00306,PR031,10,1391.01
2980,T001171,P01526,,6,1574.92
2981,T003099,P01059,PR044,2,524.99
2982,T003894,P00521,PR004,7,1995
2983,T002060,P00635,PR031,6,1549.8
2984,T004834,P00952,PR006,7,1879.67
2985,T000273,P00960,,9,1276.56
2986,T003400,P01299,PR018,5,454.2
2987,T000679,P02163,PR045,6,1708.96
2988,T000837,P01053,PR038,10,983.16
2989,T001929,P01705,,4,1386.64
2990,T001131,P00205,PR041,2,100.22
2991,T002372,P01924,PR013,10,2536.38
2992,T003064,P01289,,7,1715.84
2993,T004513,P01522,PR016,2,460.52
2994,T004153,P02406,PR046,6,2653.13
2995,T003371,P00007,PR021,9,2889.19
2996,T004356,P00348,PR048,3,196.67
2997,T002520,P02115,PR050,5,2011.6
2998,T004286,P00722,PR030,7,3048.5
2999,T003541,P01587,PR025,6,920.96
3000,T003951,P01405,,3,969.98
3001,T000147,P02272,PR043,6,2799.95
3002,T003191,P00281,PR032,8,473.7
3003,T004871,P01600,PR006,6,1962.35
3004,T000421,P00038,PR013,3,108.57
3005,T003025,P00416,PR040,6,291.26
3006,T002693,P00212,PR017,4,1733.89
3007,T000887,P01544,PR016,6,2743.03
3008,T000430,P00354,PR014,6,1156.8
3009,T004713,P01921,PR027,7,1122.06
3010,T004330,P00038,PR033,8,1257.78
3011,T001695,P01535,PR018,7,2896.9
3012,T001833,P01678,PR005,5,2158.42
3013,T000376,P00517,PR011,1,273.31
3014,T002190,P02082,PR041,3,897.68
3015,T001228,P02127,PR032,6,1513.28
3016,T001845,P00519,PR002,10,734.38
3017,T001501,P01515,PR025,3,73.44
3018,T003986,P02890,PR035,8,2548
3019,T000806,P02690,PR007,3,1129.74
3020,T002088,P01492,PR006,8,3768.59
3021,T004954,P01612,PR035,4,588.11
3022,T000733,P00193,PR033,4,1351.61
3023,T000184,P02190,PR021,5,670.84
3024,T002037,P01087,PR050,2,725.29
3025,T003483,P00114,PR021,7,1225.21
3026,T001417,P01122,PR014,10,4099.86
3027,T000259,P01789,PR035,5,1419.09
3028,T001149,P00637,PR022,2,880.7
3029,T001623,P00926,PR026,10,4638.24
3030,T003969,P00399,PR006,4,608.84
3031,T001034,P02467,,4,1892.4
3032,T000241,P01382,PR050,2,241.11
3033,T004715,P00675,PR029,10,3542.77
3034,T003824,P02797,PR023,7,1175.01
3035,T000044,P02947,PR005,1,137.83
3036,T002817,P02501,PR027,6,2096.06
3037,T001912,P01639,PR014,5,1207.42
3038,T001125,P01964,,3,840.93
3039,T001594,P01877,PR044,4,612.4
3040,T002123,P01357,PR007,3,792.15
3041,T002402,P00976,,2,535.54
3042,T002687,P00298,PR028,1,419.74
3043,T001836,P02335,PR001,5,1799.14
3044,T003452,P01187,PR026,5,740.92
3045,T004951,P02731,PR040,3,156.31
3046,T003628,P01442,PR016,8,460.8
3047,T001275,P02261,PR031,10,2291.18
3048,T004879,P00167,PR050,7,569.16
3049,T000526,P01558,PR005,7,1331.8
3050,T003644,P01476,PR044,3,1379.6
3051,T002950,P00586,PR018,6,245.75
3052,T002082,P00108,PR039,9,3332.74
3053,T000866,P01217,PR044,8,1449.8
3054,T003436,P00497,PR014,4,223.65
3055,T002059,P01636,PR012,2,834.31
3056,T004608,P00839,PR034,1,20.13
3057,T004280,P02693,PR040,6,1260.98
3058,T003055,P00325,PR047,3,453.34
3059,T003878,P00103,,1,348.08
3060,T003259,P01444,PR044,7,3213.14
3061,T002318,P00386,PR040,10,1430.91
3062,T001722,P01313,PR015,10,1915.97
3063,T004736,P00652,PR003,5,709.28
3064,T004258,P01186,PR032,4,734.8
3065,T000315,P01565,PR017,4,1996.47
3066,T003692,P01984,PR042,2,840.56
3067,T001823,P00109,PR001,4,621.56
3068,T004314,P00768,PR026,1,483.76
3069,T002930,P01661,PR007,1,44.37
3070,T004410,P01332,PR040,6,474.35
3071,T003992,P00077,PR034,4,326
3072,T002592,P00090,PR040,9,199.99
3073,T002551,P00685,,4,64.69
3074,T001037,P02488,PR047,10,4510.11
3075,T000138,P02187,PR030,7,2304.47
3076,T000005,P02629,PR048,5,1629.2
3077,T004810,P02023,PR022,3,185.07
3078,T001789,P00233,PR006,8,2481.01
3079,T004750,P01133,PR013,6,324.36
3080,T000534,P01096,PR042,2,997.96
3081,T001403,P02481,PR015,7,2724.81
3082,T000463,P01818,PR038,9,3999.12
3083,T002498,P01660,PR016,2,731.57
3084,T000281,P02432,PR017,6,1588.61
3085,T000771,P02822,PR038,1,99.05
3086,T000194,P01336,PR011,3,1297.29
3087,T000461,P01908,PR003,5,2010.87
3088,T004492,P02913,PR042,10,1207.98
3089,T003626,P02670,PR037,8,2546.28
3090,T003400,P01084,,10,712.38
3091,T002826,P01174,PR013,3,558.45
3092,T003285,P02812,PR027,10,3594.46
3093,T003639,P01943,PR019,8,207.58
3094,T000374,P01813,PR001,9,2009.39
3095,T002286,P02550,PR017,10,284.54
3096,T004563,P01571,PR041,8,2306.12
3097,T003740,P00485,,2,720.06
3098,T002217,P02604,PR018,6,155.5
3099,T002447,P02655,PR025,1,141.66
3100,T003871,P02304,PR020,4,1827.56
3101,T001367,P02232,,1,24.3
3102,T000468,P00329,PR007,5,268.78
3103,T003503,P00992,,8,1316.42
3104,T000042,P00463,PR030,4,1901.54
3105,T003916,P01612,PR022,8,2784.58
3106,T003559,P01903,PR045,6,157.29
3107,T004378,P01819,PR006,4,673.5
3108,T003407,P01439,PR022,7,1540.52
3109,T002956,P01665,PR038,3,1472.13
3110,T003848,P00889,PR050,3,170.53
3111,T000324,P00257,,4,1560.93
3112,T002239,P02894,PR025,2,337.54
3113,T003397,P01304,PR035,6,1973.38
3114,T000324,P02575,PR007,4,1881.03
3115,T003460,P02284,PR021,5,1915.83
3116,T001631,P02346,PR035,6,2464.59
3117,T000063,P01947,PR048,10,1200.47
3118,T004726,P02702,PR022,5,1839.83
3119,T001185,P02119,PR017,8,1216.09
3120,T002165,P02631,PR022,8,1794.39
3121,T000453,P02091,PR001,7,979.12
3122,T003765,P01861,PR039,5,509.44
3123,T000262,P01727,PR011,1,10.56
3124,T000736,P00716,PR024,7,1848.32
3125,T000133,P02570,PR040,2,370.22
3126,T004403,P00394,,5,1552.39
3127,T004436,P01547,PR017,9,1172.59
3128,T004522,P00132,PR016,7,3487
3129,T001828,P02221,,4,1476.6
3130,T001318,P02852,PR049,3,1426.36
3131,T003204,P02257,PR046,1,420.91
3132,T002553,P02424,,6,1797.62
3133,T002264,P02125,PR008,6,1986.38
3134,T000178,P01937,PR029,3,867.25
3135,T000882,P00410,PR007,6,1916.92
3136,T002500,P02570,PR014,10,3967.07
3137,T000318,P02856,PR030,8,304.64
3138,T004360,P00077,PR037,10,506.81
3139,T002026,P02768,PR050,6,1268.49
3140,T000318,P00779,PR023,7,2142.05
3141,T001415,P02704,,6,1448.57
3142,T002976,P00280,PR002,7,1285.37
3143,T004184,P01553,PR008,2,536.96
3144,T002057,P00319,PR007,8,693.03
3145,T002979,P02814,PR034,4,1335.25
3146,T002262,P01032,PR001,4,1218.25
3147,T002699,P02993,,7,1920.81
3148,T003028,P00742,PR043,2,90.23
3149,T001931,P00403,PR042,9,3918.84
3150,T000474,P00502,PR050,9,2601.35
3151,T001598,P00659,PR013,5,499.35
3152,T004454,P02160,PR050,9,174.34
3153,T000531,P02969,PR030,4,1136.37
3154,T004322,P02615,PR050,3,1491.55
3155,T000060,P00762,PR002,9,2293.71
3156,T004055,P01839,PR050,7,385.78
3157,T004232,P00835,PR002,1,46.95
3158,T002131,P01573,PR019,2,216.15
3159,T000085,P02085,,5,1143.76
3160,T000507,P02381,,3,837.88
3161,T002706,P00563,,8,1052.43
3162,T003965,P00944,PR005,10,3100.13
3163,T002846,P01121,PR008,4,178.71
3164,T002586,P01770,PR039,8,2616.26
3165,T001097,P01908,,8,1310.79
3166,T003533,P01250,PR044,7,955.3
3167,T001802,P02153,PR026,5,170.88
3168,T004158,P02696,PR013,10,2304.54
3169,T003762,P02400,PR030,5,1663.73
3170,T003874,P00388,PR044,6,507.96
3171,T001933,P01488,PR031,5,274.35
3172,T004445,P02184,PR026,10,4067.24
3173,T002335,P00510,PR048,8,3846.5
3174,T000256,P01365,PR049,2,289.89
3175,T003219,P02183,PR049,5,475.96
3176,T001572,P02502,,2,750.93
3177,T002507,P00063,PR003,2,167.03
3178,T001126,P00489,PR008,6,1146.15
3179,T001304,P02701,PR001,1,399.89
3180,T003848,P00662,PR047,3,1441.75
3181,T002532,P01569,,2,101.37
3182,T002692,P00022,PR028,2,676.9
3183,T004713,P02824,,9,152.6
3184,T003534,P01681,PR004,6,1624.51
3185,T002098,P00633,PR038,2,621.18
3186,T000019,P00003,PR045,6,2762.45
3187,T004857,P00605,PR001,6,939.13
3188,T002888,P02165,PR020,3,1477.66
3189,T004690,P00754,,2,991.31
3190,T000583,P00930,PR028,9,1881.64
3191,T003706,P01122,PR038,3,1122.17
3192,T003395,P00449,PR007,4,859.36
3193,T002183,P01899,PR005,8,282.36
3194,T001994,P01010,,9,3026.04
3195,T004961,P00497,PR029,10,4322.06
3196,T004132,P02819,PR012,8,895.43
3197,T001538,P00646,PR012,2,809.02
3198,T001801,P02199,PR049,9,3273.46
3199,T000460,P02225,,1,236.7
3200,T000046,P02987,PR025,2,29.83
3201,T000647,P01201,PR012,7,440.37
3202,T004615,P02151,PR041,3,1066.78
3203,T001623,P00617,PR031,5,2030.03
3204,T001923,P00211,PR001,10,4687.36
3205,T004499,P02915,PR003,5,131.73
3206,T002560,P00578,PR032,2,625.74
3207,T001059,P02581,PR019,9,4057.21
3208,T004342,P02701,PR047,7,2270.89
3209,T004920,P02581,PR047,6,2821.59
3210,T001135,P02162,PR015,5,814.99
3211,T001392,P01321,PR036,4,1366.11
3212,T002114,P01025,PR025,10,950.22
3213,T001591,P02551,PR025,9,1551.08
3214,T000016,P02102,PR035,9,1537.66
3215,T004103,P01814,PR043,10,615.64
3216,T001458,P02751,PR014,2,764.93
3217,T004577,P00449,PR045,2,282.65
3218,T002012,P02791,PR033,5,197.38
3219,T000483,P00917,PR045,9,2848.71
3220,T002977,P00345,PR002,2,105.94
3221,T003885,P00931,PR030,9,3080.17
3222,T003903,P01750,PR035,6,1665.71
3223,T003631,P00864,PR050,9,2022.79
3224,T002343,P02321,PR001,9,2006.6
3225,T002038,P01327,PR035,8,122.54
3226,T002619,P00265,PR020,5,1664.85
3227,T003090,P02065,PR044,2,646.01
3228,T002456,P00738,PR015,7,2212.08
3229,T002919,P02254,PR045,1,458.77
3230,T003803,P01192,PR026,3,209.08
3231,T001404,P02600,PR019,1,455.03
3232,T002788,P02289,PR001,10,4843.7
3233,T001404,P01899,PR006,4,1922.45
3234,T003813,P00647,PR034,2,366.34
3235,T004927,P02844,PR029,1,339.71
3236,T001142,P02224,PR032,9,1751.62
3237,T000433,P02871,PR041,3,131.57
3238,T002455,P01145,,6,1289.42
3239,T002478,P00165,PR004,4,1229.22
3240,T002720,P00029,PR008,10,4116.94
3241,T000014,P00643,PR022,7,2400.1
3242,T000815,P02048,PR006,10,503.03
3243,T003210,P00744,,2,588.51
3244,T001122,P02257,,2,466.8
3245,T000790,P02104,PR009,9,3224.08
3246,T000803,P00828,PR041,1,169.58
3247,T002259,P00187,PR023,5,1423.95
3248,T001225,P02042,,2,774.37
3249,T004383,P00831,PR020,7,3370.12
3250,T002905,P02324,PR044,4,1468.72
3251,T003632,P01664,PR028,9,4110.6
3252,T004774,P02222,PR006,4,1407.49
3253,T003284,P00820,PR028,5,842.82
3254,T000732,P01994,PR045,9,1971.47
3255,T004797,P01886,PR050,8,2117.79
3256,T004911,P02244,PR017,6,93.11
3257,T000842,P02531,PR017,6,609.89
3258,T002549,P00029,,6,834.96
3259,T000739,P00599,PR014,4,467.69
3260,T000394,P02407,,3,70.87
3261,T000441,P00942,PR043,5,2031.11
3262,T004765,P01948,PR030,5,2200.08
3263,T001249,P00617,,9,4274.82
3264,T004737,P02109,,8,3526.69
3265,T000893,P00956,PR013,1,327.77
3266,T001065,P00910,PR009,3,1306.81
3267,T003094,P00860,PR012,7,3042.73
3268,T003274,P01401,PR050,1,222.74
3269,T000436,P02103,PR038,5,1933.47
3270,T002180,P00125,PR007,6,2450.64
3271,T003367,P00961,PR048,2,937.36
3272,T004359,P01550,PR011,8,2587.15
3273,T001479,P02042,,9,1055.64
3274,T003752,P02442,PR046,10,1742.14
3275,T001475,P02531,PR050,5,754.44
3276,T000324,P00815,PR001,3,706.43
3277,T000950,P00297,PR049,10,4875.86
3278,T000018,P02853,PR006,6,1784.34
3279,T003415,P01910,PR039,10,1379.16
3280,T002980,P02021,PR001,9,2268.63
3281,T002075,P02314,PR034,2,373.94
3282,T001390,P02591,PR048,9,1373.26
3283,T002220,P01372,PR014,4,273.65
3284,T001206,P00888,,1,272.24
3285,T003350,P00389,PR022,5,483.21
3286,T003998,P00063,PR027,8,2832.98
3287,T002214,P01373,PR028,1,385.15
3288,T003778,P01696,PR034,10,610.95
3289,T004252,P00942,PR045,1,149.67
3290,T003992,P02025,PR044,10,2056.47
3291,T004745,P01371,PR049,8,1714.47
3292,T000651,P00457,PR013,6,1625.63
3293,T001039,P00471,,5,1871.9
3294,T003017,P02378,PR010,4,1144.76
3295,T004581,P01356,,7,2881.32
3296,T001422,P02427,PR050,7,372.95
3297,T002789,P02690,PR004,10,3918.58
3298,T001017,P01721,PR032,9,3246.76
3299,T004890,P01601,PR048,3,1367.56
3300,T002040,P00673,PR035,4,1829.68
3301,T002932,P02449,PR017,7,340.52
3302,T002693,P00503,PR001,1,59.81
3303,T000855,P02597,,10,4170.61
3304,T000122,P02422,PR038,2,72.89
3305,T002829,P00445,PR027,5,1554.86
3306,T003920,P00108,PR037,2,906.98
3307,T001282,P01776,PR008,1,155.47
3308,T003643,P01933,PR020,8,3000.51
3309,T000884,P02059,PR028,8,1885.15
3310,T003190,P00507,PR036,8,115.34
3311,T003836,P01552,PR013,1,336.63
3312,T000731,P01572,PR015,9,3037.71
3313,T003242,P01638,PR006,3,121.33
3314,T004427,P02310,PR017,1,30.28
3315,T002614,P00354,PR050,5,1092.25
3316,T004944,P00432,PR035,9,2132.09
3317,T000429,P01380,,4,1164.54
3318,T002146,P00375,PR038,7,2338.18
3319,T001042,P00070,,1,405.39
3320,T001352,P01375,PR046,9,2671.27
3321,T000818,P01241,,5,2222.28
3322,T004119,P02178,PR010,4,133.4
3323,T002177,P00068,PR011,1,349.95
3324,T001418,P00751,,3,76.19
3325,T004257,P01390,PR008,1,381.56
3326,T002060,P00431,PR020,1,412.18
3327,T004395,P01960,PR035,7,473.97
3328,T001722,P02989,PR047,9,2488.15
3329,T001667,P01330,PR015,7,1768.89
3330,T002115,P01727,PR027,3,1296.78
3331,T004401,P00011,PR013,3,65.83
3332,T004298,P02661,PR032,1,239.78
3333,T002149,P02372,PR022,2,896.15
3334,T000323,P00880,PR021,2,100.05
3335,T000888,P00065,PR018,5,552.53
3336,T004596,P01486,PR029,3,371.36
3337,T001007,P00193,PR045,7,529.82
3338,T003121,P01156,,2,762.56
3339,T001910,P00983,PR029,10,4697.84
3340,T003592,P02802,PR038,1,312.42
3341,T002635,P01781,PR025,10,3944.9
3342,T001962,P02820,PR029,2,893.68
3343,T000297,P01940,PR049,8,2807.79
3344,T004293,P02736,PR028,2,90.74
3345,T001753,P01205,,7,2351.4
3346,T004496,P01643,,9,1038.18
3347,T002271,P02462,PR032,8,787.1
3348,T000737,P02423,PR005,3,1062.94
3349,T003229,P01180,PR028,5,2116.84
3350,T004258,P01499,PR029,7,123.66
3351,T000445,P00484,PR021,3,398.37
3352,T003732,P00454,PR001,10,3338.19
3353,T000317,P01139,PR032,6,422.17
3354,T003654,P02687,,7,2454.76
3355,T000736,P01726,PR038,9,2411.58
3356,T004654,P02472,PR010,2,811.91
3357,T000617,P01039,PR013,5,330.9
3358,T004160,P02045,PR016,6,953.85
3359,T002827,P00598,,10,3513.28
3360,T004706,P02857,PR020,3,264.46
3361,T000030,P01289,PR050,2,608.56
3362,T004435,P01950,PR008,2,353.36
3363,T001171,P01388,PR003,8,385.15
3364,T002384,P01188,PR013,7,1334.88
3365,T001879,P00861,PR004,7,789.44
3366,T000892,P00205,PR013,4,727.61
3367,T002375,P01363,PR035,9,3355.14
3368,T002742,P01969,PR042,2,966.83
3369,T001262,P02425,PR002,8,3521.59
3370,T004694,P02141,PR007,3,938.38
3371,T001873,P02556,PR005,7,1932.08
3372,T001875,P01833,PR016,3,338.01
3373,T003956,P02078,PR032,4,1151.95
3374,T000930,P02905,PR015,5,677.69
3375,T000314,P00506,PR047,3,598.23
3376,T002516,P01293,PR034,8,2872.21
3377,T004491,P01549,PR016,9,4257.52
3378,T000244,P01207,,10,1759.05
3379,T000241,P00593,PR009,5,113.93
3380,T003506,P02849,PR022,9,2455.08
3381,T004836,P00667,PR005,2,80.78
3382,T001131,P01337,PR012,6,193.47
3383,T003018,P02991,PR048,2,785.69
3384,T000077,P01375,PR002,4,1830.38
3385,T001221,P01496,PR036,10,3970.2
3386,T004811,P02968,,8,1850.96
3387,T002821,P02894,PR028,5,316.84
3388,T001581,P01881,PR034,10,4770.1
3389,T004994,P00069,,9,893
3390,T000902,P00870,PR025,10,1906.18
3391,T001468,P02022,PR012,9,1576.77
3392,T001788,P01473,PR020,3,1294.43
3393,T000284,P01660,PR016,8,2975.4
3394,T001828,P00922,PR011,9,1233.45
3395,T004438,P00990,,8,3860.47
3396,T003911,P01843,,10,4001.53
3397,T003349,P01902,,2,565.18
3398,T001549,P02254,PR007,9,1491.51
3399,T000912,P02466,,6,1399.01
3400,T002881,P00613,PR009,10,1833.6
3401,T001822,P02575,PR029,1,443.71
3402,T001259,P01913,PR028,5,2366.73
3403,T002997,P02556,PR038,1,281.26
3404,T004700,P00813,PR013,9,668.27
3405,T003465,P02281,PR047,9,3637.58
3406,T001065,P02269,PR047,8,515.16
3407,T004648,P00327,PR012,5,1228.26
3408,T000850,P02331,,2,78.22
3409,T002383,P01811,PR047,6,2528.26
3410,T002587,P02331,PR049,7,1703.07
3411,T002387,P01553,PR003,2,921.82
3412,T002453,P01884,PR049,5,2015.35
3413,T000728,P00628,PR036,6,968.34
3414,T004861,P00471,PR014,10,3447.21
3415,T002768,P02566,PR017,3,628.05
3416,T004461,P02137,PR011,10,1442.34
3417,T001622,P00986,PR011,8,1348.52
3418,T003268,P01584,PR012,6,2124.66
3419,T001943,P01511,PR029,7,725.13
3420,T001123,P02774,PR018,4,162.87
3421,T002685,P02284,PR042,4,1503.01
3422,T004625,P01015,,7,412.72
3423,T000939,P01414,PR023,8,169.06
3424,T000712,P02603,PR038,6,2087.76
3425,T002732,P00866,PR034,6,1061.37
3426,T004492,P00102,PR032,8,2793.82
3427,T004071,P00517,PR012,7,1980.29
3428,T001348,P02492,PR013,6,706.05
3429,T004033,P02679,PR046,2,993.18
3430,T004702,P01981,,6,2055.88
3431,T000703,P01880,PR032,8,1003.31
3432,T004724,P01191,PR038,5,1273.28
3433,T004302,P00961,PR039,2,614.98
3434,T002558,P00182,PR037,5,859.11
3435,T004137,P01817,PR006,3,1243.29
3436,T003966,P01966,PR020,1,21.44
3437,T001097,P02978,PR033,4,309.13
3438,T004886,P00052,PR014,5,1469.84
3439,T002817,P01760,PR010,3,135.06
3440,T004402,P01468,PR004,2,548.59
3441,T004676,P01916,PR010,9,182.21
3442,T000134,P00922,,1,387.08
3443,T001677,P00473,PR004,5,1056.79
3444,T002987,P00276,PR006,7,2027.44
3445,T001668,P00757,PR001,8,555.16
3446,T002953,P00968,PR044,6,1649.03
3447,T004119,P00443,PR035,2,272.95
3448,T000054,P02860,,10,4036.88
3449,T004358,P01004,PR009,3,1051.98
3450,T000162,P01950,,6,669.64
3451,T004688,P01827,PR021,5,2394.42
3452,T000482,P02811,PR036,3,482.75
3453,T001352,P02159,,10,1516.47
3454,T002342,P02015,PR019,2,68.01
3455,T003701,P02495,PR049,1,252.98
3456,T001798,P01537,,5,73.87
3457,T002333,P00574,PR046,5,305.42
3458,T001663,P02204,PR031,10,2542.34
3459,T001780,P00667,PR010,9,1049.97
3460,T001836,P01770,PR042,9,3100.09
3461,T000318,P01714,PR009,9,1582.92
3462,T001552,P02020,PR050,6,1723.58
3463,T001408,P00302,PR039,1,121.87
3464,T000312,P01680,PR044,7,2658.72
3465,T000209,P01521,PR001,10,4914.87
3466,T004117,P01802,,2,119.78
3467,T001731,P02508,PR030,10,1068.24
3468,T000401,P01004,PR026,4,170.5
3469,T004411,P02741,,1,280.9
3470,T003722,P01511,PR032,3,52.71
3471,T003915,P02131,PR035,10,2356.66
3472,T003679,P00543,PR038,8,630.73
3473,T001234,P00346,PR013,4,1973.86
3474,T004532,P02690,PR015,4,1549.17
3475,T001035,P00472,PR038,1,13.58
3476,T003746,P02107,PR024,4,962.77
3477,T001877,P02363,PR004,1,204.49
3478,T002121,P01828,,9,4362.97
3479,T000867,P01662,PR017,3,948.62
3480,T004360,P02512,PR019,3,400.84
3481,T001343,P01425,PR049,6,1405.93
3482,T002489,P00283,,1,226.81
3483,T003514,P02847,PR030,8,1538.88
3484,T003852,P02568,PR037,10,3592.41
3485,T003797,P00999,PR031,4,901.88
3486,T002920,P02189,,3,264.56
3487,T000913,P00312,PR008,10,227.52
3488,T001020,P00618,PR040,2,611.73
3489,T003935,P02117,PR020,5,2114.5
3490,T000580,P02710,PR042,4,905.83
3491,T001608,P02241,PR048,5,1981.03
3492,T004225,P02358,PR034,3,1230.57
3493,T001398,P01553,PR017,10,937.91
3494,T003044,P00655,PR017,7,148.75
3495,T002809,P02268,PR029,6,1696.72
3496,T003947,P01498,PR020,6,838.5
3497,T004073,P00727,PR018,9,1989.24
3498,T000130,P01235,PR014,4,595.17
3499,T000611,P01921,PR048,9,472.44
3500,T000441,P00072,PR004,6,2143.65
3501,T004630,P02083,PR050,10,4151.94
3502,T003097,P01710,,7,1623.32
3503,T001175,P00682,PR045,7,1478.61
3504,T004322,P02087,PR020,5,1471.14
3505,T003957,P02432,PR028,3,545.93
3506,T003524,P01773,PR023,7,1056.49
3507,T003385,P02077,PR040,1,44.44
3508,T003542,P00442,PR010,5,1963.74
3509,T003749,P00629,PR018,2,260.48
3510,T002394,P02916,PR013,7,2264.8
3511,T001498,P01931,PR004,7,3020.06
3512,T004580,P00630,PR020,8,3162
3513,T004806,P02471,,10,2298.4
3514,T000378,P01596,PR017,6,2909.4
3515,T004364,P02054,PR032,4,1811.32
3516,T001322,P01942,PR014,8,1047.6
3517,T002159,P00267,PR038,2,598.23
3518,T001928,P01655,PR012,6,697.54
3519,T004590,P00768,PR042,3,747.66
3520,T003724,P02713,PR030,10,2581.99
3521,T000045,P00658,PR012,1,88.66
3522,T003620,P00256,PR001,7,2832
3523,T003038,P01853,PR020,2,289.88
3524,T003127,P00877,PR018,10,3606.93
3525,T004556,P00747,PR039,5,2135.29
3526,T002924,P01290,,10,4927.21
3527,T002768,P02590,PR030,10,1709.43
3528,T003418,P01526,PR017,10,2438.52
3529,T001946,P01655,PR011,2,289.08
3530,T001782,P00863,PR019,2,395.16
3531,T004494,P02166,PR029,6,1770.54
3532,T001927,P01147,PR018,4,514.42
3533,T004490,P00317,,9,3206.17
3534,T000807,P02570,PR048,9,3867.04
3535,T003532,P02884,PR007,4,1649.24
3536,T004219,P00204,PR029,5,188.17
3537,T004670,P00024,PR003,10,1959.51
3538,T002546,P02792,PR010,7,2407.87
3539,T001359,P01914,PR037,10,2892.71
3540,T002386,P00385,PR047,3,965.47
3541,T002777,P02750,PR026,6,2664.15
3542,T001165,P01638,PR043,5,2306.3
3543,T002016,P01266,PR050,4,70.09
3544,T002392,P02287,PR039,4,1997.34
3545,T002600,P01078,PR018,7,2332.89
3546,T001268,P00980,PR010,10,4669.23
3547,T001601,P01829,PR001,9,3563.29
3548,T000980,P00588,PR047,5,152.09
3549,T004172,P00853,,5,1209.38
3550,T000899,P02982,PR015,5,1667.55
3551,T000968,P02291,PR010,4,403.85
3552,T002399,P01489,PR026,8,2870.27
3553,T004258,P02848,PR041,5,379.63
3554,T001656,P01704,PR048,7,302.94
3555,T004518,P00109,PR031,2,338.78
3556,T001726,P00641,PR039,4,565.29
3557,T004185,P02781,PR013,3,1291.99
3558,T002025,P00687,PR017,8,3042.47
3559,T001797,P02334,PR048,6,1048.49
3560,T003875,P00149,PR047,8,1801.9
3561,T001137,P00471,,8,136.02
3562,T000190,P00164,PR017,4,505.19
3563,T003550,P02192,PR003,9,4483.59
3564,T001444,P02533,PR043,10,1446.77
3565,T003849,P00384,,3,195.15
3566,T002874,P01505,PR046,4,1511.18
3567,T000275,P01881,PR008,2,981.53
3568,T004090,P00088,PR035,10,3727.65
3569,T004495,P01199,PR049,10,2255.55
3570,T003304,P02925,PR005,6,420.34
3571,T002788,P01322,PR033,4,305.69
3572,T000808,P00542,PR028,5,1774.87
3573,T003941,P02577,,5,246.08
3574,T000216,P02338,PR042,10,147.76
3575,T000270,P00056,PR001,5,2070.39
3576,T000765,P01840,PR006,9,1275.61
3577,T000399,P01971,PR049,4,726.75
3578,T002066,P00869,PR039,6,1627.2
3579,T003350,P00254,PR036,9,2983.18
3580,T004894,P00229,PR021,4,1794.35
3581,T002027,P00750,PR031,8,2982.51
3582,T002701,P02666,PR014,9,3163.94
3583,T000261,P01090,PR008,7,2397.95
3584,T004794,P01467,PR014,6,1777.87
3585,T002006,P00746,PR030,3,753.29
3586,T004513,P02537,PR009,3,469.2
3587,T003554,P01284,PR025,5,574.9
3588,T003017,P02782,PR005,7,1958.33
3589,T000906,P00519,PR007,2,139.45
3590,T000940,P02077,PR042,2,672.86
3591,T003219,P02013,PR046,9,3317.26
3592,T001794,P00127,PR040,3,1151.07
3593,T000525,P02968,PR010,6,2802.48
3594,T004256,P02968,PR020,5,1162.12
3595,T004400,P02108,PR041,4,1536.02
3596,T000011,P02079,PR013,3,1287.71
3597,T000350,P02035,,1,41.82
3598,T001323,P02356,PR025,9,4223.69
3599,T001939,P00111,,8,534.58
3600,T003780,P02481,,1,412.05
3601,T000393,P00870,,10,2850.21
3602,T004615,P01656,PR046,2,155.94
3603,T004386,P01940,PR016,4,339.6
3604,T000655,P01030,,1,485.49
3605,T002999,P01078,PR029,1,63.78
3606,T003410,P02695,PR036,8,2277.18
3607,T004275,P01326,PR036,3,132.01
3608,T003766,P01419,PR049,6,282.65
3609,T000236,P00395,PR043,4,1207.12
3610,T000049,P00942,PR005,9,473.87
3611,T003287,P00873,PR046,7,2248.89
3612,T004228,P00613,PR039,6,1065.3
3613,T002064,P00109,PR049,5,2019.08
3614,T002042,P02576,PR016,4,753.36
3615,T002048,P01362,PR016,5,1198.29
3616,T001462,P01647,PR009,8,2222.56
3617,T002304,P02576,PR017,5,902.26
3618,T001969,P01162,,10,4756.95
3619,T000071,P00046,PR029,10,896.16
3620,T001919,P01765,PR041,5,1122.56
3621,T001601,P00523,PR026,1,208.6
3622,T002820,P01175,PR046,8,1214.61
3623,T004296,P00044,,8,3159.81
3624,T001876,P01752,PR036,10,2478.81
3625,T000611,P00874,PR014,2,459.25
3626,T004747,P01844,,7,1968.32
3627,T003156,P00698,,6,759.74
3628,T004078,P01957,PR036,6,1527.49
3629,T004766,P02574,PR001,4,187.14
3630,T000812,P02313,PR046,5,1201.1
3631,T003097,P02008,PR028,7,1960.03
3632,T003481,P00766,PR020,7,3387.11
3633,T003467,P01666,PR005,9,1596.06
3634,T002355,P02611,PR009,2,603.57
3635,T000131,P02444,PR045,5,2080.39
3636,T003127,P01922,PR031,2,650.2
3637,T001031,P02261,,4,1040.13
3638,T002544,P00317,PR024,1,231.68
3639,T001693,P01753,PR045,8,151.61
3640,T003164,P00230,PR027,3,1368.13
3641,T001780,P02318,PR026,5,1256.68
3642,T002214,P00459,PR029,8,1074.06
3643,T003518,P01938,PR043,9,930.8
3644,T001477,P02192,PR019,4,1630.92
3645,T002917,P01890,PR026,10,1593.66
3646,T000233,P00676,PR034,5,1483.37
3647,T002634,P02196,,6,807.62
3648,T002139,P02257,PR029,10,2930.95
3649,T004541,P00694,PR039,8,2711.15
3650,T004119,P00841,PR022,1,151.54
3651,T004009,P00317,PR041,4,1505.21
3652,T003210,P02164,PR008,10,624.36
3653,T002226,P00708,PR021,6,749.98
3654,T002272,P01807,PR027,9,2479.81
3655,T003246,P00708,PR038,5,2377.01
3656,T000639,P01451,,3,1492.1
3657,T001793,P00904,PR005,2,847.81
3658,T003778,P02650,,6,892.26
3659,T000509,P01966,PR004,2,424.82
3660,T002629,P02901,PR003,4,629.06
3661,T002580,P00638,PR046,7,3329.94
3662,T003900,P01725,,5,949.68
3663,T004687,P02430,PR040,2,558.14
3664,T004172,P02787,PR013,9,3004.81
3665,T000710,P00732,PR015,7,3220.6
3666,T001435,P02412,,1,497.27
3667,T002050,P01469,PR018,8,3188.15
3668,T004000,P02111,PR020,10,4094.21
3669,T004715,P00576,PR019,10,1134.55
3670,T002858,P00305,PR032,5,1726.54
3671,T000949,P01298,PR010,8,3920.54
3672,T004975,P01251,PR038,10,1260.13
3673,T001965,P00370,PR044,10,343.16
3674,T002147,P02690,PR045,4,575.46
3675,T003395,P02471,PR001,5,1732.8
3676,T001128,P02747,PR025,5,367.91
3677,T004016,P01204,PR001,6,1854.43
3678,T004621,P02755,,8,1256.4
3679,T002499,P01776,PR010,8,1155.18
3680,T002877,P00175,PR005,2,418.25
3681,T003259,P01880,PR023,2,769.55
3682,T002622,P01875,,5,1558.26
3683,T001395,P01769,PR046,4,642.61
3684,T002887,P00478,PR036,2,285.83
3685,T002134,P00630,PR003,3,452.85
3686,T001032,P00200,,2,756.05
3687,T002511,P00675,PR018,2,418.45
3688,T001557,P01317,PR026,8,3794.3
3689,T001424,P01957,,9,2620.76
3690,T001886,P00356,PR028,10,307.53
3691,T002870,P02004,PR020,4,1835.95
3692,T004026,P01919,PR004,1,200.53
3693,T000145,P00762,PR035,9,3421.97
3694,T004863,P00272,PR012,10,2119.65
3695,T003822,P02990,PR039,3,461.04
3696,T004121,P02558,PR039,1,487.82
3697,T002181,P00843,PR030,4,435.83
3698,T000018,P02152,PR007,8,167.7
3699,T004285,P01072,,3,863.64
3700,T002160,P01903,PR038,5,2109.5
3701,T001944,P01935,PR005,7,2356.91
3702,T004900,P01452,,3,1185.25
3703,T000441,P00832,PR003,1,441.91
3704,T001061,P02013,PR025,6,2940.01
3705,T003594,P02710,,3,334.29
3706,T003718,P02592,PR020,4,297.32
3707,T003576,P00357,PR037,2,577.31
3708,T000606,P01232,PR029,7,2305.62
3709,T002600,P02556,PR040,10,3019.7
3710,T000156,P01012,PR034,4,1007.68
3711,T004876,P01194,PR047,9,1895.11
3712,T002116,P00018,PR048,4,1370.01
3713,T001129,P01528,PR046,9,586.88
3714,T003392,P02670,PR011,2,672.7
3715,T000949,P00850,,8,3765.9
3716,T003467,P02878,PR020,3,864.9
3717,T000054,P01037,PR021,3,1066.8
3718,T002795,P00578,PR029,2,163.77
3719,T004889,P02507,PR037,10,807.58
3720,T004650,P02918,PR018,10,3891.98
3721,T000528,P00218,PR023,10,2654.78
3722,T000132,P02755,PR048,10,4790.28
3723,T003866,P02742,PR047,8,320.63
3724,T004956,P01509,PR009,1,158.17
3725,T001033,P01324,PR020,5,677.83
3726,T004378,P02813,PR012,6,1742.31
3727,T004522,P02241,PR014,2,255.47
3728,T000133,P01727,PR032,6,2288.77
3729,T002206,P00933,PR010,1,57.96
3730,T004950,P00812,PR044,5,1398.48
3731,T004722,P02635,PR008,4,1226.01
3732,T003585,P02305,PR033,10,2347.08
3733,T003456,P01205,PR009,5,1497.12
3734,T003756,P02696,PR046,10,839.42
3735,T002235,P00091,PR004,6,128.84
3736,T001629,P01237,PR030,7,2888.76
3737,T002935,P01137,PR004,10,3143.04
3738,T000419,P01504,PR005,7,1099.81
3739,T002525,P01701,PR011,8,819.35
3740,T000185,P02144,PR006,9,3653.48
3741,T004974,P00750,,2,907
3742,T000633,P00044,PR037,2,214.57
3743,T003565,P02625,PR016,1,359.6
3744,T001015,P02830,,3,86.9
3745,T003525,P02346,PR014,6,2141.95
3746,T003905,P01737,PR006,3,1250.87
3747,T001193,P02377,PR048,10,4874.82
3748,T003650,P00675,PR036,10,4427.58
3749,T004832,P00245,PR009,8,2074.81
3750,T004359,P00222,PR006,10,4483.49
3751,T002954,P00731,PR048,2,93.23
3752,T002581,P00896,PR001,8,2726.64
3753,T002515,P00830,PR039,4,1729.87
3754,T003198,P00856,PR032,1,444.28
3755,T003192,P00849,PR022,10,1861.11
3756,T004741,P00764,PR036,3,396.16
3757,T004153,P02890,PR024,2,975.45
3758,T002467,P01043,PR048,8,1029.51
3759,T004917,P01812,,7,2022.87
3760,T000301,P00751,PR048,7,1063.34
3761,T003048,P01596,,5,1032.73
3762,T002482,P02154,,2,675.4
3763,T001174,P00699,PR005,2,634.93
3764,T001515,P02112,,5,1199.16
3765,T002147,P02077,PR034,4,1189.71
3766,T000237,P02618,PR040,4,1741.6
3767,T000829,P00742,PR032,5,1163.72
3768,T001149,P01527,PR048,9,1379.15
3769,T003487,P02456,,2,282.25
3770,T002828,P01366,PR005,1,248.23
3771,T002267,P00968,PR045,1,434.93
3772,T004430,P01537,PR006,4,1182.22
3773,T000135,P02225,,6,1384.4
3774,T002418,P02964,PR019,2,387.23
3775,T001525,P00929,PR033,2,253.67
3776,T000326,P02720,PR029,4,1076.46
3777,T002870,P01090,PR025,2,71.66
3778,T000148,P00490,PR049,3,96.99
3779,T001387,P02502,PR010,9,1436.43
3780,T002536,P02826,,7,930.44
3781,T003936,P00081,PR044,5,1056.61
3782,T000162,P00247,PR023,8,3508.5
3783,T003669,P01507,PR050,4,204
3784,T004834,P01821,,10,3829.21
3785,T001817,P00282,PR022,1,134.11
3786,T000293,P01404,PR022,10,542.6
3787,T003492,P01320,PR046,1,60.77
3788,T002229,P02116,PR025,3,1428.99
3789,T001075,P01568,PR049,5,1321.76
3790,T000253,P01017,PR010,10,2233.3
3791,T000290,P00597,PR026,6,1016.01
3792,T003224,P01687,PR033,10,2124.59
3793,T000764,P02578,PR012,2,140.88
3794,T003872,P01356,PR022,1,326.45
3795,T002365,P01310,PR008,7,2397.32
3796,T000042,P02620,PR011,3,434.77
3797,T003023,P01940,PR032,3,1180.15
3798,T001332,P00357,PR046,1,433.1
3799,T003707,P02484,PR038,1,10.84
3800,T003128,P00014,PR015,10,3648
3801,T000929,P01426,PR024,4,769.79
3802,T004375,P02137,PR042,10,1889.49
3803,T002997,P01214,PR007,2,210.92
3804,T002750,P00086,PR042,6,2742.91
3805,T000981,P02456,,1,269.95
3806,T004634,P01011,PR040,5,821.24
3807,T000544,P00853,PR006,4,384.6
3808,T001314,P02317,PR024,10,1407.7
3809,T000371,P00106,,9,3014.23
3810,T003859,P01210,PR002,1,204.82
3811,T002791,P00121,PR024,5,1323.15
3812,T001884,P02895,PR030,7,2795.81
3813,T002194,P02321,PR011,8,1345.23
3814,T001186,P00827,PR040,3,1230.78
3815,T000586,P00065,PR014,4,801.69
3816,T001653,P01347,PR032,7,1486.73
3817,T001437,P01912,,7,1888.99
3818,T004102,P00773,PR028,1,345.32
3819,T000903,P01207,PR042,5,306.28
3820,T002816,P02263,PR015,5,113.21
3821,T000016,P01662,PR046,5,54.33
3822,T002550,P01297,PR016,5,618.29
3823,T000635,P01430,PR021,10,4462.18
3824,T001212,P00485,PR029,5,1942.63
3825,T001450,P01326,PR046,10,4120.97
3826,T003402,P00807,PR010,10,1936.21
3827,T002638,P00990,,2,584.38
3828,T003061,P02658,,7,2918.34
3829,T003143,P01497,,4,1469.79
3830,T002214,P00168,PR020,8,1362.33
3831,T004079,P02964,,5,687.18
3832,T002089,P02281,PR016,1,59.54
3833,T003244,P00379,PR019,8,3433.76
3834,T000485,P01092,PR045,6,2686.25
3835,T000560,P02401,,5,557.55
3836,T003642,P01192,PR042,4,1765.65
3837,T003043,P01898,PR026,1,162.4
3838,T002108,P02074,PR038,9,3593.27
3839,T002988,P00922,PR027,5,2350.7
3840,T004408,P00753,PR031,8,2463.21
3841,T004588,P00810,PR043,5,373.83
3842,T003805,P00664,PR015,2,781.96
3843,T000130,P01606,PR021,10,2791.33
3844,T003639,P01181,PR032,4,1606.37
3845,T001840,P01037,PR045,3,217.34
3846,T001792,P01218,PR027,2,689.36
3847,T003970,P02139,PR016,5,583.8
3848,T000112,P00093,,7,518.45
3849,T001544,P01795,,4,1341.84
3850,T000666,P00506,,8,2068.54
3851,T002250,P00724,PR017,6,1320.59
3852,T000587,P01491,PR044,5,1966.71
3853,T001502,P00348,PR032,9,1440.47
3854,T001456,P01596,PR022,9,3626.93
3855,T001790,P00713,PR047,10,2841.78
3856,T003538,P02539,PR016,6,1786.78
3857,T002178,P00039,PR036,8,292.61
3858,T002800,P01798,PR021,4,1371.19
3859,T004373,P01341,PR035,9,3324.69
3860,T001784,P01243,PR041,6,1176.73
3861,T003660,P00605,PR006,2,27.96
3862,T001928,P01098,PR023,10,4555.79
3863,T002336,P01833,PR003,10,975.94
3864,T001398,P00159,PR016,9,2521.22
3865,T003973,P01209,PR030,5,286.39
3866,T003712,P00891,PR001,8,2395.3
3867,T003963,P00061,PR009,10,2289.51
3868,T000206,P00151,PR029,5,1198.87
3869,T002455,P00058,PR025,8,2760.5
3870,T002265,P02722,PR007,9,3701.75
3871,T001354,P02535,PR001,5,475.24
3872,T000331,P02721,PR009,6,2158.57
3873,T004023,P00976,PR029,3,1249.86
3874,T000955,P02165,PR003,6,2070.25
3875,T002668,P00327,,10,1721.74
3876,T004372,P01301,PR050,10,1911.64
3877,T002055,P00547,PR003,6,2115.53
3878,T000819,P02023,PR021,2,628.55
3879,T001944,P02924,PR009,8,3918.21
3880,T004697,P02483,,3,121.24
3881,T002762,P01065,,2,329.88
3882,T002502,P01487,PR031,1,308.44
3883,T004564,P00775,PR020,7,3447.19
3884,T003416,P02861,PR010,10,2560.34
3885,T000526,P00209,,8,2585.62
3886,T000314,P02414,PR034,1,402.85
3887,T001547,P00047,PR026,10,4031.99
3888,T000586,P00888,PR042,4,526.86
3889,T004357,P02095,PR040,2,425.81
3890,T002677,P01021,PR038,6,2407.39
3891,T004497,P01707,PR019,1,392.65
3892,T001389,P02940,PR037,9,4367
3893,T000350,P00342,PR025,3,441.4
3894,T002637,P02848,PR035,1,484.94
3895,T002372,P01945,PR020,5,1123.74
3896,T000654,P00449,,5,1700.68
3897,T004660,P00589,PR034,3,1477.61
3898,T003508,P00330,PR046,6,1024.8
3899,T003412,P02432,,1,153.05
3900,T002142,P01203,PR016,10,4669.09
3901,T001509,P01119,PR034,6,2120.74
3902,T001885,P02003,PR033,10,1949.64
3903,T002876,P00127,PR031,8,2981.41
3904,T004286,P00061,PR001,5,515.91
3905,T002327,P02170,PR024,10,4470.89
3906,T004518,P01476,PR001,1,364.72
3907,T001281,P01777,PR050,2,107.23
3908,T001264,P01399,PR016,5,2246.85
3909,T004027,P00143,PR028,7,1221.95
3910,T001641,P00728,,4,1543.97
3911,T003805,P00194,PR017,10,1555.94
3912,T003806,P02229,PR009,4,830.35
3913,T001919,P00615,,1,356.42
3914,T004288,P00246,,5,268.93
3915,T004980,P00776,PR016,2,221.81
3916,T000177,P00884,PR024,4,500.61
3917,T004769,P01875,PR026,9,1259.12
3918,T002619,P01816,PR027,4,481.05
3919,T000942,P01722,,9,1287.19
3920,T000744,P01168,PR026,10,821.56
3921,T000825,P01908,PR023,2,748.17
3922,T001460,P01881,PR045,10,1590.4
3923,T002106,P00051,PR021,7,1955.94
3924,T004886,P00485,PR006,8,1724.16
3925,T002557,P02250,PR008,6,2626.26
3926,T004517,P00987,PR041,5,1985.18
3927,T001683,P00957,PR013,2,696.57
3928,T000943,P01033,PR040,4,890.19
3929,T004332,P01532,PR009,9,2328.89
3930,T002921,P01729,PR007,8,3116.85
3931,T000962,P00119,,6,2572.8
3932,T002825,P02789,,7,2814.25
3933,T001738,P01028,PR013,6,1636.38
3934,T004267,P00880,PR049,7,2307.44
3935,T001801,P02340,PR012,10,2251.7
3936,T003869,P01312,PR025,8,3978.16
3937,T004176,P00437,PR033,10,2200.61
3938,T004393,P02414,PR048,4,546.74
3939,T001759,P00808,PR025,6,571.16
3940,T001301,P00360,PR031,10,3227.19
3941,T004446,P01015,PR007,6,2550.22
3942,T000097,P02101,PR029,4,1705.08
3943,T003571,P02532,PR002,7,2673.22
3944,T001338,P01627,PR015,2,859.64
3945,T004298,P01848,PR006,7,1306.32
3946,T000500,P00670,PR029,5,439.06
3947,T004246,P01424,,9,2862.15
3948,T003759,P01466,,1,318.82
3949,T000429,P00828,PR004,2,480.86
3950,T002647,P02411,PR017,8,2339.29
3951,T002687,P02890,PR042,1,118.41
3952,T004364,P00254,PR003,6,1578.68
3953,T000126,P02460,PR006,4,1222.31
3954,T003446,P00197,,1,352.42
3955,T003833,P01507,PR044,4,506.48
3956,T000652,P00997,PR041,8,3490.37
3957,T002133,P00707,PR022,2,613.28
3958,T003898,P01164,PR024,6,1451
3959,T004491,P01186,PR025,1,91.09
3960,T002081,P02975,,9,220.57
3961,T003901,P02662,PR044,8,3968.03
3962,T004801,P00635,PR008,1,25.02
3963,T001456,P01052,PR035,4,605.37
3964,T004004,P00339,,3,738.47
3965,T000795,P00635,PR021,2,240.02
3966,T003930,P02969,PR042,2,171.55
3967,T004237,P02648,PR030,2,67.18
3968,T003247,P00214,PR041,5,1575.63
3969,T002120,P02010,PR024,4,1100.95
3970,T002535,P01086,PR049,9,1589.7
3971,T000523,P02215,PR012,1,144.94
3972,T004718,P01410,PR041,6,1624.8
3973,T002598,P02364,PR029,1,280.18
3974,T002834,P01721,PR029,5,220.41
3975,T002567,P00260,PR035,9,3614.09
3976,T004735,P02991,,3,1028.98
3977,T001601,P02906,PR028,2,715.47
3978,T002096,P01481,PR011,6,2517.57
3979,T001765,P02461,PR027,2,279.06
3980,T004160,P00748,PR042,7,866.21
3981,T003153,P02323,,7,1270.85
3982,T001682,P00676,PR010,3,1344.77
3983,T000056,P01547,,1,134.92
3984,T001835,P02098,PR046,4,1071.29
3985,T002838,P01705,PR015,2,200.83
3986,T004919,P00800,PR030,4,193.87
3987,T001822,P01738,PR012,6,741.87
3988,T004173,P02118,PR010,9,2636.82
3989,T004238,P00117,,7,517.79
3990,T001092,P01273,PR016,5,1171.8
3991,T002941,P00007,,4,1581.33
3992,T001275,P01380,PR037,9,4407.21
3993,T000236,P01753,PR033,2,509.55
3994,T001122,P00349,PR046,8,833.63
3995,T000771,P02433,PR029,9,2691.6
3996,T002081,P00206,PR025,10,2869.03
3997,T004378,P02070,PR021,6,2182.01
3998,T000461,P02293,PR017,1,312.39
3999,T002244,P01958,,2,329.94
4000,T002722,P02541,,4,1063.28
4001,T001302,P01427,PR010,8,3547.26
4002,T002326,P01367,PR041,5,2392.25
4003,T004635,P02927,PR050,8,1330.27
4004,T000603,P02977,PR019,8,2007.34
4005,T000915,P01241,PR018,5,339.45
4006,T001321,P00732,PR004,2,77.92
4007,T003819,P00498,,5,1986.13
4008,T002817,P00322,PR013,9,2297.54
4009,T003063,P00664,PR022,8,2617.21
4010,T001155,P01433,PR045,6,2757.71
4011,T001662,P01128,PR027,3,604.03
4012,T003260,P01187,PR036,2,135.36
4013,T002688,P00446,PR036,5,1498.49
4014,T002837,P02713,,2,717.97
4015,T000792,P01239,PR040,9,2741.06
4016,T000792,P00229,PR019,9,2166.7
4017,T002588,P01057,PR036,9,2049.39
4018,T000642,P00201,PR028,6,2884.36
4019,T004154,P00123,PR018,10,146.5
4020,T000388,P02690,,6,2139.55
4021,T003960,P02979,PR010,5,1165.58
4022,T004207,P01736,PR027,6,2139.37
4023,T004701,P00742,PR049,4,1204.51
4024,T003463,P00518,PR023,7,1574.7
4025,T002487,P00276,PR040,4,856.37
4026,T004951,P00349,PR032,4,1835.99
4027,T004109,P02063,,10,4855.3
4028,T000815,P00687,PR015,4,836.57
4029,T004641,P02182,PR047,9,2603.35
4030,T004550,P02394,PR024,2,791.85
4031,T004784,P01815,,6,1218.81
4032,T004512,P02094,PR021,10,4879.88
4033,T000908,P02290,PR007,8,2899.26
4034,T002275,P02894,PR036,4,284.57
4035,T003818,P02466,,5,1451.84
4036,T001397,P00567,PR037,4,975.05
4037,T001768,P00934,PR037,3,847.96
4038,T002090,P01695,PR014,8,3047.58
4039,T001708,P01898,PR017,8,997.53
4040,T002809,P01845,PR045,7,2298.31
4041,T003337,P00150,PR014,10,677.8
4042,T000152,P00722,PR040,9,2944.45
4043,T001630,P00365,PR016,5,1663.14
4044,T000034,P00048,PR032,6,1529.5
4045,T004009,P02348,PR005,8,3001.03
4046,T003429,P00983,PR040,7,1538.84
4047,T003169,P00481,PR015,3,680.97
4048,T000636,P01749,PR013,8,3460.15
4049,T001455,P02926,PR043,5,669.46
4050,T000750,P01229,PR025,10,1666.45
4051,T002571,P02057,PR043,8,3997.44
4052,T003534,P02212,PR011,2,433.95
4053,T001567,P00740,PR005,8,3966.29
4054,T003414,P02235,PR038,9,116.57
4055,T002538,P00499,PR047,2,618.36
4056,T003304,P01626,PR043,9,1674.23
4057,T002677,P02343,PR014,3,1443.1
4058,T004619,P00783,PR032,10,2405.46
4059,T000060,P00932,PR037,6,1720.02
4060,T001256,P02502,PR012,9,3739.55
4061,T001710,P01211,PR025,2,980.1
4062,T004103,P00889,PR023,4,178.07
4063,T004511,P02229,PR019,3,932.62
4064,T004958,P01184,PR020,2,962.52
4065,T003523,P01154,PR019,3,1207.02
4066,T001504,P00283,PR037,2,887.67
4067,T000054,P01306,PR012,5,1293.88
4068,T002653,P02797,PR041,10,3272.59
4069,T004698,P01478,PR012,3,1063.49
4070,T000340,P00819,PR027,6,562.38
4071,T002960,P00949,PR006,6,2585.92
4072,T003544,P02783,PR039,10,1161.13
4073,T002010,P01275,PR025,7,2037.76
4074,T004615,P02225,PR049,3,347.64
4075,T003085,P01686,PR032,7,2863.44
4076,T000779,P02159,PR014,5,1877.55
4077,T004537,P01876,PR008,9,3911.56
4078,T001021,P02700,PR013,1,358.76
4079,T004827,P02339,PR050,2,289.85
4080,T001667,P00787,PR014,9,485.89
4081,T000466,P00464,PR016,10,616.89
4082,T001073,P01334,,3,245.91
4083,T000502,P00854,PR040,4,151.57
4084,T003882,P00537,PR020,10,1071.44
4085,T002495,P01366,PR003,3,1388.35
4086,T000809,P00163,PR030,10,3756.65
4087,T003381,P00103,,1,72.99
4088,T004654,P00890,,1,160.47
4089,T003798,P00607,PR037,2,911.7
4090,T002840,P00956,PR029,5,2054.59
4091,T002002,P02084,PR029,5,2187.42
4092,T000824,P01466,PR007,1,336.03
4093,T000626,P02180,PR047,2,778.26
4094,T003911,P00827,PR029,9,4100.12
4095,T003328,P01599,PR005,2,335.26
4096,T003523,P01879,PR047,2,797.38
4097,T002055,P00419,PR019,4,1880.08
4098,T003507,P00641,,1,28.63
4099,T004247,P02569,PR008,2,450.51
4100,T003351,P01613,PR044,3,1246.23
4101,T002734,P02682,PR020,4,1385.05
4102,T000664,P00217,PR003,1,57.1
4103,T004710,P00838,,10,1529.98
4104,T000971,P01581,PR044,9,3056.28
4105,T003604,P00125,PR013,2,105.82
4106,T003878,P00644,PR019,10,2150.59
4107,T001966,P02126,PR039,5,1822.81
4108,T004537,P02062,,8,1569.68
4109,T003977,P02382,PR031,2,673.75
4110,T003252,P01620,PR050,8,3593.14
4111,T000671,P01326,PR001,3,496.63
4112,T003300,P02580,PR045,5,2181.35
4113,T002798,P00069,PR001,6,1197.93
4114,T002227,P01761,PR031,10,738.12
4115,T000329,P02027,PR026,6,1641.17
4116,T003162,P00669,PR049,6,462.12
4117,T002243,P01658,PR031,3,475.88
4118,T004492,P01383,PR002,9,2203.35
4119,T002733,P02839,PR010,6,114.17
4120,T000843,P00409,PR014,5,2324.61
4121,T004621,P00646,PR046,2,470.87
4122,T001305,P02239,PR027,9,4192.17
4123,T003952,P02801,PR019,9,1867.68
4124,T003471,P00572,PR014,1,79.31
4125,T000036,P00411,,3,533.47
4126,T002968,P01355,PR023,9,339.59
4127,T004037,P01749,PR050,10,1002.2
4128,T000244,P02351,PR047,9,2799.86
4129,T001593,P01307,,9,3517.14
4130,T003810,P00048,PR040,7,1727.71
4131,T000363,P00974,PR012,8,1451.07
4132,T002087,P00120,PR031,3,670.14
4133,T002586,P02908,PR002,1,110.79
4134,T004659,P02836,PR043,3,1460.51
4135,T003517,P01533,PR010,2,472.06
4136,T003128,P02491,PR026,9,183.38
4137,T004381,P02209,PR022,7,3354.15
4138,T002879,P00830,PR004,9,549.03
4139,T004998,P01421,PR039,1,448.33
4140,T003190,P01438,,9,3780.02
4141,T003078,P00413,PR022,3,1254.64
4142,T002826,P02634,PR037,3,920.77
4143,T004120,P01323,,10,1459.64
4144,T001420,P00954,PR025,3,1448.41
4145,T000414,P02379,PR017,7,839.29
4146,T002865,P02664,PR024,6,2487.03
4147,T002991,P00839,,2,883.09
4148,T000131,P02090,PR007,9,1015.59
4149,T004453,P01783,PR037,9,3393.03
4150,T002067,P00461,PR006,10,2223.21
4151,T000737,P00194,,1,332.2
4152,T000108,P00736,PR050,7,1474.73
4153,T003818,P00478,PR041,1,482.09
4154,T003674,P01739,PR048,10,3027.73
4155,T001608,P01094,PR009,4,490.32
4156,T003027,P00339,PR016,9,2109.63
4157,T003242,P01531,PR035,4,195.73
4158,T000059,P02115,PR047,8,2688.58
4159,T000864,P01650,PR016,2,935.21
4160,T003779,P00745,PR025,2,113.8
4161,T003540,P01892,PR038,1,328.74
4162,T001211,P01525,PR011,5,1592.21
4163,T003073,P02546,PR050,2,180.34
4164,T003705,P01722,PR042,8,222.77
4165,T000568,P00662,PR047,3,620.01
4166,T004061,P00721,PR013,8,1792.07
4167,T004844,P01900,,10,2097.8
4168,T003969,P01189,PR018,1,394.37
4169,T002706,P01073,PR015,3,351.8
4170,T003792,P00212,PR035,2,522.77
4171,T003860,P02380,PR040,10,3662.17
4172,T002003,P02120,PR006,7,873.14
4173,T004634,P00134,PR028,5,1709
4174,T001041,P02793,,7,623.89
4175,T001885,P01896,PR025,10,1133.24
4176,T000036,P02622,PR009,8,1622.61
4177,T002006,P02005,,2,920.78
4178,T002256,P01604,PR043,2,336.86
4179,T004923,P00005,PR047,9,2600.97
4180,T003682,P00907,PR002,4,1469.27
4181,T001943,P00474,PR024,2,607.59
4182,T000011,P00208,PR018,7,398.35
4183,T003607,P02771,,6,942.41
4184,T004157,P00537,PR016,10,995.28
4185,T004834,P01739,PR004,1,186.53
4186,T000612,P02603,,6,196.4
4187,T002556,P00055,PR021,10,3717.84
4188,T001811,P01161,,9,3813.46
4189,T002715,P01295,PR017,10,4664.69
4190,T001583,P00532,PR011,7,1886.4
4191,T001156,P00724,PR041,2,683.45
4192,T002967,P01374,PR005,5,1260.21
4193,T000512,P00146,PR049,10,1169.48
4194,T003516,P00790,PR047,5,220.67
4195,T003227,P00887,PR018,10,2238
4196,T004506,P01935,PR002,7,2534.43
4197,T000349,P02562,PR005,9,3610.05
4198,T004016,P01653,PR038,5,2315.39
4199,T001386,P02173,PR010,4,329.3
4200,T001563,P02400,PR005,9,91.77
4201,T001064,P02902,PR039,7,175.06
4202,T004945,P02442,PR032,10,3126.32
4203,T002497,P01456,PR042,9,1951.68
4204,T000815,P00311,PR030,9,2153.24
4205,T002292,P01064,PR020,4,586.02
4206,T000358,P02196,PR001,1,12.26
4207,T004672,P00919,,1,349.96
4208,T001542,P00725,PR005,7,1938.32
4209,T004194,P01161,PR031,4,173.79
4210,T003980,P02494,PR047,4,1052.64
4211,T004196,P00498,PR015,3,990.06
4212,T000292,P02367,PR020,2,805.24
4213,T001207,P00213,PR034,1,323.1
4214,T001887,P02278,,4,1690.93
4215,T001558,P01613,PR029,10,108.76
4216,T000936,P02543,PR013,10,3914.55
4217,T002728,P02788,PR040,4,1031.6
4218,T002654,P01725,PR001,2,304.61
4219,T001488,P02650,,8,2814.48
4220,T003444,P00688,PR031,10,3515.88
4221,T004047,P02518,PR037,7,2326.44
4222,T002149,P02681,PR022,8,709.83
4223,T001516,P02316,PR034,7,522.83
4224,T004417,P01481,PR001,6,883.36
4225,T002716,P01705,PR015,7,1586.01
4226,T003503,P00292,,3,516.09
4227,T002334,P02820,,7,3186.29
4228,T001592,P02535,PR004,10,3315.12
4229,T003849,P00966,PR039,9,2505.29
4230,T002126,P00441,PR038,10,3183.4
4231,T004792,P00056,PR031,9,3514.53
4232,T003292,P01672,PR050,5,554.46
4233,T002318,P02625,PR027,7,638.34
4234,T000029,P01468,,5,1374.94
4235,T000736,P02200,,10,4658.74
4236,T003362,P00245,,3,1055.94
4237,T003854,P01164,PR020,3,170.14
4238,T001601,P00427,PR021,5,981.06
4239,T002424,P01035,PR011,10,1418.88
4240,T003500,P01353,PR039,1,481.76
4241,T001503,P01985,PR020,8,1967.75
4242,T002532,P01589,PR042,8,2975.77
4243,T002620,P02120,,3,834.41
4244,T001223,P01399,,6,2362.64
4245,T002606,P02840,,7,2081.27
4246,T002476,P02394,PR039,1,44.85
4247,T003032,P00280,PR035,5,727.2
4248,T003496,P00474,PR049,2,351.27
4249,T002512,P01331,PR009,3,1345.02
4250,T003677,P01868,PR046,2,434.23
4251,T000295,P01598,PR041,10,1878.36
4252,T002950,P01815,,5,1267.92
4253,T001561,P00211,PR013,8,1496.31
4254,T000038,P00831,PR005,6,1196.21
4255,T001741,P01648,PR033,7,1571.74
4256,T000429,P00050,PR028,10,3281.97
4257,T001559,P01785,PR037,7,2062.12
4258,T002672,P01943,PR030,5,2380.12
4259,T001043,P01860,PR006,10,2343.09
4260,T000280,P00991,PR021,5,141.26
4261,T004395,P01187,PR022,6,593.14
4262,T004568,P02537,PR007,10,872.26
4263,T003267,P01510,PR003,8,3118.5
4264,T001648,P01793,PR014,4,1116.24
4265,T003105,P00708,PR047,5,1910.64
4266,T000193,P00556,PR009,9,3799.12
4267,T003036,P01022,PR038,2,501.9
4268,T002765,P02541,PR045,3,236.34
4269,T002074,P00004,PR048,3,304.28
4270,T004973,P01268,PR015,3,920.98
4271,T002411,P02100,,3,936.45
4272,T002720,P00854,PR026,4,726.1
4273,T003730,P02653,PR029,6,2227.45
4274,T004613,P01692,PR017,2,904.84
4275,T001730,P01452,PR044,8,1538.82
4276,T002289,P01971,PR015,5,1244.4
4277,T000121,P01064,PR048,1,308.38
4278,T001009,P02372,PR029,9,2226.64
4279,T002572,P00308,PR018,1,157.8
4280,T003417,P01381,PR045,5,2353.54
4281,T003888,P00244,PR046,6,1715.93
4282,T001053,P01070,PR001,2,537.45
4283,T003811,P02907,PR008,7,2729.27
4284,T002139,P02058,PR009,6,1074.88
4285,T002804,P02286,PR023,8,1260.24
4286,T002111,P02398,,10,1758.44
4287,T004518,P01953,PR020,1,80.34
4288,T000862,P00684,PR013,2,425.72
4289,T003582,P02515,PR046,2,395.85
4290,T003034,P00926,PR029,5,655.05
4291,T004129,P01190,PR024,6,1146.84
4292,T003184,P01996,PR050,1,272.96
4293,T003237,P01211,,10,1051.2
4294,T001666,P01419,PR036,7,1029.28
4295,T002380,P00519,PR031,2,773.03
4296,T004853,P00558,PR028,4,572.79
4297,T003354,P00978,PR037,4,159.7
4298,T000387,P02193,PR031,5,1726.89
4299,T003977,P00163,PR035,3,1085.06
4300,T003632,P01963,PR044,1,171.71
4301,T001236,P00608,PR037,8,3759.55
4302,T003755,P02641,PR001,3,279.56
4303,T001466,P02667,PR013,6,1255.24
4304,T004681,P01660,,9,2817.35
4305,T003610,P00420,PR026,8,2557.67
4306,T002595,P01928,PR007,7,3308.31
4307,T003461,P01650,PR038,2,499.63
4308,T001028,P02245,PR044,6,585.24
4309,T001724,P00580,PR009,1,283.95
4310,T001782,P02749,PR019,4,904.56
4311,T003615,P02378,PR011,1,51.53
4312,T002652,P02495,PR006,6,1739.84
4313,T002080,P01207,PR030,9,2426.56
4314,T003499,P01679,PR010,5,2330.66
4315,T001077,P01980,PR018,4,474.09
4316,T001782,P00702,PR037,9,2095.17
4317,T003132,P02336,PR022,8,3360.7
4318,T002076,P00965,PR023,3,958.06
4319,T004854,P00889,,2,597.08
4320,T003602,P02173,PR002,7,1711.4
4321,T004601,P00476,PR012,7,3057.85
4322,T002877,P02112,PR015,5,925.68
4323,T000722,P01716,PR026,6,944.88
4324,T002901,P00679,PR013,10,4871.55
4325,T001379,P02230,PR004,6,2443.14
4326,T001888,P00211,PR013,2,390.39
4327,T003253,P02630,,7,2947.75
4328,T000219,P00749,PR042,9,1175.83
4329,T001209,P02238,PR036,7,3258.4
4330,T004780,P01043,PR008,10,4395.82
4331,T004841,P01598,PR037,7,1616.66
4332,T001836,P02910,PR027,4,721.14
4333,T000997,P00684,PR012,8,693.41
4334,T003613,P01739,PR043,8,2458.29
4335,T004653,P00925,PR020,2,318.64
4336,T001436,P01241,PR023,7,2562.98
4337,T002015,P01359,,4,1308.67
4338,T002148,P00027,PR018,7,3340.96
4339,T002473,P00917,PR018,6,1298.19
4340,T002856,P00406,PR012,9,610.51
4341,T000997,P00417,PR016,5,2389.34
4342,T002728,P00063,PR012,7,638.85
4343,T002579,P01897,PR014,7,736.14
4344,T001618,P02461,PR028,9,953.04
4345,T004538,P02568,PR005,10,3797.68
4346,T004536,P01495,PR006,1,76.06
4347,T000948,P00829,PR039,7,2943.35
4348,T004400,P00907,PR020,6,694.82
4349,T002431,P02584,PR018,5,2084.58
4350,T002104,P00066,PR026,9,555.63
4351,T004434,P01498,PR044,5,2070.03
4352,T004185,P00877,PR026,4,716.14
4353,T003869,P00632,PR019,1,41.67
4354,T001596,P00203,PR045,4,1217.8
4355,T003881,P01408,PR049,3,1314.06
4356,T004393,P02744,,9,4046.74
4357,T004907,P01914,PR038,2,179.34
4358,T004890,P02982,,3,139.49
4359,T004268,P01624,PR012,10,2252.33
4360,T003170,P00628,,4,568.4
4361,T004456,P00162,PR029,9,2088.11
4362,T000740,P01176,PR001,6,1015.8
4363,T001568,P00514,PR022,5,2079.34
4364,T004026,P00151,PR017,6,1334.69
4365,T002322,P02876,PR002,6,161.4
4366,T004708,P02541,PR023,10,3708.19
4367,T004624,P02938,PR015,6,2503.09
4368,T002167,P00254,PR018,9,2254.68
4369,T001592,P02027,PR020,7,3070.38
4370,T003901,P02193,PR027,3,1306.9
4371,T003795,P02501,,4,88.88
4372,T000808,P02719,PR020,7,3060.31
4373,T003800,P02910,PR027,3,1444.72
4374,T000578,P02332,PR008,4,1556.74
4375,T004172,P00406,PR025,10,618.82
4376,T001051,P00892,PR004,7,2916.85
4377,T004503,P00312,PR012,9,860.79
4378,T001489,P00105,PR026,8,1372.66
4379,T004831,P00707,PR044,3,590.59
4380,T002507,P00409,,4,1792.98
4381,T002948,P01650,PR012,2,215.22
4382,T004498,P02832,PR045,4,318.11
4383,T000874,P01036,PR010,9,2706.13
4384,T003005,P01830,PR003,2,81.46
4385,T002680,P00622,PR018,2,989.89
4386,T002029,P01431,PR020,8,3475.25
4387,T004568,P00119,PR021,8,258.29
4388,T004087,P02266,PR048,8,299.5
4389,T000547,P02497,PR015,5,986.04
4390,T001450,P01962,PR043,1,402.64
4391,T003153,P00838,PR001,5,586.74
4392,T003197,P02360,PR014,8,2718.71
4393,T003715,P00339,PR046,4,1284.78
4394,T001291,P00211,PR045,7,875.56
4395,T000998,P02205,PR023,10,2995.33
4396,T004711,P02498,PR031,1,344.7
4397,T002396,P01243,PR008,7,1038.48
4398,T000618,P02321,PR028,6,1853.92
4399,T001728,P01725,PR049,2,142.52
4400,T003190,P02593,PR008,9,412.58
4401,T002489,P00774,PR029,9,2724.53
4402,T004465,P02644,PR015,4,1644.53
4403,T004250,P01445,PR045,1,422.76
4404,T001708,P00921,PR009,3,1338.51
4405,T000185,P00727,,7,3350.18
4406,T000448,P01959,,2,627.75
4407,T004968,P00476,PR047,3,408.12
4408,T000408,P01277,PR036,4,588.01
4409,T003674,P01130,PR045,9,449.24
4410,T003806,P01380,,10,4658.39
4411,T004365,P01167,PR028,9,623.97
4412,T001873,P02785,PR009,4,94.97
4413,T002529,P01331,PR007,9,965.92
4414,T001358,P02914,PR035,5,713.36
4415,T004725,P02438,PR027,6,2816.52
4416,T001857,P00560,PR010,3,835.86
4417,T000766,P00724,PR035,9,2975.67
4418,T004486,P02704,PR011,3,1267.84
4419,T000267,P00381,PR024,8,147.98
4420,T003305,P01578,PR034,1,136.45
4421,T001534,P01809,PR037,9,402.74
4422,T004015,P01527,PR028,3,110.56
4423,T001680,P02579,PR045,3,1247.15
4424,T003101,P00052,,1,25.93
4425,T002540,P00370,,10,4044.01
4426,T001519,P01026,PR018,2,348.03
4427,T003819,P00052,PR027,5,1712.42
4428,T001951,P02498,PR025,4,892.07
4429,T002911,P01364,PR042,3,433.64
4430,T000691,P01434,PR040,8,2227.66
4431,T000607,P00690,PR032,8,1782.81
4432,T001653,P01903,PR049,3,694.02
4433,T003571,P01134,PR003,4,1539.74
4434,T004254,P00259,PR004,7,199.08
4435,T002194,P02537,PR012,4,1422.1
4436,T002531,P00434,PR042,10,3398.36
4437,T001698,P01849,,1,287.26
4438,T000058,P00056,PR013,10,4602.98
4439,T002042,P00061,PR018,5,1817.08
4440,T004969,P00509,PR002,10,4571.12
4441,T004524,P00516,PR025,5,2164.84
4442,T002015,P02039,,4,779.73
4443,T002534,P02455,PR031,8,580.99
4444,T004510,P01201,,1,364.88
4445,T004463,P00416,PR037,8,2402.2
4446,T003042,P00327,PR014,10,2641.18
4447,T002214,P01459,PR023,10,3500.57
4448,T002311,P00678,,2,831.12
4449,T002518,P02053,PR036,7,1127.69
4450,T003241,P01699,PR049,4,1692.38
4451,T003648,P02417,PR034,4,1068.47
4452,T001465,P02560,PR049,3,1330.64
4453,T000621,P02883,PR008,6,2082.36
4454,T004504,P02438,PR018,6,1439.17
4455,T001168,P01130,PR041,2,439.92
4456,T004974,P01181,PR047,9,3961.72
4457,T000125,P01525,PR025,3,567.23
4458,T003302,P00906,,5,1427.67
4459,T002194,P00831,,6,1356.91
4460,T000348,P00431,PR015,8,3342
4461,T002280,P00348,PR048,10,1782.58
4462,T004805,P00229,PR008,6,1213.69
4463,T003160,P00068,PR030,9,3315.6
4464,T004824,P00296,PR038,9,2046.48
4465,T002277,P01221,PR011,3,1051.86
4466,T003738,P02468,PR050,2,791.19
4467,T002449,P02534,PR025,3,1059.46
4468,T002112,P02122,PR038,5,2047.38
4469,T002924,P02377,PR046,7,1832.62
4470,T003011,P02769,PR045,2,204.42
4471,T003235,P02185,PR042,6,2927.58
4472,T000149,P02498,PR036,5,2010.93
4473,T002647,P00311,PR046,9,744.71
4474,T001928,P01854,PR036,9,3882.91
4475,T002749,P01140,PR013,3,752.29
4476,T001256,P02195,PR035,7,1159.72
4477,T002775,P00079,,3,415.58
4478,T001732,P00590,PR040,9,1544.24
4479,T002071,P00634,PR025,9,1830.1
4480,T001570,P00839,PR032,7,3388.09
4481,T002478,P01952,PR016,10,3146.78
4482,T004175,P00599,PR005,9,1248.15
4483,T001891,P00357,PR050,6,230.38
4484,T003057,P00864,,5,1357.55
4485,T003572,P01366,,9,1547.9
4486,T000736,P01986,,4,1903.4
4487,T004941,P01679,PR021,8,1869.47
4488,T001743,P01959,PR027,4,622.46
4489,T002873,P01158,PR031,1,338.42
4490,T001511,P01649,PR014,4,531.14
4491,T001233,P01274,PR028,2,51.18
4492,T003650,P00240,PR038,4,1193.12
4493,T003843,P01789,PR044,10,4937.3
4494,T000245,P00376,PR010,3,483.86
4495,T000337,P02221,PR043,10,1113.99
4496,T002052,P00258,PR026,3,1400.77
4497,T001954,P01856,PR022,8,1921.72
4498,T002065,P01289,PR041,6,1560.38
4499,T000479,P02126,PR046,4,554.98
4500,T003985,P00150,PR018,5,653.63
4501,T001832,P02128,,3,1321.15
4502,T000023,P02121,PR046,2,335.99
4503,T003981,P02006,PR049,2,886.47
4504,T001449,P01039,,4,418.15
4505,T001009,P00909,,8,733.48
4506,T002401,P01255,,8,3835.88
4507,T003534,P02684,PR043,1,255.55
4508,T000812,P00461,PR026,10,3818.38
4509,T003021,P02211,PR006,2,762.01
4510,T002108,P01792,,6,2127.15
4511,T002195,P02217,PR048,10,2293.15
4512,T004002,P01546,PR039,6,2728.69
4513,T003384,P00443,PR015,9,3444.96
4514,T002099,P02106,PR044,8,1474.18
4515,T001572,P00405,PR043,4,297.39
4516,T002857,P01348,PR019,9,1065.76
4517,T004993,P00492,PR046,10,743.23
4518,T004062,P02610,PR022,1,379.28
4519,T001648,P01681,PR049,10,1367.05
4520,T003608,P01461,PR045,1,491.49
4521,T004511,P00826,PR004,1,36.59
4522,T001048,P00543,PR035,6,1049.25
4523,T001734,P00440,PR044,3,365.73
4524,T004372,P01655,,4,1052.63
4525,T004537,P00481,PR047,5,1139.23
4526,T002659,P01615,PR008,7,1608.49
4527,T000640,P01368,,3,527.42
4528,T003321,P01764,,4,135.28
4529,T000693,P00737,PR038,10,447.2
4530,T001966,P00549,PR049,9,1557
4531,T003479,P00930,,6,2170.89
4532,T004792,P00691,PR038,7,3170.57
4533,T000422,P01522,PR019,4,1500.74
4534,T002049,P00569,PR003,2,774.85
4535,T000800,P02535,PR018,4,1637.65
4536,T000404,P01617,PR041,6,235.26
4537,T002067,P01408,PR045,7,2981.36
4538,T001546,P00650,PR015,9,3159.95
4539,T001250,P02097,,6,98.69
4540,T004789,P02409,PR034,7,2659.82
4541,T004049,P02983,PR022,9,4247.02
4542,T002284,P01850,PR035,7,96.64
4543,T001534,P02757,PR017,1,128.13
4544,T003865,P01889,PR026,4,1497.55
4545,T004345,P02284,PR023,1,388.36
4546,T000905,P01176,PR045,2,974.67
4547,T002017,P00881,PR015,3,507.7
4548,T001511,P00602,PR048,4,504.55
4549,T001324,P00888,PR012,6,2884.39
4550,T001704,P01495,PR033,6,2316.96
4551,T000982,P00631,PR020,3,949.45
4552,T002949,P02608,,10,2107.64
4553,T001516,P00750,PR031,3,344.57
4554,T002513,P02038,,4,152.1
4555,T003707,P00791,PR033,6,960.39
4556,T004943,P01475,PR025,2,139.54
4557,T001080,P02459,PR044,2,854.21
4558,T004379,P00946,PR034,3,652.21
4559,T000472,P01700,PR032,8,845.47
4560,T003516,P02369,PR006,10,3010.41
4561,T000764,P01916,PR044,5,1822.1
4562,T001234,P00658,PR025,7,2824.89
4563,T002684,P00259,PR010,8,3733.48
4564,T002107,P01051,PR012,10,2364.49
4565,T000970,P01578,PR004,7,1352.55
4566,T003874,P00272,PR020,10,2279.67
4567,T002670,P02860,PR025,9,386.94
4568,T003014,P00741,PR045,1,258.88
4569,T004227,P01681,PR043,2,480.23
4570,T004384,P00100,PR024,10,1679.4
4571,T002826,P01587,PR022,6,1200.42
4572,T002047,P00727,PR005,7,256.56
4573,T000112,P00167,PR026,7,671.94
4574,T004449,P02249,PR048,2,828.18
4575,T000309,P00051,,6,2797.78
4576,T001113,P01060,PR026,10,1512.94
4577,T000818,P01727,PR013,5,2455.17
4578,T003777,P02184,,4,403.76
4579,T001695,P01968,PR037,10,1471.92
4580,T003144,P02440,PR039,7,1079.14
4581,T002858,P00842,PR042,7,700.33
4582,T001037,P02539,,1,81.02
4583,T000180,P01730,PR041,10,4843.94
4584,T002042,P01024,PR015,7,1230.2
4585,T004648,P02288,PR043,4,384.35
4586,T004627,P00323,PR022,6,702.47
4587,T000004,P00542,PR018,8,1643.65
4588,T004581,P01262,,9,4045.63
4589,T003637,P01168,PR031,8,2150.41
4590,T001976,P00692,PR050,8,2467.06
4591,T002894,P01204,,4,355.85
4592,T000340,P01655,PR041,7,1154.89
4593,T004357,P00484,PR022,9,2520.78
4594,T001556,P01787,PR013,10,3095.14
4595,T000508,P02873,PR047,2,975.75
4596,T003679,P02305,PR014,1,78.09
4597,T002744,P00892,PR035,5,1674.67
4598,T003444,P00880,,6,1124.09
4599,T001379,P01343,PR032,8,2713.62
4600,T003010,P02333,PR016,9,3825.04
4601,T002072,P01115,,7,764.63
4602,T000793,P02169,,1,389.97
4603,T003325,P02601,PR013,6,422.08
4604,T004111,P00910,PR030,3,456.15
4605,T001915,P01186,PR049,10,4053.52
4606,T003060,P00595,,1,336.33
4607,T001927,P01586,PR015,3,1438.65
4608,T000784,P00109,PR011,3,1352.75
4609,T003249,P00369,PR024,6,808.21
4610,T000284,P01917,,7,1267.85
4611,T002707,P00011,PR049,8,3984.86
4612,T001956,P02213,PR015,6,1805.77
4613,T000576,P02376,PR008,3,565.49
4614,T002232,P01467,PR016,2,452.06
4615,T001098,P01294,PR024,3,1230.63
4616,T002953,P01333,,7,2627.13
4617,T002052,P02081,PR028,9,3186.06
4618,T000771,P02474,PR007,3,1468.63
4619,T004080,P02189,PR037,4,1545.34
4620,T000380,P02335,,6,748.83
4621,T000292,P02021,PR002,2,66.74
4622,T001528,P02357,PR037,2,138.31
4623,T004946,P02008,PR029,8,3951.7
4624,T004950,P02095,PR041,4,282.23
4625,T000298,P01207,PR036,5,885.1
4626,T002864,P00755,PR021,7,214.8
4627,T001932,P02676,PR018,3,203.65
4628,T003963,P00574,,6,871.85
4629,T002623,P02610,PR037,10,1072.5
4630,T003298,P00214,PR016,1,135.77
4631,T004550,P01215,PR004,8,571.98
4632,T004723,P01201,PR034,10,1021.47
4633,T001154,P01318,PR028,10,662.47
4634,T001417,P01951,,9,2111.14
4635,T000484,P00264,PR026,4,1911.75
4636,T004157,P01401,PR006,10,4533.7
4637,T001433,P02394,PR010,4,1565.99
4638,T004417,P02663,,3,1231.6
4639,T000600,P00673,PR048,6,2302.05
4640,T003266,P02266,PR027,3,708.75
4641,T001795,P01750,PR012,3,274.17
4642,T001651,P02607,PR026,8,2385.98
4643,T003584,P00551,PR003,8,1114.83
4644,T001086,P01240,PR033,7,3299.8
4645,T000311,P02800,PR016,7,2181.95
4646,T004563,P02365,PR022,9,3857.88
4647,T001211,P01577,,4,801.66
4648,T004611,P01568,PR022,2,584.96
4649,T003798,P02996,PR019,3,427.2
4650,T003026,P00612,PR038,6,2606.75
4651,T004237,P01112,PR038,8,2718.04
4652,T001271,P02315,PR007,9,107.04
4653,T001946,P00744,PR041,3,905.72
4654,T002153,P02552,,4,1336.24
4655,T002549,P01256,PR002,4,1775.14
4656,T003306,P01335,PR024,4,98.99
4657,T000379,P02898,PR014,2,101.22
4658,T001590,P02464,PR043,1,459.53
4659,T004412,P01082,PR008,5,819.19
4660,T001235,P00207,PR009,1,218.66
4661,T003317,P01293,PR028,5,2390.08
4662,T001324,P00194,PR048,1,208.79
4663,T004398,P02390,PR040,7,1800.21
4664,T004552,P00248,PR022,2,76.9
4665,T001838,P01783,PR009,4,289.97
4666,T004775,P01561,PR040,10,2407.64
4667,T001626,P00154,PR023,2,630.32
4668,T004523,P01322,PR023,1,191.5
4669,T001292,P02989,PR044,1,43.27
4670,T004347,P00054,PR015,9,1213.14
4671,T001956,P00774,,6,2812.18
4672,T000822,P02948,PR009,4,421.85
4673,T000518,P00195,PR022,2,113.68
4674,T000073,P02985,PR029,6,2280.02
4675,T003382,P01830,PR045,4,188.68
4676,T001366,P00173,PR004,7,2032.03
4677,T004918,P01850,PR031,6,2935.34
4678,T003344,P00948,PR002,9,678.1
4679,T003197,P01981,PR038,4,54.03
4680,T004558,P01855,PR040,6,2094.11
4681,T004083,P00045,PR025,3,1051.05
4682,T002131,P02172,,1,357.59
4683,T003771,P02402,PR030,6,712.39
4684,T002684,P02132,PR003,4,1331.38
4685,T001095,P00844,PR032,9,166.52
4686,T002513,P02391,PR038,9,1617.84
4687,T001760,P02107,PR009,2,967.93
4688,T002335,P01809,PR045,4,572.81
4689,T002619,P02033,PR050,1,331.53
4690,T002838,P00545,,2,338.28
4691,T003818,P00578,PR042,7,1710.87
4692,T001744,P01698,PR013,4,175.64
4693,T000407,P00958,PR002,3,460.95
4694,T002712,P01331,PR006,9,1317.18
4695,T001227,P00114,PR018,3,1179.89
4696,T002350,P00891,PR045,3,1405.38
4697,T000738,P00043,,7,1107.28
4698,T002286,P02339,,5,517.18
4699,T001215,P02729,PR002,2,623.05
4700,T004517,P00248,PR040,6,2810.7
4701,T001262,P00988,PR017,2,351.76
4702,T002652,P01689,,8,3034.1
4703,T002078,P02596,PR032,7,535.91
4704,T000713,P00941,,6,1249.7
4705,T003684,P01347,PR036,4,1941.87
4706,T002383,P01595,PR016,10,4189.18
4707,T003098,P02887,PR007,4,1885.11
4708,T004720,P02816,PR035,1,176.9
4709,T002381,P00617,PR027,8,2361.32
4710,T002959,P00754,PR020,1,101.59
4711,T001316,P00640,,8,2382.39
4712,T004157,P00195,PR037,1,294.28
4713,T001780,P02964,PR040,10,3689.51
4714,T002454,P02925,PR035,7,1545.15
4715,T000552,P02150,PR041,4,1659.43
4716,T002130,P02998,PR032,3,1258.73
4717,T003754,P02274,PR019,4,1715.58
4718,T000407,P02171,PR003,5,1781.11
4719,T003468,P00097,PR019,7,3404.32
4720,T000253,P02902,PR041,10,3472.33
4721,T001672,P01516,PR006,1,172.83
4722,T002081,P02545,,4,754.02
4723,T002506,P02912,PR020,9,3117.69
4724,T002808,P00245,PR001,7,1476.5
4725,T001369,P00561,,10,4656.6
4726,T000142,P01957,PR024,3,55.6
4727,T002928,P00268,PR006,3,473.44
4728,T002885,P00421,PR005,1,394.04
4729,T001193,P01890,PR026,2,784.73
4730,T002114,P01181,PR031,9,1692.48
4731,T004099,P00245,PR044,8,1750.55
4732,T002336,P02134,PR045,4,1762.17
4733,T002530,P01391,PR022,6,2301.55
4734,T003939,P00287,PR027,4,53.63
4735,T003026,P01713,PR017,5,1998.01
4736,T003692,P02830,PR045,2,342.61
4737,T001706,P02559,PR046,5,546.01
4738,T000036,P02308,PR044,5,611.09
4739,T000457,P01477,PR034,5,457.99
4740,T000131,P00053,PR050,3,1068.8
4741,T001585,P02153,PR008,1,167.28
4742,T004664,P01355,PR041,8,223.87
4743,T001805,P02022,PR050,3,584.39
4744,T004833,P02566,,10,4357.41
4745,T004324,P02831,PR002,7,84.77
4746,T000335,P02311,PR020,9,3730.17
4747,T000475,P01011,PR004,9,357.03
4748,T002678,P01573,,2,740.29
4749,T000316,P00374,PR020,2,315.19
4750,T002654,P01360,PR032,2,744.23
4751,T001059,P01218,PR014,3,34.65
4752,T002613,P00558,PR006,10,1044.67
4753,T004731,P00468,PR014,10,656.34
4754,T001497,P00815,PR029,2,736.63
4755,T001676,P02689,PR045,6,1164.11
4756,T000999,P01881,PR023,9,3995.6
4757,T002935,P00144,PR014,6,2207.88
4758,T001824,P02736,PR009,8,2926.76
4759,T003321,P01160,,8,195.37
4760,T002304,P02846,PR033,10,3996.87
4761,T000127,P00399,,2,668.42
4762,T002628,P02295,PR039,9,1459.89
4763,T000832,P02749,,10,2625.93
4764,T002554,P02513,PR015,6,2293.86
4765,T003277,P00458,PR050,7,1949.8
4766,T000201,P00604,PR046,7,3317.53
4767,T004929,P01640,PR019,6,2692.53
4768,T003204,P02871,PR026,10,1093.27
4769,T000960,P00489,PR020,1,301.18
4770,T004043,P02397,PR046,4,231.94
4771,T004880,P01344,PR006,6,151.5
4772,T004360,P01682,,4,1728.19
4773,T001555,P01503,PR045,5,1148.55
4774,T003028,P02997,PR023,8,3221.27
4775,T004810,P02192,PR047,10,3420.35
4776,T002664,P00721,PR023,1,369.79
4777,T000197,P02043,PR041,7,413.23
4778,T004604,P02705,PR017,10,4904.24
4779,T004367,P00625,PR036,3,769.73
4780,T003214,P01909,PR003,6,1284.22
4781,T003381,P02945,PR035,10,3889.74
4782,T002992,P01723,PR050,2,416.71
4783,T003725,P02770,PR049,7,3209.29
4784,T001931,P01202,PR028,9,2079.58
4785,T001660,P01469,PR018,8,979.82
4786,T002236,P00157,PR010,1,408.8
4787,T001600,P01623,PR048,2,33.31
4788,T000640,P00211,PR041,7,2165.17
4789,T004141,P00414,PR048,8,3983.21
4790,T000830,P01004,PR037,9,3963.94
4791,T000628,P02899,PR025,2,54.96
4792,T004328,P01691,PR010,10,2592.19
4793,T002088,P00951,PR003,6,1824.61
4794,T002075,P01687,PR050,9,3265.31
4795,T000305,P01751,,10,2780.79
4796,T000671,P01266,PR050,8,3551.95
4797,T003220,P02118,PR040,2,978.06
4798,T003164,P00504,PR029,6,1345.84
4799,T002349,P02751,,1,50.03
4800,T002605,P00492,PR014,3,606.73
4801,T003973,P00737,PR047,6,2992.47
4802,T001125,P01484,PR011,7,2352.2
4803,T003146,P02658,PR015,3,361.12
4804,T001463,P01065,,8,1969.58
4805,T002410,P00587,PR016,3,413.47
4806,T000452,P00654,PR045,8,3891.51
4807,T000937,P02675,PR010,9,4062.05
4808,T000725,P02428,PR047,6,1766.24
4809,T004081,P01548,PR004,6,607.42
4810,T003438,P00663,,6,445.38
4811,T004841,P01322,PR011,3,1386.05
4812,T003249,P00806,PR008,3,889.3
4813,T002323,P01114,PR002,4,207.6
4814,T001510,P01798,,3,214.77
4815,T000119,P01025,PR028,8,2983.53
4816,T002809,P01998,PR023,7,685.97
4817,T002470,P02419,,10,3580.46
4818,T004635,P01312,PR026,7,1842.95
4819,T003810,P01410,PR033,8,2892.89
4820,T002770,P02863,PR013,4,259.96
4821,T002683,P01940,PR024,9,2733.08
4822,T003378,P00403,PR017,3,94.15
4823,T003335,P02719,PR040,6,182.18
4824,T002575,P01278,,4,1036.83
4825,T003294,P02206,PR030,5,1667.2
4826,T002368,P02958,PR039,5,1494.38
4827,T003165,P00936,PR008,4,252.74
4828,T002089,P00492,,5,612.82
4829,T001350,P01992,PR009,6,1705.96
4830,T003737,P01409,PR024,2,938.45
4831,T001473,P02476,PR008,2,643.96
4832,T000145,P02865,PR035,3,1115.34
4833,T001676,P02316,,1,452.82
4834,T004516,P00913,PR026,3,180.77
4835,T001748,P00673,PR047,10,2563.73
4836,T002626,P01378,PR023,7,1664.23
4837,T004547,P00369,PR010,9,2416.35
4838,T001726,P00435,,1,422.47
4839,T002237,P01280,PR021,10,2489.42
4840,T002513,P01433,PR013,8,288.27
4841,T002881,P02661,,10,2822.8
4842,T000242,P01479,PR040,7,2116.51
4843,T000110,P02132,PR022,9,1287.47
4844,T002392,P02857,PR042,7,1881.87
4845,T003804,P00168,,10,3130.16
4846,T004316,P02009,PR003,2,247.8
4847,T004738,P02082,PR010,1,12.32
4848,T001750,P01828,PR004,3,189
4849,T000272,P01586,,7,2044.61
4850,T002428,P00723,PR015,9,3445.63
4851,T003365,P02334,PR007,7,116.01
4852,T004896,P00526,PR040,10,422.39
4853,T002730,P01790,,9,2468.99
4854,T003994,P00929,,8,1617.4
4855,T004657,P00290,PR050,2,238.59
4856,T002417,P00565,PR010,1,414.3
4857,T000113,P02540,PR048,4,191.48
4858,T001781,P01270,PR040,3,994.09
4859,T003696,P01487,PR018,4,483.61
4860,T001630,P02730,PR024,10,2293.21
4861,T004911,P02711,PR029,10,3567.7
4862,T001496,P02224,PR028,8,2639.52
4863,T004060,P01212,PR009,6,2984.88
4864,T003518,P00971,,5,637.36
4865,T004900,P01213,PR024,1,357.96
4866,T003370,P00831,PR043,10,2042.38
4867,T002566,P00004,PR039,5,1982.22
4868,T001658,P02475,PR033,10,144.83
4869,T004049,P01509,PR039,6,97.97
4870,T000696,P02528,PR027,2,190.42
4871,T002722,P02741,PR041,2,653.94
4872,T002747,P00460,PR046,9,350.82
4873,T001284,P01322,PR023,5,2188.26
4874,T004571,P02439,PR026,1,278.38
4875,T002222,P01553,,4,303.89
4876,T000450,P00443,PR006,8,3686.86
4877,T002395,P00293,PR007,5,1799.37
4878,T000513,P02728,PR003,5,648.86
4879,T001067,P00504,PR016,2,643.96
4880,T004507,P02107,PR046,9,634.46
4881,T000276,P01955,PR024,8,2925.53
4882,T001615,P00912,PR034,8,1106.98
4883,T002163,P02544,PR038,4,554.38
4884,T004278,P00029,,8,2498.37
4885,T000006,P00014,,5,1266.86
4886,T001422,P01860,PR030,7,2074.6
4887,T000716,P02062,PR001,7,1800.25
4888,T004609,P00822,,5,1417.7
4889,T002548,P01447,,4,988.51
4890,T004536,P02062,PR015,8,515.2
4891,T004736,P00135,PR030,3,597.44
4892,T001132,P01942,PR048,10,3589.95
4893,T000340,P02602,PR042,3,1405.33
4894,T002765,P00697,PR013,1,107.44
4895,T004392,P00104,PR036,8,2302.94
4896,T004407,P01779,PR018,10,452.11
4897,T002765,P02645,PR025,1,436.62
4898,T001613,P02403,PR017,4,1745.99
4899,T001089,P01849,PR039,2,801.04
4900,T001779,P00475,PR016,1,140.52
4901,T003347,P00475,PR035,9,4260.62
4902,T002712,P02562,PR047,7,2366.57
4903,T001331,P02873,PR041,4,1586.93
4904,T004388,P01720,PR045,1,75.98
4905,T004231,P00621,PR025,5,2158.91
4906,T003754,P00541,PR038,10,4975.58
4907,T002954,P00294,PR044,1,346.91
4908,T003865,P01201,,5,2203.83
4909,T002557,P02659,PR028,2,265.51
4910,T004490,P00941,PR016,4,182.97
4911,T002766,P01553,PR035,10,4892.12
4912,T000390,P02915,PR028,7,390.09
4913,T001183,P00077,PR030,6,869.42
4914,T002153,P02013,PR004,3,1069.65
4915,T002883,P00799,PR046,3,1425.76
4916,T000120,P02984,PR034,6,619.92
4917,T001688,P02831,PR032,6,1494.78
4918,T002299,P01778,PR034,2,824.57
4919,T002194,P00674,PR050,5,483.1
4920,T003705,P01150,PR008,8,3682.6
4921,T000935,P01395,,6,2201.88
4922,T003706,P02156,PR009,3,320.7
4923,T003126,P00556,PR006,2,925.4
4924,T000974,P02707,PR022,2,329.37
4925,T000367,P00642,PR012,6,367.85
4926,T004334,P02860,PR007,6,1240.78
4927,T001017,P01042,PR017,4,1100.6
4928,T001850,P00798,PR024,5,2420.05
4929,T000360,P00264,PR025,9,2406.82
4930,T001364,P02912,PR025,6,2932.46
4931,T004878,P01803,PR011,9,3236.91
4932,T001896,P00985,PR043,10,1879.05
4933,T004144,P00150,PR006,5,2088.31
4934,T000949,P02329,PR022,6,2181.7
4935,T003738,P01784,PR036,5,730.15
4936,T003270,P01417,PR008,4,1372.36
4937,T003078,P02675,PR037,10,3880.42
4938,T000693,P02900,PR032,4,1955.01
4939,T001515,P02727,PR029,3,1084.63
4940,T001339,P00872,,2,977.37
4941,T004549,P00020,,6,302.14
4942,T003874,P02150,PR030,7,2299.03
4943,T000586,P02553,PR006,3,1184.97
4944,T000406,P01308,PR049,9,412.93
4945,T004362,P02542,PR037,4,1162.45
4946,T004553,P01097,PR043,8,1399.26
4947,T001366,P02176,PR043,2,966.58
4948,T002948,P00554,PR023,3,701.68
4949,T002914,P01043,PR029,3,437.72
4950,T004124,P00124,PR023,4,1191.92
4951,T000219,P01255,PR028,8,3966.51
4952,T002029,P01298,PR048,1,237.57
4953,T001659,P02903,PR045,8,3332.36
4954,T004927,P00496,PR042,5,701.37
4955,T002299,P02715,PR048,7,2121.89
4956,T002718,P01747,PR044,9,3636.25
4957,T003024,P01939,,6,2178.73
4958,T003320,P01819,PR040,2,496.63
4959,T002910,P00732,,4,1602.76
4960,T004561,P02611,,6,2234.48
4961,T001225,P02416,,6,623.19
4962,T002886,P02345,PR045,7,2681.95
4963,T003682,P02440,PR022,1,270.76
4964,T003360,P00864,PR032,10,1258.83
4965,T002782,P00950,PR005,2,498.89
4966,T002362,P00107,,10,1304.55
4967,T004255,P01421,PR003,8,2487.6
4968,T000805,P01388,PR033,2,430.02
4969,T004809,P00059,PR036,2,178.16
4970,T002551,P01966,PR038,5,2370.95
4971,T000470,P01436,PR017,3,63.51
4972,T003282,P02335,,1,403.31
4973,T001343,P01651,PR040,1,59.44
4974,T000769,P00092,PR019,3,1346.29
4975,T001448,P00308,PR009,9,2545.15
4976,T000957,P02354,PR040,6,2841.89
4977,T003611,P02646,,8,1235.93
4978,T001227,P01723,PR025,3,416.29
4979,T000021,P01617,PR010,10,2883.39
4980,T002906,P01742,PR031,3,1124.31
4981,T001821,P02034,PR015,4,405.03
4982,T000284,P00933,PR050,4,1027.9
4983,T004309,P00190,PR017,9,1245.62
4984,T002126,P02488,PR036,6,1784.46
4985,T001023,P01358,PR032,8,2838.14
4986,T002266,P02848,PR001,8,732.09
4987,T002586,P02023,PR046,7,3032.93
4988,T004863,P02329,PR002,8,645.99
4989,T002325,P02553,PR049,8,826.06
4990,T003611,P01236,PR038,4,923.99
4991,T003094,P00720,PR014,6,1755.05
4992,T001477,P00463,,7,368.73
4993,T001841,P01067,PR033,6,521.07
4994,T000556,P02386,PR049,1,270.89
4995,T003932,P00654,PR033,6,704.78
4996,T003977,P00593,PR045,1,413.5
4997,T000135,P02549,PR007,3,1221.17
4998,T001789,P01839,PR009,6,1570.26
4999,T001707,P00463,PR033,9,2205.57
5000,T001811,P00538,PR036,6,2781.91
